review_priority,stable_id,image_id,image_name,instance_index,vertex_count,area_ratio,signals,likely_issue,decision_required,human_decision
P3,image-0000-instance-001,0,20260729_092432(0).jpg,1,4,0.00368756,UNVERIFIED_HUMAN_ANNOTATION,"Bu insan çizimi polygon, görünür ön yüz kurallarına göre henüz doğrulanmadı.","Ön yüz kapsamını, yan yüzlerin dışarıda kalmasını, gölge/örtüşme sınırını ve çizim hassasiyetini kontrol edip insan kararını kaydedin.",
P2,image-0000-instance-002,0,20260729_092432(0).jpg,2,5,0.00249664,MULTISIDED_VISIBLE_REGION_REVIEW|UNVERIFIED_HUMAN_ANNOTATION,Şekil veya görüntü sınırında kesilme fiziksel olarak yorumlanmalı; köşe sayısı tek başına hata değildir.,"Polygonun yalnızca görünen ön yüzü izlediğini, örtücü nesnede/görüntü kenarında durduğunu ve gizli geometri uydurmadığını doğrulayın.",
P2,image-0000-instance-003,0,20260729_092432(0).jpg,3,6,0.00517282,CONCAVE_VISIBLE_REGION_REVIEW|MULTISIDED_VISIBLE_REGION_REVIEW|UNVERIFIED_HUMAN_ANNOTATION,Şekil veya görüntü sınırında kesilme fiziksel olarak yorumlanmalı; köşe sayısı tek başına hata değildir.,"Polygonun yalnızca görünen ön yüzü izlediğini, örtücü nesnede/görüntü kenarında durduğunu ve gizli geometri uydurmadığını doğrulayın.",
P3,image-0000-instance-004,0,20260729_092432(0).jpg,4,4,0.00656566,UNVERIFIED_HUMAN_ANNOTATION,"Bu insan çizimi polygon, görünür ön yüz kurallarına göre henüz doğrulanmadı.","Ön yüz kapsamını, yan yüzlerin dışarıda kalmasını, gölge/örtüşme sınırını ve çizim hassasiyetini kontrol edip insan kararını kaydedin.",
P3,image-0000-instance-005,0,20260729_092432(0).jpg,5,4,0.00416847,UNVERIFIED_HUMAN_ANNOTATION,"Bu insan çizimi polygon, görünür ön yüz kurallarına göre henüz doğrulanmadı.","Ön yüz kapsamını, yan yüzlerin dışarıda kalmasını, gölge/örtüşme sınırını ve çizim hassasiyetini kontrol edip insan kararını kaydedin.",
P3,image-0000-instance-006,0,20260729_092432(0).jpg,6,4,0.00345044,UNVERIFIED_HUMAN_ANNOTATION,"Bu insan çizimi polygon, görünür ön yüz kurallarına göre henüz doğrulanmadı.","Ön yüz kapsamını, yan yüzlerin dışarıda kalmasını, gölge/örtüşme sınırını ve çizim hassasiyetini kontrol edip insan kararını kaydedin.",
P3,image-0000-instance-007,0,20260729_092432(0).jpg,7,4,0.00483871,UNVERIFIED_HUMAN_ANNOTATION,"Bu insan çizimi polygon, görünür ön yüz kurallarına göre henüz doğrulanmadı.","Ön yüz kapsamını, yan yüzlerin dışarıda kalmasını, gölge/örtüşme sınırını ve çizim hassasiyetini kontrol edip insan kararını kaydedin.",
P2,image-0000-instance-008,0,20260729_092432(0).jpg,8,5,0.00179884,CONCAVE_VISIBLE_REGION_REVIEW|MULTISIDED_VISIBLE_REGION_REVIEW|UNVERIFIED_HUMAN_ANNOTATION,Şekil veya görüntü sınırında kesilme fiziksel olarak yorumlanmalı; köşe sayısı tek başına hata değildir.,"Polygonun yalnızca görünen ön yüzü izlediğini, örtücü nesnede/görüntü kenarında durduğunu ve gizli geometri uydurmadığını doğrulayın.",
P3,image-0000-instance-009,0,20260729_092432(0).jpg,9,4,0.00554460,UNVERIFIED_HUMAN_ANNOTATION,"Bu insan çizimi polygon, görünür ön yüz kurallarına göre henüz doğrulanmadı.","Ön yüz kapsamını, yan yüzlerin dışarıda kalmasını, gölge/örtüşme sınırını ve çizim hassasiyetini kontrol edip insan kararını kaydedin.",
P2,image-0000-instance-010,0,20260729_092432(0).jpg,10,5,0.00272889,CONCAVE_VISIBLE_REGION_REVIEW|MULTISIDED_VISIBLE_REGION_REVIEW|UNVERIFIED_HUMAN_ANNOTATION,Şekil veya görüntü sınırında kesilme fiziksel olarak yorumlanmalı; köşe sayısı tek başına hata değildir.,"Polygonun yalnızca görünen ön yüzü izlediğini, örtücü nesnede/görüntü kenarında durduğunu ve gizli geometri uydurmadığını doğrulayın.",
P3,image-0000-instance-011,0,20260729_092432(0).jpg,11,4,0.00527614,UNVERIFIED_HUMAN_ANNOTATION,"Bu insan çizimi polygon, görünür ön yüz kurallarına göre henüz doğrulanmadı.","Ön yüz kapsamını, yan yüzlerin dışarıda kalmasını, gölge/örtüşme sınırını ve çizim hassasiyetini kontrol edip insan kararını kaydedin.",
P3,image-0000-instance-012,0,20260729_092432(0).jpg,12,4,0.00683368,UNVERIFIED_HUMAN_ANNOTATION,"Bu insan çizimi polygon, görünür ön yüz kurallarına göre henüz doğrulanmadı.","Ön yüz kapsamını, yan yüzlerin dışarıda kalmasını, gölge/örtüşme sınırını ve çizim hassasiyetini kontrol edip insan kararını kaydedin.",
P3,image-0000-instance-013,0,20260729_092432(0).jpg,13,4,0.00573026,UNVERIFIED_HUMAN_ANNOTATION,"Bu insan çizimi polygon, görünür ön yüz kurallarına göre henüz doğrulanmadı.","Ön yüz kapsamını, yan yüzlerin dışarıda kalmasını, gölge/örtüşme sınırını ve çizim hassasiyetini kontrol edip insan kararını kaydedin.",
P2,image-0000-instance-014,0,20260729_092432(0).jpg,14,6,0.00513136,CONCAVE_VISIBLE_REGION_REVIEW|MULTISIDED_VISIBLE_REGION_REVIEW|UNVERIFIED_HUMAN_ANNOTATION,Şekil veya görüntü sınırında kesilme fiziksel olarak yorumlanmalı; köşe sayısı tek başına hata değildir.,"Polygonun yalnızca görünen ön yüzü izlediğini, örtücü nesnede/görüntü kenarında durduğunu ve gizli geometri uydurmadığını doğrulayın.",
P3,image-0000-instance-015,0,20260729_092432(0).jpg,15,4,0.00519678,UNVERIFIED_HUMAN_ANNOTATION,"Bu insan çizimi polygon, görünür ön yüz kurallarına göre henüz doğrulanmadı.","Ön yüz kapsamını, yan yüzlerin dışarıda kalmasını, gölge/örtüşme sınırını ve çizim hassasiyetini kontrol edip insan kararını kaydedin.",
P2,image-0000-instance-016,0,20260729_092432(0).jpg,16,6,0.00234404,CONCAVE_VISIBLE_REGION_REVIEW|MULTISIDED_VISIBLE_REGION_REVIEW|UNVERIFIED_HUMAN_ANNOTATION,Şekil veya görüntü sınırında kesilme fiziksel olarak yorumlanmalı; köşe sayısı tek başına hata değildir.,"Polygonun yalnızca görünen ön yüzü izlediğini, örtücü nesnede/görüntü kenarında durduğunu ve gizli geometri uydurmadığını doğrulayın.",
P2,image-0000-instance-017,0,20260729_092432(0).jpg,17,4,0.00173936,FRAME_BOUNDARY_TRUNCATION_REVIEW|UNVERIFIED_HUMAN_ANNOTATION,Şekil veya görüntü sınırında kesilme fiziksel olarak yorumlanmalı; köşe sayısı tek başına hata değildir.,"Polygonun yalnızca görünen ön yüzü izlediğini, örtücü nesnede/görüntü kenarında durduğunu ve gizli geometri uydurmadığını doğrulayın.",
P2,image-0000-instance-018,0,20260729_092432(0).jpg,18,5,0.00143631,FRAME_BOUNDARY_TRUNCATION_REVIEW|MULTISIDED_VISIBLE_REGION_REVIEW|UNVERIFIED_HUMAN_ANNOTATION,Şekil veya görüntü sınırında kesilme fiziksel olarak yorumlanmalı; köşe sayısı tek başına hata değildir.,"Polygonun yalnızca görünen ön yüzü izlediğini, örtücü nesnede/görüntü kenarında durduğunu ve gizli geometri uydurmadığını doğrulayın.",
P2,image-0000-instance-019,0,20260729_092432(0).jpg,19,6,0.00271411,CONCAVE_VISIBLE_REGION_REVIEW|MULTISIDED_VISIBLE_REGION_REVIEW|UNVERIFIED_HUMAN_ANNOTATION,Şekil veya görüntü sınırında kesilme fiziksel olarak yorumlanmalı; köşe sayısı tek başına hata değildir.,"Polygonun yalnızca görünen ön yüzü izlediğini, örtücü nesnede/görüntü kenarında durduğunu ve gizli geometri uydurmadığını doğrulayın.",
P2,image-0000-instance-020,0,20260729_092432(0).jpg,20,6,0.00285794,CONCAVE_VISIBLE_REGION_REVIEW|MULTISIDED_VISIBLE_REGION_REVIEW|UNVERIFIED_HUMAN_ANNOTATION,Şekil veya görüntü sınırında kesilme fiziksel olarak yorumlanmalı; köşe sayısı tek başına hata değildir.,"Polygonun yalnızca görünen ön yüzü izlediğini, örtücü nesnede/görüntü kenarında durduğunu ve gizli geometri uydurmadığını doğrulayın.",
P3,image-0000-instance-021,0,20260729_092432(0).jpg,21,4,0.00281821,UNVERIFIED_HUMAN_ANNOTATION,"Bu insan çizimi polygon, görünür ön yüz kurallarına göre henüz doğrulanmadı.","Ön yüz kapsamını, yan yüzlerin dışarıda kalmasını, gölge/örtüşme sınırını ve çizim hassasiyetini kontrol edip insan kararını kaydedin.",
P1,image-0000-instance-022,0,20260729_092432(0).jpg,22,5,0.00329446,DUPLICATE_VERTEX|MULTISIDED_VISIBLE_REGION_REVIEW|SELF_INTERSECTION|UNVERIFIED_HUMAN_ANNOTATION,Polygon yapısında geçerlilik uyarısı var; gerçek bir etiketleme hatası olabilir.,Noktaları CVAT'ta inceleyin. Görünen fiziksel sınırı koruyarak tekrarlanan veya kesişen hatalı noktaları düzeltin.,
P2,image-0001-instance-001,1,20260729_092434.jpg,1,6,0.00530144,CONCAVE_VISIBLE_REGION_REVIEW|MULTISIDED_VISIBLE_REGION_REVIEW|UNVERIFIED_HUMAN_ANNOTATION,Şekil veya görüntü sınırında kesilme fiziksel olarak yorumlanmalı; köşe sayısı tek başına hata değildir.,"Polygonun yalnızca görünen ön yüzü izlediğini, örtücü nesnede/görüntü kenarında durduğunu ve gizli geometri uydurmadığını doğrulayın.",
P3,image-0001-instance-002,1,20260729_092434.jpg,2,4,0.00546161,UNVERIFIED_HUMAN_ANNOTATION,"Bu insan çizimi polygon, görünür ön yüz kurallarına göre henüz doğrulanmadı.","Ön yüz kapsamını, yan yüzlerin dışarıda kalmasını, gölge/örtüşme sınırını ve çizim hassasiyetini kontrol edip insan kararını kaydedin.",
P2,image-0001-instance-003,1,20260729_092434.jpg,3,5,0.00208589,CONCAVE_VISIBLE_REGION_REVIEW|MULTISIDED_VISIBLE_REGION_REVIEW|UNVERIFIED_HUMAN_ANNOTATION,Şekil veya görüntü sınırında kesilme fiziksel olarak yorumlanmalı; köşe sayısı tek başına hata değildir.,"Polygonun yalnızca görünen ön yüzü izlediğini, örtücü nesnede/görüntü kenarında durduğunu ve gizli geometri uydurmadığını doğrulayın.",
P2,image-0001-instance-004,1,20260729_092434.jpg,4,5,0.00315792,MULTISIDED_VISIBLE_REGION_REVIEW|UNVERIFIED_HUMAN_ANNOTATION,Şekil veya görüntü sınırında kesilme fiziksel olarak yorumlanmalı; köşe sayısı tek başına hata değildir.,"Polygonun yalnızca görünen ön yüzü izlediğini, örtücü nesnede/görüntü kenarında durduğunu ve gizli geometri uydurmadığını doğrulayın.",
P2,image-0001-instance-005,1,20260729_092434.jpg,5,5,0.00313522,FRAME_BOUNDARY_TRUNCATION_REVIEW|MULTISIDED_VISIBLE_REGION_REVIEW|UNVERIFIED_HUMAN_ANNOTATION,Şekil veya görüntü sınırında kesilme fiziksel olarak yorumlanmalı; köşe sayısı tek başına hata değildir.,"Polygonun yalnızca görünen ön yüzü izlediğini, örtücü nesnede/görüntü kenarında durduğunu ve gizli geometri uydurmadığını doğrulayın.",
P3,image-0001-instance-006,1,20260729_092434.jpg,6,4,0.00339675,UNVERIFIED_HUMAN_ANNOTATION,"Bu insan çizimi polygon, görünür ön yüz kurallarına göre henüz doğrulanmadı.","Ön yüz kapsamını, yan yüzlerin dışarıda kalmasını, gölge/örtüşme sınırını ve çizim hassasiyetini kontrol edip insan kararını kaydedin.",
P3,image-0001-instance-007,1,20260729_092434.jpg,7,4,0.00358210,UNVERIFIED_HUMAN_ANNOTATION,"Bu insan çizimi polygon, görünür ön yüz kurallarına göre henüz doğrulanmadı.","Ön yüz kapsamını, yan yüzlerin dışarıda kalmasını, gölge/örtüşme sınırını ve çizim hassasiyetini kontrol edip insan kararını kaydedin.",
P2,image-0001-instance-008,1,20260729_092434.jpg,8,5,0.00268229,MULTISIDED_VISIBLE_REGION_REVIEW|UNVERIFIED_HUMAN_ANNOTATION,Şekil veya görüntü sınırında kesilme fiziksel olarak yorumlanmalı; köşe sayısı tek başına hata değildir.,"Polygonun yalnızca görünen ön yüzü izlediğini, örtücü nesnede/görüntü kenarında durduğunu ve gizli geometri uydurmadığını doğrulayın.",
P2,image-0001-instance-009,1,20260729_092434.jpg,9,6,0.00536529,CONCAVE_VISIBLE_REGION_REVIEW|MULTISIDED_VISIBLE_REGION_REVIEW|UNVERIFIED_HUMAN_ANNOTATION,Şekil veya görüntü sınırında kesilme fiziksel olarak yorumlanmalı; köşe sayısı tek başına hata değildir.,"Polygonun yalnızca görünen ön yüzü izlediğini, örtücü nesnede/görüntü kenarında durduğunu ve gizli geometri uydurmadığını doğrulayın.",
P3,image-0001-instance-010,1,20260729_092434.jpg,10,4,0.00588910,UNVERIFIED_HUMAN_ANNOTATION,"Bu insan çizimi polygon, görünür ön yüz kurallarına göre henüz doğrulanmadı.","Ön yüz kapsamını, yan yüzlerin dışarıda kalmasını, gölge/örtüşme sınırını ve çizim hassasiyetini kontrol edip insan kararını kaydedin.",
P3,image-0001-instance-011,1,20260729_092434.jpg,11,4,0.00402570,UNVERIFIED_HUMAN_ANNOTATION,"Bu insan çizimi polygon, görünür ön yüz kurallarına göre henüz doğrulanmadı.","Ön yüz kapsamını, yan yüzlerin dışarıda kalmasını, gölge/örtüşme sınırını ve çizim hassasiyetini kontrol edip insan kararını kaydedin.",
P2,image-0001-instance-012,1,20260729_092434.jpg,12,6,0.00193365,CONCAVE_VISIBLE_REGION_REVIEW|MULTISIDED_VISIBLE_REGION_REVIEW|UNVERIFIED_HUMAN_ANNOTATION,Şekil veya görüntü sınırında kesilme fiziksel olarak yorumlanmalı; köşe sayısı tek başına hata değildir.,"Polygonun yalnızca görünen ön yüzü izlediğini, örtücü nesnede/görüntü kenarında durduğunu ve gizli geometri uydurmadığını doğrulayın.",
P3,image-0001-instance-013,1,20260729_092434.jpg,13,4,0.00337384,UNVERIFIED_HUMAN_ANNOTATION,"Bu insan çizimi polygon, görünür ön yüz kurallarına göre henüz doğrulanmadı.","Ön yüz kapsamını, yan yüzlerin dışarıda kalmasını, gölge/örtüşme sınırını ve çizim hassasiyetini kontrol edip insan kararını kaydedin.",
P3,image-0001-instance-014,1,20260729_092434.jpg,14,4,0.00473662,UNVERIFIED_HUMAN_ANNOTATION,"Bu insan çizimi polygon, görünür ön yüz kurallarına göre henüz doğrulanmadı.","Ön yüz kapsamını, yan yüzlerin dışarıda kalmasını, gölge/örtüşme sınırını ve çizim hassasiyetini kontrol edip insan kararını kaydedin.",
P3,image-0001-instance-015,1,20260729_092434.jpg,15,4,0.00578894,UNVERIFIED_HUMAN_ANNOTATION,"Bu insan çizimi polygon, görünür ön yüz kurallarına göre henüz doğrulanmadı.","Ön yüz kapsamını, yan yüzlerin dışarıda kalmasını, gölge/örtüşme sınırını ve çizim hassasiyetini kontrol edip insan kararını kaydedin.",
P2,image-0001-instance-016,1,20260729_092434.jpg,16,6,0.00231662,CONCAVE_VISIBLE_REGION_REVIEW|MULTISIDED_VISIBLE_REGION_REVIEW|UNVERIFIED_HUMAN_ANNOTATION,Şekil veya görüntü sınırında kesilme fiziksel olarak yorumlanmalı; köşe sayısı tek başına hata değildir.,"Polygonun yalnızca görünen ön yüzü izlediğini, örtücü nesnede/görüntü kenarında durduğunu ve gizli geometri uydurmadığını doğrulayın.",
P2,image-0002-instance-001,2,20260729_092437.jpg,1,4,0.00239392,FRAME_BOUNDARY_TRUNCATION_REVIEW|UNVERIFIED_HUMAN_ANNOTATION,Şekil veya görüntü sınırında kesilme fiziksel olarak yorumlanmalı; köşe sayısı tek başına hata değildir.,"Polygonun yalnızca görünen ön yüzü izlediğini, örtücü nesnede/görüntü kenarında durduğunu ve gizli geometri uydurmadığını doğrulayın.",
P3,image-0002-instance-002,2,20260729_092437.jpg,2,4,0.00410919,UNVERIFIED_HUMAN_ANNOTATION,"Bu insan çizimi polygon, görünür ön yüz kurallarına göre henüz doğrulanmadı.","Ön yüz kapsamını, yan yüzlerin dışarıda kalmasını, gölge/örtüşme sınırını ve çizim hassasiyetini kontrol edip insan kararını kaydedin.",
P3,image-0002-instance-003,2,20260729_092437.jpg,3,4,0.00416820,UNVERIFIED_HUMAN_ANNOTATION,"Bu insan çizimi polygon, görünür ön yüz kurallarına göre henüz doğrulanmadı.","Ön yüz kapsamını, yan yüzlerin dışarıda kalmasını, gölge/örtüşme sınırını ve çizim hassasiyetini kontrol edip insan kararını kaydedin.",
P2,image-0002-instance-004,2,20260729_092437.jpg,4,5,0.00304380,MULTISIDED_VISIBLE_REGION_REVIEW|UNVERIFIED_HUMAN_ANNOTATION,Şekil veya görüntü sınırında kesilme fiziksel olarak yorumlanmalı; köşe sayısı tek başına hata değildir.,"Polygonun yalnızca görünen ön yüzü izlediğini, örtücü nesnede/görüntü kenarında durduğunu ve gizli geometri uydurmadığını doğrulayın.",
P2,image-0002-instance-005,2,20260729_092437.jpg,5,5,0.00636812,MULTISIDED_VISIBLE_REGION_REVIEW|UNVERIFIED_HUMAN_ANNOTATION,Şekil veya görüntü sınırında kesilme fiziksel olarak yorumlanmalı; köşe sayısı tek başına hata değildir.,"Polygonun yalnızca görünen ön yüzü izlediğini, örtücü nesnede/görüntü kenarında durduğunu ve gizli geometri uydurmadığını doğrulayın.",
P3,image-0002-instance-006,2,20260729_092437.jpg,6,4,0.00672492,UNVERIFIED_HUMAN_ANNOTATION,"Bu insan çizimi polygon, görünür ön yüz kurallarına göre henüz doğrulanmadı.","Ön yüz kapsamını, yan yüzlerin dışarıda kalmasını, gölge/örtüşme sınırını ve çizim hassasiyetini kontrol edip insan kararını kaydedin.",
P2,image-0002-instance-007,2,20260729_092437.jpg,7,5,0.00433970,FRAME_BOUNDARY_TRUNCATION_REVIEW|MULTISIDED_VISIBLE_REGION_REVIEW|UNVERIFIED_HUMAN_ANNOTATION,Şekil veya görüntü sınırında kesilme fiziksel olarak yorumlanmalı; köşe sayısı tek başına hata değildir.,"Polygonun yalnızca görünen ön yüzü izlediğini, örtücü nesnede/görüntü kenarında durduğunu ve gizli geometri uydurmadığını doğrulayın.",
P2,image-0002-instance-008,2,20260729_092437.jpg,8,3,0.00130717,TRIANGULAR_VISIBLE_REGION_REVIEW|UNVERIFIED_HUMAN_ANNOTATION,Şekil veya görüntü sınırında kesilme fiziksel olarak yorumlanmalı; köşe sayısı tek başına hata değildir.,"Polygonun yalnızca görünen ön yüzü izlediğini, örtücü nesnede/görüntü kenarında durduğunu ve gizli geometri uydurmadığını doğrulayın.",
P3,image-0002-instance-009,2,20260729_092437.jpg,9,4,0.00330451,UNVERIFIED_HUMAN_ANNOTATION,"Bu insan çizimi polygon, görünür ön yüz kurallarına göre henüz doğrulanmadı.","Ön yüz kapsamını, yan yüzlerin dışarıda kalmasını, gölge/örtüşme sınırını ve çizim hassasiyetini kontrol edip insan kararını kaydedin.",
P3,image-0002-instance-010,2,20260729_092437.jpg,10,4,0.00441744,UNVERIFIED_HUMAN_ANNOTATION,"Bu insan çizimi polygon, görünür ön yüz kurallarına göre henüz doğrulanmadı.","Ön yüz kapsamını, yan yüzlerin dışarıda kalmasını, gölge/örtüşme sınırını ve çizim hassasiyetini kontrol edip insan kararını kaydedin.",
P2,image-0002-instance-011,2,20260729_092437.jpg,11,5,0.00284798,MULTISIDED_VISIBLE_REGION_REVIEW|UNVERIFIED_HUMAN_ANNOTATION,Şekil veya görüntü sınırında kesilme fiziksel olarak yorumlanmalı; köşe sayısı tek başına hata değildir.,"Polygonun yalnızca görünen ön yüzü izlediğini, örtücü nesnede/görüntü kenarında durduğunu ve gizli geometri uydurmadığını doğrulayın.",
P3,image-0003-instance-001,3,20260729_092438.jpg,1,4,0.00411387,UNVERIFIED_HUMAN_ANNOTATION,"Bu insan çizimi polygon, görünür ön yüz kurallarına göre henüz doğrulanmadı.","Ön yüz kapsamını, yan yüzlerin dışarıda kalmasını, gölge/örtüşme sınırını ve çizim hassasiyetini kontrol edip insan kararını kaydedin.",
P3,image-0003-instance-002,3,20260729_092438.jpg,2,4,0.00422086,UNVERIFIED_HUMAN_ANNOTATION,"Bu insan çizimi polygon, görünür ön yüz kurallarına göre henüz doğrulanmadı.","Ön yüz kapsamını, yan yüzlerin dışarıda kalmasını, gölge/örtüşme sınırını ve çizim hassasiyetini kontrol edip insan kararını kaydedin.",
P2,image-0003-instance-003,3,20260729_092438.jpg,3,5,0.00300345,MULTISIDED_VISIBLE_REGION_REVIEW|UNVERIFIED_HUMAN_ANNOTATION,Şekil veya görüntü sınırında kesilme fiziksel olarak yorumlanmalı; köşe sayısı tek başına hata değildir.,"Polygonun yalnızca görünen ön yüzü izlediğini, örtücü nesnede/görüntü kenarında durduğunu ve gizli geometri uydurmadığını doğrulayın.",
P2,image-0003-instance-004,3,20260729_092438.jpg,4,5,0.00651689,MULTISIDED_VISIBLE_REGION_REVIEW|UNVERIFIED_HUMAN_ANNOTATION,Şekil veya görüntü sınırında kesilme fiziksel olarak yorumlanmalı; köşe sayısı tek başına hata değildir.,"Polygonun yalnızca görünen ön yüzü izlediğini, örtücü nesnede/görüntü kenarında durduğunu ve gizli geometri uydurmadığını doğrulayın.",
P3,image-0003-instance-005,3,20260729_092438.jpg,5,4,0.00696199,UNVERIFIED_HUMAN_ANNOTATION,"Bu insan çizimi polygon, görünür ön yüz kurallarına göre henüz doğrulanmadı.","Ön yüz kapsamını, yan yüzlerin dışarıda kalmasını, gölge/örtüşme sınırını ve çizim hassasiyetini kontrol edip insan kararını kaydedin.",
P2,image-0003-instance-006,3,20260729_092438.jpg,6,3,0.00112303,TRIANGULAR_VISIBLE_REGION_REVIEW|UNVERIFIED_HUMAN_ANNOTATION,Şekil veya görüntü sınırında kesilme fiziksel olarak yorumlanmalı; köşe sayısı tek başına hata değildir.,"Polygonun yalnızca görünen ön yüzü izlediğini, örtücü nesnede/görüntü kenarında durduğunu ve gizli geometri uydurmadığını doğrulayın.",
P2,image-0003-instance-007,3,20260729_092438.jpg,7,4,0.00189517,FRAME_BOUNDARY_TRUNCATION_REVIEW|UNVERIFIED_HUMAN_ANNOTATION,Şekil veya görüntü sınırında kesilme fiziksel olarak yorumlanmalı; köşe sayısı tek başına hata değildir.,"Polygonun yalnızca görünen ön yüzü izlediğini, örtücü nesnede/görüntü kenarında durduğunu ve gizli geometri uydurmadığını doğrulayın.",
P3,image-0003-instance-008,3,20260729_092438.jpg,8,4,0.00460158,UNVERIFIED_HUMAN_ANNOTATION,"Bu insan çizimi polygon, görünür ön yüz kurallarına göre henüz doğrulanmadı.","Ön yüz kapsamını, yan yüzlerin dışarıda kalmasını, gölge/örtüşme sınırını ve çizim hassasiyetini kontrol edip insan kararını kaydedin.",
P2,image-0003-instance-009,3,20260729_092438.jpg,9,5,0.00359750,MULTISIDED_VISIBLE_REGION_REVIEW|UNVERIFIED_HUMAN_ANNOTATION,Şekil veya görüntü sınırında kesilme fiziksel olarak yorumlanmalı; köşe sayısı tek başına hata değildir.,"Polygonun yalnızca görünen ön yüzü izlediğini, örtücü nesnede/görüntü kenarında durduğunu ve gizli geometri uydurmadığını doğrulayın.",
P3,image-0004-instance-001,4,20260729_092441.jpg,1,4,0.00607458,UNVERIFIED_HUMAN_ANNOTATION,"Bu insan çizimi polygon, görünür ön yüz kurallarına göre henüz doğrulanmadı.","Ön yüz kapsamını, yan yüzlerin dışarıda kalmasını, gölge/örtüşme sınırını ve çizim hassasiyetini kontrol edip insan kararını kaydedin.",
P3,image-0004-instance-002,4,20260729_092441.jpg,2,4,0.00609073,UNVERIFIED_HUMAN_ANNOTATION,"Bu insan çizimi polygon, görünür ön yüz kurallarına göre henüz doğrulanmadı.","Ön yüz kapsamını, yan yüzlerin dışarıda kalmasını, gölge/örtüşme sınırını ve çizim hassasiyetini kontrol edip insan kararını kaydedin.",
P3,image-0004-instance-003,4,20260729_092441.jpg,3,4,0.00815128,UNVERIFIED_HUMAN_ANNOTATION,"Bu insan çizimi polygon, görünür ön yüz kurallarına göre henüz doğrulanmadı.","Ön yüz kapsamını, yan yüzlerin dışarıda kalmasını, gölge/örtüşme sınırını ve çizim hassasiyetini kontrol edip insan kararını kaydedin.",
P2,image-0004-instance-004,4,20260729_092441.jpg,4,6,0.00459154,CONCAVE_VISIBLE_REGION_REVIEW|MULTISIDED_VISIBLE_REGION_REVIEW|UNVERIFIED_HUMAN_ANNOTATION,Şekil veya görüntü sınırında kesilme fiziksel olarak yorumlanmalı; köşe sayısı tek başına hata değildir.,"Polygonun yalnızca görünen ön yüzü izlediğini, örtücü nesnede/görüntü kenarında durduğunu ve gizli geometri uydurmadığını doğrulayın.",
P3,image-0004-instance-005,4,20260729_092441.jpg,5,4,0.00426539,UNVERIFIED_HUMAN_ANNOTATION,"Bu insan çizimi polygon, görünür ön yüz kurallarına göre henüz doğrulanmadı.","Ön yüz kapsamını, yan yüzlerin dışarıda kalmasını, gölge/örtüşme sınırını ve çizim hassasiyetini kontrol edip insan kararını kaydedin.",
P2,image-0004-instance-006,4,20260729_092441.jpg,6,5,0.00451098,MULTISIDED_VISIBLE_REGION_REVIEW|UNVERIFIED_HUMAN_ANNOTATION,Şekil veya görüntü sınırında kesilme fiziksel olarak yorumlanmalı; köşe sayısı tek başına hata değildir.,"Polygonun yalnızca görünen ön yüzü izlediğini, örtücü nesnede/görüntü kenarında durduğunu ve gizli geometri uydurmadığını doğrulayın.",
P3,image-0004-instance-007,4,20260729_092441.jpg,7,4,0.00278532,UNVERIFIED_HUMAN_ANNOTATION,"Bu insan çizimi polygon, görünür ön yüz kurallarına göre henüz doğrulanmadı.","Ön yüz kapsamını, yan yüzlerin dışarıda kalmasını, gölge/örtüşme sınırını ve çizim hassasiyetini kontrol edip insan kararını kaydedin.",
P3,image-0004-instance-008,4,20260729_092441.jpg,8,4,0.00605060,UNVERIFIED_HUMAN_ANNOTATION,"Bu insan çizimi polygon, görünür ön yüz kurallarına göre henüz doğrulanmadı.","Ön yüz kapsamını, yan yüzlerin dışarıda kalmasını, gölge/örtüşme sınırını ve çizim hassasiyetini kontrol edip insan kararını kaydedin.",
P3,image-0004-instance-009,4,20260729_092441.jpg,9,4,0.00594296,UNVERIFIED_HUMAN_ANNOTATION,"Bu insan çizimi polygon, görünür ön yüz kurallarına göre henüz doğrulanmadı.","Ön yüz kapsamını, yan yüzlerin dışarıda kalmasını, gölge/örtüşme sınırını ve çizim hassasiyetini kontrol edip insan kararını kaydedin.",
P3,image-0004-instance-010,4,20260729_092441.jpg,10,4,0.00663034,UNVERIFIED_HUMAN_ANNOTATION,"Bu insan çizimi polygon, görünür ön yüz kurallarına göre henüz doğrulanmadı.","Ön yüz kapsamını, yan yüzlerin dışarıda kalmasını, gölge/örtüşme sınırını ve çizim hassasiyetini kontrol edip insan kararını kaydedin.",
P2,image-0004-instance-011,4,20260729_092441.jpg,11,5,0.00511804,CONCAVE_VISIBLE_REGION_REVIEW|MULTISIDED_VISIBLE_REGION_REVIEW|UNVERIFIED_HUMAN_ANNOTATION,Şekil veya görüntü sınırında kesilme fiziksel olarak yorumlanmalı; köşe sayısı tek başına hata değildir.,"Polygonun yalnızca görünen ön yüzü izlediğini, örtücü nesnede/görüntü kenarında durduğunu ve gizli geometri uydurmadığını doğrulayın.",
P3,image-0004-instance-012,4,20260729_092441.jpg,12,4,0.00314903,UNVERIFIED_HUMAN_ANNOTATION,"Bu insan çizimi polygon, görünür ön yüz kurallarına göre henüz doğrulanmadı.","Ön yüz kapsamını, yan yüzlerin dışarıda kalmasını, gölge/örtüşme sınırını ve çizim hassasiyetini kontrol edip insan kararını kaydedin.",
P3,image-0004-instance-013,4,20260729_092441.jpg,13,4,0.00197022,UNVERIFIED_HUMAN_ANNOTATION,"Bu insan çizimi polygon, görünür ön yüz kurallarına göre henüz doğrulanmadı.","Ön yüz kapsamını, yan yüzlerin dışarıda kalmasını, gölge/örtüşme sınırını ve çizim hassasiyetini kontrol edip insan kararını kaydedin.",
P3,image-0004-instance-014,4,20260729_092441.jpg,14,4,0.00410249,UNVERIFIED_HUMAN_ANNOTATION,"Bu insan çizimi polygon, görünür ön yüz kurallarına göre henüz doğrulanmadı.","Ön yüz kapsamını, yan yüzlerin dışarıda kalmasını, gölge/örtüşme sınırını ve çizim hassasiyetini kontrol edip insan kararını kaydedin.",
P3,image-0004-instance-015,4,20260729_092441.jpg,15,4,0.00615021,UNVERIFIED_HUMAN_ANNOTATION,"Bu insan çizimi polygon, görünür ön yüz kurallarına göre henüz doğrulanmadı.","Ön yüz kapsamını, yan yüzlerin dışarıda kalmasını, gölge/örtüşme sınırını ve çizim hassasiyetini kontrol edip insan kararını kaydedin.",
P2,image-0004-instance-016,4,20260729_092441.jpg,16,6,0.00198836,CONCAVE_VISIBLE_REGION_REVIEW|MULTISIDED_VISIBLE_REGION_REVIEW|UNVERIFIED_HUMAN_ANNOTATION,Şekil veya görüntü sınırında kesilme fiziksel olarak yorumlanmalı; köşe sayısı tek başına hata değildir.,"Polygonun yalnızca görünen ön yüzü izlediğini, örtücü nesnede/görüntü kenarında durduğunu ve gizli geometri uydurmadığını doğrulayın.",
P3,image-0004-instance-017,4,20260729_092441.jpg,17,4,0.00466736,UNVERIFIED_HUMAN_ANNOTATION,"Bu insan çizimi polygon, görünür ön yüz kurallarına göre henüz doğrulanmadı.","Ön yüz kapsamını, yan yüzlerin dışarıda kalmasını, gölge/örtüşme sınırını ve çizim hassasiyetini kontrol edip insan kararını kaydedin.",
P3,image-0004-instance-018,4,20260729_092441.jpg,18,4,0.00767303,UNVERIFIED_HUMAN_ANNOTATION,"Bu insan çizimi polygon, görünür ön yüz kurallarına göre henüz doğrulanmadı.","Ön yüz kapsamını, yan yüzlerin dışarıda kalmasını, gölge/örtüşme sınırını ve çizim hassasiyetini kontrol edip insan kararını kaydedin.",
P2,image-0004-instance-019,4,20260729_092441.jpg,19,6,0.00577797,CONCAVE_VISIBLE_REGION_REVIEW|MULTISIDED_VISIBLE_REGION_REVIEW|UNVERIFIED_HUMAN_ANNOTATION,Şekil veya görüntü sınırında kesilme fiziksel olarak yorumlanmalı; köşe sayısı tek başına hata değildir.,"Polygonun yalnızca görünen ön yüzü izlediğini, örtücü nesnede/görüntü kenarında durduğunu ve gizli geometri uydurmadığını doğrulayın.",
P3,image-0004-instance-020,4,20260729_092441.jpg,20,4,0.00140580,UNVERIFIED_HUMAN_ANNOTATION,"Bu insan çizimi polygon, görünür ön yüz kurallarına göre henüz doğrulanmadı.","Ön yüz kapsamını, yan yüzlerin dışarıda kalmasını, gölge/örtüşme sınırını ve çizim hassasiyetini kontrol edip insan kararını kaydedin.",
P2,image-0004-instance-021,4,20260729_092441.jpg,21,5,0.00406581,FRAME_BOUNDARY_TRUNCATION_REVIEW|MULTISIDED_VISIBLE_REGION_REVIEW|UNVERIFIED_HUMAN_ANNOTATION,Şekil veya görüntü sınırında kesilme fiziksel olarak yorumlanmalı; köşe sayısı tek başına hata değildir.,"Polygonun yalnızca görünen ön yüzü izlediğini, örtücü nesnede/görüntü kenarında durduğunu ve gizli geometri uydurmadığını doğrulayın.",
P3,image-0004-instance-022,4,20260729_092441.jpg,22,4,0.00390225,UNVERIFIED_HUMAN_ANNOTATION,"Bu insan çizimi polygon, görünür ön yüz kurallarına göre henüz doğrulanmadı.","Ön yüz kapsamını, yan yüzlerin dışarıda kalmasını, gölge/örtüşme sınırını ve çizim hassasiyetini kontrol edip insan kararını kaydedin.",
P3,image-0005-instance-001,5,20260729_092444.jpg,1,4,0.00752605,UNVERIFIED_HUMAN_ANNOTATION,"Bu insan çizimi polygon, görünür ön yüz kurallarına göre henüz doğrulanmadı.","Ön yüz kapsamını, yan yüzlerin dışarıda kalmasını, gölge/örtüşme sınırını ve çizim hassasiyetini kontrol edip insan kararını kaydedin.",
P3,image-0005-instance-002,5,20260729_092444.jpg,2,4,0.00817670,UNVERIFIED_HUMAN_ANNOTATION,"Bu insan çizimi polygon, görünür ön yüz kurallarına göre henüz doğrulanmadı.","Ön yüz kapsamını, yan yüzlerin dışarıda kalmasını, gölge/örtüşme sınırını ve çizim hassasiyetini kontrol edip insan kararını kaydedin.",
P1,image-0005-instance-003,5,20260729_092444.jpg,3,4,0.00142720,DUPLICATE_VERTEX|SELF_INTERSECTION|UNVERIFIED_HUMAN_ANNOTATION,Polygon yapısında geçerlilik uyarısı var; gerçek bir etiketleme hatası olabilir.,Noktaları CVAT'ta inceleyin. Görünen fiziksel sınırı koruyarak tekrarlanan veya kesişen hatalı noktaları düzeltin.,
P3,image-0005-instance-004,5,20260729_092444.jpg,4,4,0.00525844,UNVERIFIED_HUMAN_ANNOTATION,"Bu insan çizimi polygon, görünür ön yüz kurallarına göre henüz doğrulanmadı.","Ön yüz kapsamını, yan yüzlerin dışarıda kalmasını, gölge/örtüşme sınırını ve çizim hassasiyetini kontrol edip insan kararını kaydedin.",
P3,image-0005-instance-005,5,20260729_092444.jpg,5,4,0.00348831,UNVERIFIED_HUMAN_ANNOTATION,"Bu insan çizimi polygon, görünür ön yüz kurallarına göre henüz doğrulanmadı.","Ön yüz kapsamını, yan yüzlerin dışarıda kalmasını, gölge/örtüşme sınırını ve çizim hassasiyetini kontrol edip insan kararını kaydedin.",
P2,image-0005-instance-006,5,20260729_092444.jpg,6,4,0.00190142,FRAME_BOUNDARY_TRUNCATION_REVIEW|UNVERIFIED_HUMAN_ANNOTATION,Şekil veya görüntü sınırında kesilme fiziksel olarak yorumlanmalı; köşe sayısı tek başına hata değildir.,"Polygonun yalnızca görünen ön yüzü izlediğini, örtücü nesnede/görüntü kenarında durduğunu ve gizli geometri uydurmadığını doğrulayın.",
P2,image-0005-instance-007,5,20260729_092444.jpg,7,3,0.00099848,TRIANGULAR_VISIBLE_REGION_REVIEW|UNVERIFIED_HUMAN_ANNOTATION,Şekil veya görüntü sınırında kesilme fiziksel olarak yorumlanmalı; köşe sayısı tek başına hata değildir.,"Polygonun yalnızca görünen ön yüzü izlediğini, örtücü nesnede/görüntü kenarında durduğunu ve gizli geometri uydurmadığını doğrulayın.",
P2,image-0005-instance-008,5,20260729_092444.jpg,8,5,0.00233190,CONCAVE_VISIBLE_REGION_REVIEW|MULTISIDED_VISIBLE_REGION_REVIEW|UNVERIFIED_HUMAN_ANNOTATION,Şekil veya görüntü sınırında kesilme fiziksel olarak yorumlanmalı; köşe sayısı tek başına hata değildir.,"Polygonun yalnızca görünen ön yüzü izlediğini, örtücü nesnede/görüntü kenarında durduğunu ve gizli geometri uydurmadığını doğrulayın.",
P3,image-0005-instance-009,5,20260729_092444.jpg,9,4,0.00528334,UNVERIFIED_HUMAN_ANNOTATION,"Bu insan çizimi polygon, görünür ön yüz kurallarına göre henüz doğrulanmadı.","Ön yüz kapsamını, yan yüzlerin dışarıda kalmasını, gölge/örtüşme sınırını ve çizim hassasiyetini kontrol edip insan kararını kaydedin.",
P2,image-0005-instance-010,5,20260729_092444.jpg,10,5,0.00494234,CONCAVE_VISIBLE_REGION_REVIEW|MULTISIDED_VISIBLE_REGION_REVIEW|UNVERIFIED_HUMAN_ANNOTATION,Şekil veya görüntü sınırında kesilme fiziksel olarak yorumlanmalı; köşe sayısı tek başına hata değildir.,"Polygonun yalnızca görünen ön yüzü izlediğini, örtücü nesnede/görüntü kenarında durduğunu ve gizli geometri uydurmadığını doğrulayın.",
P3,image-0005-instance-011,5,20260729_092444.jpg,11,4,0.00585421,UNVERIFIED_HUMAN_ANNOTATION,"Bu insan çizimi polygon, görünür ön yüz kurallarına göre henüz doğrulanmadı.","Ön yüz kapsamını, yan yüzlerin dışarıda kalmasını, gölge/örtüşme sınırını ve çizim hassasiyetini kontrol edip insan kararını kaydedin.",
P3,image-0005-instance-012,5,20260729_092444.jpg,12,4,0.00610177,UNVERIFIED_HUMAN_ANNOTATION,"Bu insan çizimi polygon, görünür ön yüz kurallarına göre henüz doğrulanmadı.","Ön yüz kapsamını, yan yüzlerin dışarıda kalmasını, gölge/örtüşme sınırını ve çizim hassasiyetini kontrol edip insan kararını kaydedin.",
P3,image-0005-instance-013,5,20260729_092444.jpg,13,4,0.00782840,UNVERIFIED_HUMAN_ANNOTATION,"Bu insan çizimi polygon, görünür ön yüz kurallarına göre henüz doğrulanmadı.","Ön yüz kapsamını, yan yüzlerin dışarıda kalmasını, gölge/örtüşme sınırını ve çizim hassasiyetini kontrol edip insan kararını kaydedin.",
P3,image-0005-instance-014,5,20260729_092444.jpg,14,4,0.00552438,UNVERIFIED_HUMAN_ANNOTATION,"Bu insan çizimi polygon, görünür ön yüz kurallarına göre henüz doğrulanmadı.","Ön yüz kapsamını, yan yüzlerin dışarıda kalmasını, gölge/örtüşme sınırını ve çizim hassasiyetini kontrol edip insan kararını kaydedin.",
P3,image-0005-instance-015,5,20260729_092444.jpg,15,4,0.01084572,UNVERIFIED_HUMAN_ANNOTATION,"Bu insan çizimi polygon, görünür ön yüz kurallarına göre henüz doğrulanmadı.","Ön yüz kapsamını, yan yüzlerin dışarıda kalmasını, gölge/örtüşme sınırını ve çizim hassasiyetini kontrol edip insan kararını kaydedin.",
P2,image-0005-instance-016,5,20260729_092444.jpg,16,6,0.00263495,CONCAVE_VISIBLE_REGION_REVIEW|MULTISIDED_VISIBLE_REGION_REVIEW|UNVERIFIED_HUMAN_ANNOTATION,Şekil veya görüntü sınırında kesilme fiziksel olarak yorumlanmalı; köşe sayısı tek başına hata değildir.,"Polygonun yalnızca görünen ön yüzü izlediğini, örtücü nesnede/görüntü kenarında durduğunu ve gizli geometri uydurmadığını doğrulayın.",
P2,image-0006-instance-001,6,20260729_092446(0).jpg,1,3,0.00056846,TRIANGULAR_VISIBLE_REGION_REVIEW|UNVERIFIED_HUMAN_ANNOTATION,Şekil veya görüntü sınırında kesilme fiziksel olarak yorumlanmalı; köşe sayısı tek başına hata değildir.,"Polygonun yalnızca görünen ön yüzü izlediğini, örtücü nesnede/görüntü kenarında durduğunu ve gizli geometri uydurmadığını doğrulayın.",
P3,image-0006-instance-002,6,20260729_092446(0).jpg,2,4,0.00877827,UNVERIFIED_HUMAN_ANNOTATION,"Bu insan çizimi polygon, görünür ön yüz kurallarına göre henüz doğrulanmadı.","Ön yüz kapsamını, yan yüzlerin dışarıda kalmasını, gölge/örtüşme sınırını ve çizim hassasiyetini kontrol edip insan kararını kaydedin.",
P3,image-0006-instance-003,6,20260729_092446(0).jpg,3,4,0.00602022,UNVERIFIED_HUMAN_ANNOTATION,"Bu insan çizimi polygon, görünür ön yüz kurallarına göre henüz doğrulanmadı.","Ön yüz kapsamını, yan yüzlerin dışarıda kalmasını, gölge/örtüşme sınırını ve çizim hassasiyetini kontrol edip insan kararını kaydedin.",
P2,image-0006-instance-004,6,20260729_092446(0).jpg,4,5,0.00424411,MULTISIDED_VISIBLE_REGION_REVIEW|UNVERIFIED_HUMAN_ANNOTATION,Şekil veya görüntü sınırında kesilme fiziksel olarak yorumlanmalı; köşe sayısı tek başına hata değildir.,"Polygonun yalnızca görünen ön yüzü izlediğini, örtücü nesnede/görüntü kenarında durduğunu ve gizli geometri uydurmadığını doğrulayın.",
P3,image-0006-instance-005,6,20260729_092446(0).jpg,5,4,0.00460976,UNVERIFIED_HUMAN_ANNOTATION,"Bu insan çizimi polygon, görünür ön yüz kurallarına göre henüz doğrulanmadı.","Ön yüz kapsamını, yan yüzlerin dışarıda kalmasını, gölge/örtüşme sınırını ve çizim hassasiyetini kontrol edip insan kararını kaydedin.",
P3,image-0006-instance-006,6,20260729_092446(0).jpg,6,4,0.00448021,UNVERIFIED_HUMAN_ANNOTATION,"Bu insan çizimi polygon, görünür ön yüz kurallarına göre henüz doğrulanmadı.","Ön yüz kapsamını, yan yüzlerin dışarıda kalmasını, gölge/örtüşme sınırını ve çizim hassasiyetini kontrol edip insan kararını kaydedin.",
P2,image-0006-instance-007,6,20260729_092446(0).jpg,7,6,0.00351799,CONCAVE_VISIBLE_REGION_REVIEW|MULTISIDED_VISIBLE_REGION_REVIEW|UNVERIFIED_HUMAN_ANNOTATION,Şekil veya görüntü sınırında kesilme fiziksel olarak yorumlanmalı; köşe sayısı tek başına hata değildir.,"Polygonun yalnızca görünen ön yüzü izlediğini, örtücü nesnede/görüntü kenarında durduğunu ve gizli geometri uydurmadığını doğrulayın.",
P3,image-0006-instance-008,6,20260729_092446(0).jpg,8,4,0.00372913,UNVERIFIED_HUMAN_ANNOTATION,"Bu insan çizimi polygon, görünür ön yüz kurallarına göre henüz doğrulanmadı.","Ön yüz kapsamını, yan yüzlerin dışarıda kalmasını, gölge/örtüşme sınırını ve çizim hassasiyetini kontrol edip insan kararını kaydedin.",
P2,image-0006-instance-009,6,20260729_092446(0).jpg,9,5,0.00134679,CONCAVE_VISIBLE_REGION_REVIEW|MULTISIDED_VISIBLE_REGION_REVIEW|UNVERIFIED_HUMAN_ANNOTATION,Şekil veya görüntü sınırında kesilme fiziksel olarak yorumlanmalı; köşe sayısı tek başına hata değildir.,"Polygonun yalnızca görünen ön yüzü izlediğini, örtücü nesnede/görüntü kenarında durduğunu ve gizli geometri uydurmadığını doğrulayın.",
P3,image-0006-instance-010,6,20260729_092446(0).jpg,10,4,0.00571681,UNVERIFIED_HUMAN_ANNOTATION,"Bu insan çizimi polygon, görünür ön yüz kurallarına göre henüz doğrulanmadı.","Ön yüz kapsamını, yan yüzlerin dışarıda kalmasını, gölge/örtüşme sınırını ve çizim hassasiyetini kontrol edip insan kararını kaydedin.",
P3,image-0006-instance-011,6,20260729_092446(0).jpg,11,4,0.00347826,UNVERIFIED_HUMAN_ANNOTATION,"Bu insan çizimi polygon, görünür ön yüz kurallarına göre henüz doğrulanmadı.","Ön yüz kapsamını, yan yüzlerin dışarıda kalmasını, gölge/örtüşme sınırını ve çizim hassasiyetini kontrol edip insan kararını kaydedin.",
P3,image-0006-instance-012,6,20260729_092446(0).jpg,12,4,0.00232769,UNVERIFIED_HUMAN_ANNOTATION,"Bu insan çizimi polygon, görünür ön yüz kurallarına göre henüz doğrulanmadı.","Ön yüz kapsamını, yan yüzlerin dışarıda kalmasını, gölge/örtüşme sınırını ve çizim hassasiyetini kontrol edip insan kararını kaydedin.",
P2,image-0006-instance-013,6,20260729_092446(0).jpg,13,3,0.00082945,TRIANGULAR_VISIBLE_REGION_REVIEW|UNVERIFIED_HUMAN_ANNOTATION,Şekil veya görüntü sınırında kesilme fiziksel olarak yorumlanmalı; köşe sayısı tek başına hata değildir.,"Polygonun yalnızca görünen ön yüzü izlediğini, örtücü nesnede/görüntü kenarında durduğunu ve gizli geometri uydurmadığını doğrulayın.",
P3,image-0006-instance-014,6,20260729_092446(0).jpg,14,4,0.00592930,UNVERIFIED_HUMAN_ANNOTATION,"Bu insan çizimi polygon, görünür ön yüz kurallarına göre henüz doğrulanmadı.","Ön yüz kapsamını, yan yüzlerin dışarıda kalmasını, gölge/örtüşme sınırını ve çizim hassasiyetini kontrol edip insan kararını kaydedin.",
P3,image-0006-instance-015,6,20260729_092446(0).jpg,15,4,0.00309028,UNVERIFIED_HUMAN_ANNOTATION,"Bu insan çizimi polygon, görünür ön yüz kurallarına göre henüz doğrulanmadı.","Ön yüz kapsamını, yan yüzlerin dışarıda kalmasını, gölge/örtüşme sınırını ve çizim hassasiyetini kontrol edip insan kararını kaydedin.",
P1,image-0006-instance-016,6,20260729_092446(0).jpg,16,9,0.00167637,CONCAVE_VISIBLE_REGION_REVIEW|DUPLICATE_VERTEX|MULTISIDED_VISIBLE_REGION_REVIEW|SELF_INTERSECTION|UNVERIFIED_HUMAN_ANNOTATION,Polygon yapısında geçerlilik uyarısı var; gerçek bir etiketleme hatası olabilir.,Noktaları CVAT'ta inceleyin. Görünen fiziksel sınırı koruyarak tekrarlanan veya kesişen hatalı noktaları düzeltin.,
P1,image-0006-instance-017,6,20260729_092446(0).jpg,17,3,0.00014290,TRIANGULAR_VISIBLE_REGION_REVIEW|UNVERIFIED_HUMAN_ANNOTATION|VERY_SMALL_MASK_REVIEW,Maske alışılmadık derecede küçük; geçerli bir aşırı örtüşme veya yanlışlıkla çizilmiş bir parça olabilir.,Fiziksel olarak tanımlanabilir bir ön yüz bölgesi olup olmadığına karar verin. Güvenilir değilse BELİRSİZ veya GEÇERSİZ seçin.,
P1,image-0006-instance-018,6,20260729_092446(0).jpg,18,5,0.00047909,CONCAVE_VISIBLE_REGION_REVIEW|MULTISIDED_VISIBLE_REGION_REVIEW|UNVERIFIED_HUMAN_ANNOTATION|VERY_SMALL_MASK_REVIEW,Maske alışılmadık derecede küçük; geçerli bir aşırı örtüşme veya yanlışlıkla çizilmiş bir parça olabilir.,Fiziksel olarak tanımlanabilir bir ön yüz bölgesi olup olmadığına karar verin. Güvenilir değilse BELİRSİZ veya GEÇERSİZ seçin.,
P3,image-0007-instance-001,7,20260729_092447.jpg,1,4,0.00504750,UNVERIFIED_HUMAN_ANNOTATION,"Bu insan çizimi polygon, görünür ön yüz kurallarına göre henüz doğrulanmadı.","Ön yüz kapsamını, yan yüzlerin dışarıda kalmasını, gölge/örtüşme sınırını ve çizim hassasiyetini kontrol edip insan kararını kaydedin.",
P3,image-0007-instance-002,7,20260729_092447.jpg,2,4,0.00875061,UNVERIFIED_HUMAN_ANNOTATION,"Bu insan çizimi polygon, görünür ön yüz kurallarına göre henüz doğrulanmadı.","Ön yüz kapsamını, yan yüzlerin dışarıda kalmasını, gölge/örtüşme sınırını ve çizim hassasiyetini kontrol edip insan kararını kaydedin.",
P3,image-0007-instance-003,7,20260729_092447.jpg,3,4,0.00841921,UNVERIFIED_HUMAN_ANNOTATION,"Bu insan çizimi polygon, görünür ön yüz kurallarına göre henüz doğrulanmadı.","Ön yüz kapsamını, yan yüzlerin dışarıda kalmasını, gölge/örtüşme sınırını ve çizim hassasiyetini kontrol edip insan kararını kaydedin.",
P3,image-0007-instance-004,7,20260729_092447.jpg,4,4,0.00673362,UNVERIFIED_HUMAN_ANNOTATION,"Bu insan çizimi polygon, görünür ön yüz kurallarına göre henüz doğrulanmadı.","Ön yüz kapsamını, yan yüzlerin dışarıda kalmasını, gölge/örtüşme sınırını ve çizim hassasiyetini kontrol edip insan kararını kaydedin.",
P2,image-0007-instance-005,7,20260729_092447.jpg,5,5,0.00629675,MULTISIDED_VISIBLE_REGION_REVIEW|UNVERIFIED_HUMAN_ANNOTATION,Şekil veya görüntü sınırında kesilme fiziksel olarak yorumlanmalı; köşe sayısı tek başına hata değildir.,"Polygonun yalnızca görünen ön yüzü izlediğini, örtücü nesnede/görüntü kenarında durduğunu ve gizli geometri uydurmadığını doğrulayın.",
P3,image-0007-instance-006,7,20260729_092447.jpg,6,4,0.01400250,UNVERIFIED_HUMAN_ANNOTATION,"Bu insan çizimi polygon, görünür ön yüz kurallarına göre henüz doğrulanmadı.","Ön yüz kapsamını, yan yüzlerin dışarıda kalmasını, gölge/örtüşme sınırını ve çizim hassasiyetini kontrol edip insan kararını kaydedin.",
P2,image-0007-instance-007,7,20260729_092447.jpg,7,6,0.00328428,CONCAVE_VISIBLE_REGION_REVIEW|MULTISIDED_VISIBLE_REGION_REVIEW|UNVERIFIED_HUMAN_ANNOTATION,Şekil veya görüntü sınırında kesilme fiziksel olarak yorumlanmalı; köşe sayısı tek başına hata değildir.,"Polygonun yalnızca görünen ön yüzü izlediğini, örtücü nesnede/görüntü kenarında durduğunu ve gizli geometri uydurmadığını doğrulayın.",
P3,image-0007-instance-008,7,20260729_092447.jpg,8,4,0.00859623,UNVERIFIED_HUMAN_ANNOTATION,"Bu insan çizimi polygon, görünür ön yüz kurallarına göre henüz doğrulanmadı.","Ön yüz kapsamını, yan yüzlerin dışarıda kalmasını, gölge/örtüşme sınırını ve çizim hassasiyetini kontrol edip insan kararını kaydedin.",
P2,image-0007-instance-009,7,20260729_092447.jpg,9,3,0.00092858,TRIANGULAR_VISIBLE_REGION_REVIEW|UNVERIFIED_HUMAN_ANNOTATION,Şekil veya görüntü sınırında kesilme fiziksel olarak yorumlanmalı; köşe sayısı tek başına hata değildir.,"Polygonun yalnızca görünen ön yüzü izlediğini, örtücü nesnede/görüntü kenarında durduğunu ve gizli geometri uydurmadığını doğrulayın.",
P3,image-0007-instance-010,7,20260729_092447.jpg,10,4,0.00643192,UNVERIFIED_HUMAN_ANNOTATION,"Bu insan çizimi polygon, görünür ön yüz kurallarına göre henüz doğrulanmadı.","Ön yüz kapsamını, yan yüzlerin dışarıda kalmasını, gölge/örtüşme sınırını ve çizim hassasiyetini kontrol edip insan kararını kaydedin.",
P2,image-0007-instance-011,7,20260729_092447.jpg,11,6,0.00502491,CONCAVE_VISIBLE_REGION_REVIEW|MULTISIDED_VISIBLE_REGION_REVIEW|UNVERIFIED_HUMAN_ANNOTATION,Şekil veya görüntü sınırında kesilme fiziksel olarak yorumlanmalı; köşe sayısı tek başına hata değildir.,"Polygonun yalnızca görünen ön yüzü izlediğini, örtücü nesnede/görüntü kenarında durduğunu ve gizli geometri uydurmadığını doğrulayın.",
P3,image-0007-instance-012,7,20260729_092447.jpg,12,4,0.00535490,UNVERIFIED_HUMAN_ANNOTATION,"Bu insan çizimi polygon, görünür ön yüz kurallarına göre henüz doğrulanmadı.","Ön yüz kapsamını, yan yüzlerin dışarıda kalmasını, gölge/örtüşme sınırını ve çizim hassasiyetini kontrol edip insan kararını kaydedin.",
P2,image-0007-instance-013,7,20260729_092447.jpg,13,5,0.00196537,CONCAVE_VISIBLE_REGION_REVIEW|MULTISIDED_VISIBLE_REGION_REVIEW|UNVERIFIED_HUMAN_ANNOTATION,Şekil veya görüntü sınırında kesilme fiziksel olarak yorumlanmalı; köşe sayısı tek başına hata değildir.,"Polygonun yalnızca görünen ön yüzü izlediğini, örtücü nesnede/görüntü kenarında durduğunu ve gizli geometri uydurmadığını doğrulayın.",
P2,image-0007-instance-014,7,20260729_092447.jpg,14,3,0.00072804,TRIANGULAR_VISIBLE_REGION_REVIEW|UNVERIFIED_HUMAN_ANNOTATION,Şekil veya görüntü sınırında kesilme fiziksel olarak yorumlanmalı; köşe sayısı tek başına hata değildir.,"Polygonun yalnızca görünen ön yüzü izlediğini, örtücü nesnede/görüntü kenarında durduğunu ve gizli geometri uydurmadığını doğrulayın.",
P3,image-0008-instance-001,8,20260729_092449.jpg,1,4,0.02048509,UNVERIFIED_HUMAN_ANNOTATION,"Bu insan çizimi polygon, görünür ön yüz kurallarına göre henüz doğrulanmadı.","Ön yüz kapsamını, yan yüzlerin dışarıda kalmasını, gölge/örtüşme sınırını ve çizim hassasiyetini kontrol edip insan kararını kaydedin.",
P3,image-0008-instance-002,8,20260729_092449.jpg,2,4,0.01147921,UNVERIFIED_HUMAN_ANNOTATION,"Bu insan çizimi polygon, görünür ön yüz kurallarına göre henüz doğrulanmadı.","Ön yüz kapsamını, yan yüzlerin dışarıda kalmasını, gölge/örtüşme sınırını ve çizim hassasiyetini kontrol edip insan kararını kaydedin.",
P3,image-0008-instance-003,8,20260729_092449.jpg,3,4,0.01017310,UNVERIFIED_HUMAN_ANNOTATION,"Bu insan çizimi polygon, görünür ön yüz kurallarına göre henüz doğrulanmadı.","Ön yüz kapsamını, yan yüzlerin dışarıda kalmasını, gölge/örtüşme sınırını ve çizim hassasiyetini kontrol edip insan kararını kaydedin.",
P1,image-0008-instance-004,8,20260729_092449.jpg,4,5,0.00862545,CONCAVE_VISIBLE_REGION_REVIEW|MULTISIDED_VISIBLE_REGION_REVIEW|SELF_INTERSECTION|UNVERIFIED_HUMAN_ANNOTATION,Polygon yapısında geçerlilik uyarısı var; gerçek bir etiketleme hatası olabilir.,Noktaları CVAT'ta inceleyin. Görünen fiziksel sınırı koruyarak tekrarlanan veya kesişen hatalı noktaları düzeltin.,
P2,image-0008-instance-005,8,20260729_092449.jpg,5,6,0.00702694,CONCAVE_VISIBLE_REGION_REVIEW|MULTISIDED_VISIBLE_REGION_REVIEW|UNVERIFIED_HUMAN_ANNOTATION,Şekil veya görüntü sınırında kesilme fiziksel olarak yorumlanmalı; köşe sayısı tek başına hata değildir.,"Polygonun yalnızca görünen ön yüzü izlediğini, örtücü nesnede/görüntü kenarında durduğunu ve gizli geometri uydurmadığını doğrulayın.",
P3,image-0008-instance-006,8,20260729_092449.jpg,6,4,0.01155287,UNVERIFIED_HUMAN_ANNOTATION,"Bu insan çizimi polygon, görünür ön yüz kurallarına göre henüz doğrulanmadı.","Ön yüz kapsamını, yan yüzlerin dışarıda kalmasını, gölge/örtüşme sınırını ve çizim hassasiyetini kontrol edip insan kararını kaydedin.",
P3,image-0008-instance-007,8,20260729_092449.jpg,7,4,0.00583188,UNVERIFIED_HUMAN_ANNOTATION,"Bu insan çizimi polygon, görünür ön yüz kurallarına göre henüz doğrulanmadı.","Ön yüz kapsamını, yan yüzlerin dışarıda kalmasını, gölge/örtüşme sınırını ve çizim hassasiyetini kontrol edip insan kararını kaydedin.",
P3,image-0008-instance-008,8,20260729_092449.jpg,8,4,0.00378667,UNVERIFIED_HUMAN_ANNOTATION,"Bu insan çizimi polygon, görünür ön yüz kurallarına göre henüz doğrulanmadı.","Ön yüz kapsamını, yan yüzlerin dışarıda kalmasını, gölge/örtüşme sınırını ve çizim hassasiyetini kontrol edip insan kararını kaydedin.",
P3,image-0008-instance-009,8,20260729_092449.jpg,9,4,0.00715398,UNVERIFIED_HUMAN_ANNOTATION,"Bu insan çizimi polygon, görünür ön yüz kurallarına göre henüz doğrulanmadı.","Ön yüz kapsamını, yan yüzlerin dışarıda kalmasını, gölge/örtüşme sınırını ve çizim hassasiyetini kontrol edip insan kararını kaydedin.",
P2,image-0008-instance-010,8,20260729_092449.jpg,10,5,0.00122025,CONCAVE_VISIBLE_REGION_REVIEW|MULTISIDED_VISIBLE_REGION_REVIEW|UNVERIFIED_HUMAN_ANNOTATION,Şekil veya görüntü sınırında kesilme fiziksel olarak yorumlanmalı; köşe sayısı tek başına hata değildir.,"Polygonun yalnızca görünen ön yüzü izlediğini, örtücü nesnede/görüntü kenarında durduğunu ve gizli geometri uydurmadığını doğrulayın.",
P3,image-0008-instance-011,8,20260729_092449.jpg,11,4,0.00885210,UNVERIFIED_HUMAN_ANNOTATION,"Bu insan çizimi polygon, görünür ön yüz kurallarına göre henüz doğrulanmadı.","Ön yüz kapsamını, yan yüzlerin dışarıda kalmasını, gölge/örtüşme sınırını ve çizim hassasiyetini kontrol edip insan kararını kaydedin.",
P2,image-0008-instance-012,8,20260729_092449.jpg,12,6,0.00641929,CONCAVE_VISIBLE_REGION_REVIEW|MULTISIDED_VISIBLE_REGION_REVIEW|UNVERIFIED_HUMAN_ANNOTATION,Şekil veya görüntü sınırında kesilme fiziksel olarak yorumlanmalı; köşe sayısı tek başına hata değildir.,"Polygonun yalnızca görünen ön yüzü izlediğini, örtücü nesnede/görüntü kenarında durduğunu ve gizli geometri uydurmadığını doğrulayın.",
P3,image-0008-instance-013,8,20260729_092449.jpg,13,4,0.00792433,UNVERIFIED_HUMAN_ANNOTATION,"Bu insan çizimi polygon, görünür ön yüz kurallarına göre henüz doğrulanmadı.","Ön yüz kapsamını, yan yüzlerin dışarıda kalmasını, gölge/örtüşme sınırını ve çizim hassasiyetini kontrol edip insan kararını kaydedin.",
P3,image-0009-instance-001,9,20260729_092516.jpg,1,4,0.53192697,UNVERIFIED_HUMAN_ANNOTATION,"Bu insan çizimi polygon, görünür ön yüz kurallarına göre henüz doğrulanmadı.","Ön yüz kapsamını, yan yüzlerin dışarıda kalmasını, gölge/örtüşme sınırını ve çizim hassasiyetini kontrol edip insan kararını kaydedin.",
P3,image-0010-instance-001,10,20260729_092621.jpg,1,4,0.00438051,UNVERIFIED_HUMAN_ANNOTATION,"Bu insan çizimi polygon, görünür ön yüz kurallarına göre henüz doğrulanmadı.","Ön yüz kapsamını, yan yüzlerin dışarıda kalmasını, gölge/örtüşme sınırını ve çizim hassasiyetini kontrol edip insan kararını kaydedin.",
P3,image-0010-instance-002,10,20260729_092621.jpg,2,4,0.00393838,UNVERIFIED_HUMAN_ANNOTATION,"Bu insan çizimi polygon, görünür ön yüz kurallarına göre henüz doğrulanmadı.","Ön yüz kapsamını, yan yüzlerin dışarıda kalmasını, gölge/örtüşme sınırını ve çizim hassasiyetini kontrol edip insan kararını kaydedin.",
P3,image-0010-instance-003,10,20260729_092621.jpg,3,4,0.00402899,UNVERIFIED_HUMAN_ANNOTATION,"Bu insan çizimi polygon, görünür ön yüz kurallarına göre henüz doğrulanmadı.","Ön yüz kapsamını, yan yüzlerin dışarıda kalmasını, gölge/örtüşme sınırını ve çizim hassasiyetini kontrol edip insan kararını kaydedin.",
P3,image-0010-instance-004,10,20260729_092621.jpg,4,4,0.00299969,UNVERIFIED_HUMAN_ANNOTATION,"Bu insan çizimi polygon, görünür ön yüz kurallarına göre henüz doğrulanmadı.","Ön yüz kapsamını, yan yüzlerin dışarıda kalmasını, gölge/örtüşme sınırını ve çizim hassasiyetini kontrol edip insan kararını kaydedin.",
P2,image-0010-instance-005,10,20260729_092621.jpg,5,5,0.00597572,MULTISIDED_VISIBLE_REGION_REVIEW|UNVERIFIED_HUMAN_ANNOTATION,Şekil veya görüntü sınırında kesilme fiziksel olarak yorumlanmalı; köşe sayısı tek başına hata değildir.,"Polygonun yalnızca görünen ön yüzü izlediğini, örtücü nesnede/görüntü kenarında durduğunu ve gizli geometri uydurmadığını doğrulayın.",
P3,image-0010-instance-006,10,20260729_092621.jpg,6,4,0.00655721,UNVERIFIED_HUMAN_ANNOTATION,"Bu insan çizimi polygon, görünür ön yüz kurallarına göre henüz doğrulanmadı.","Ön yüz kapsamını, yan yüzlerin dışarıda kalmasını, gölge/örtüşme sınırını ve çizim hassasiyetini kontrol edip insan kararını kaydedin.",
P3,image-0010-instance-007,10,20260729_092621.jpg,7,4,0.00479695,UNVERIFIED_HUMAN_ANNOTATION,"Bu insan çizimi polygon, görünür ön yüz kurallarına göre henüz doğrulanmadı.","Ön yüz kapsamını, yan yüzlerin dışarıda kalmasını, gölge/örtüşme sınırını ve çizim hassasiyetini kontrol edip insan kararını kaydedin.",
P3,image-0010-instance-008,10,20260729_092621.jpg,8,4,0.00218407,UNVERIFIED_HUMAN_ANNOTATION,"Bu insan çizimi polygon, görünür ön yüz kurallarına göre henüz doğrulanmadı.","Ön yüz kapsamını, yan yüzlerin dışarıda kalmasını, gölge/örtüşme sınırını ve çizim hassasiyetini kontrol edip insan kararını kaydedin.",
P3,image-0010-instance-009,10,20260729_092621.jpg,9,4,0.00290454,UNVERIFIED_HUMAN_ANNOTATION,"Bu insan çizimi polygon, görünür ön yüz kurallarına göre henüz doğrulanmadı.","Ön yüz kapsamını, yan yüzlerin dışarıda kalmasını, gölge/örtüşme sınırını ve çizim hassasiyetini kontrol edip insan kararını kaydedin.",
P2,image-0010-instance-010,10,20260729_092621.jpg,10,6,0.00515657,FRAME_BOUNDARY_TRUNCATION_REVIEW|MULTISIDED_VISIBLE_REGION_REVIEW|UNVERIFIED_HUMAN_ANNOTATION,Şekil veya görüntü sınırında kesilme fiziksel olarak yorumlanmalı; köşe sayısı tek başına hata değildir.,"Polygonun yalnızca görünen ön yüzü izlediğini, örtücü nesnede/görüntü kenarında durduğunu ve gizli geometri uydurmadığını doğrulayın.",
P2,image-0011-instance-001,11,20260729_092622.jpg,1,5,0.00586308,MULTISIDED_VISIBLE_REGION_REVIEW|UNVERIFIED_HUMAN_ANNOTATION,Şekil veya görüntü sınırında kesilme fiziksel olarak yorumlanmalı; köşe sayısı tek başına hata değildir.,"Polygonun yalnızca görünen ön yüzü izlediğini, örtücü nesnede/görüntü kenarında durduğunu ve gizli geometri uydurmadığını doğrulayın.",
P2,image-0011-instance-002,11,20260729_092622.jpg,2,6,0.00524918,FRAME_BOUNDARY_TRUNCATION_REVIEW|MULTISIDED_VISIBLE_REGION_REVIEW|UNVERIFIED_HUMAN_ANNOTATION,Şekil veya görüntü sınırında kesilme fiziksel olarak yorumlanmalı; köşe sayısı tek başına hata değildir.,"Polygonun yalnızca görünen ön yüzü izlediğini, örtücü nesnede/görüntü kenarında durduğunu ve gizli geometri uydurmadığını doğrulayın.",
P3,image-0011-instance-003,11,20260729_092622.jpg,3,4,0.00289967,UNVERIFIED_HUMAN_ANNOTATION,"Bu insan çizimi polygon, görünür ön yüz kurallarına göre henüz doğrulanmadı.","Ön yüz kapsamını, yan yüzlerin dışarıda kalmasını, gölge/örtüşme sınırını ve çizim hassasiyetini kontrol edip insan kararını kaydedin.",
P3,image-0011-instance-004,11,20260729_092622.jpg,4,4,0.00420772,UNVERIFIED_HUMAN_ANNOTATION,"Bu insan çizimi polygon, görünür ön yüz kurallarına göre henüz doğrulanmadı.","Ön yüz kapsamını, yan yüzlerin dışarıda kalmasını, gölge/örtüşme sınırını ve çizim hassasiyetini kontrol edip insan kararını kaydedin.",
P3,image-0011-instance-005,11,20260729_092622.jpg,5,4,0.00144034,UNVERIFIED_HUMAN_ANNOTATION,"Bu insan çizimi polygon, görünür ön yüz kurallarına göre henüz doğrulanmadı.","Ön yüz kapsamını, yan yüzlerin dışarıda kalmasını, gölge/örtüşme sınırını ve çizim hassasiyetini kontrol edip insan kararını kaydedin.",
P3,image-0011-instance-006,11,20260729_092622.jpg,6,4,0.00437791,UNVERIFIED_HUMAN_ANNOTATION,"Bu insan çizimi polygon, görünür ön yüz kurallarına göre henüz doğrulanmadı.","Ön yüz kapsamını, yan yüzlerin dışarıda kalmasını, gölge/örtüşme sınırını ve çizim hassasiyetini kontrol edip insan kararını kaydedin.",
P3,image-0011-instance-007,11,20260729_092622.jpg,7,4,0.00624587,UNVERIFIED_HUMAN_ANNOTATION,"Bu insan çizimi polygon, görünür ön yüz kurallarına göre henüz doğrulanmadı.","Ön yüz kapsamını, yan yüzlerin dışarıda kalmasını, gölge/örtüşme sınırını ve çizim hassasiyetini kontrol edip insan kararını kaydedin.",
P3,image-0011-instance-008,11,20260729_092622.jpg,8,4,0.00409530,UNVERIFIED_HUMAN_ANNOTATION,"Bu insan çizimi polygon, görünür ön yüz kurallarına göre henüz doğrulanmadı.","Ön yüz kapsamını, yan yüzlerin dışarıda kalmasını, gölge/örtüşme sınırını ve çizim hassasiyetini kontrol edip insan kararını kaydedin.",
P3,image-0011-instance-009,11,20260729_092622.jpg,9,4,0.00408305,UNVERIFIED_HUMAN_ANNOTATION,"Bu insan çizimi polygon, görünür ön yüz kurallarına göre henüz doğrulanmadı.","Ön yüz kapsamını, yan yüzlerin dışarıda kalmasını, gölge/örtüşme sınırını ve çizim hassasiyetini kontrol edip insan kararını kaydedin.",
P3,image-0011-instance-010,11,20260729_092622.jpg,10,4,0.00289001,UNVERIFIED_HUMAN_ANNOTATION,"Bu insan çizimi polygon, görünür ön yüz kurallarına göre henüz doğrulanmadı.","Ön yüz kapsamını, yan yüzlerin dışarıda kalmasını, gölge/örtüşme sınırını ve çizim hassasiyetini kontrol edip insan kararını kaydedin.",
P3,image-0012-instance-001,12,20260729_092644.jpg,1,4,0.01025276,UNVERIFIED_HUMAN_ANNOTATION,"Bu insan çizimi polygon, görünür ön yüz kurallarına göre henüz doğrulanmadı.","Ön yüz kapsamını, yan yüzlerin dışarıda kalmasını, gölge/örtüşme sınırını ve çizim hassasiyetini kontrol edip insan kararını kaydedin.",
P3,image-0012-instance-002,12,20260729_092644.jpg,2,4,0.00945257,UNVERIFIED_HUMAN_ANNOTATION,"Bu insan çizimi polygon, görünür ön yüz kurallarına göre henüz doğrulanmadı.","Ön yüz kapsamını, yan yüzlerin dışarıda kalmasını, gölge/örtüşme sınırını ve çizim hassasiyetini kontrol edip insan kararını kaydedin.",
P3,image-0012-instance-003,12,20260729_092644.jpg,3,4,0.00632671,UNVERIFIED_HUMAN_ANNOTATION,"Bu insan çizimi polygon, görünür ön yüz kurallarına göre henüz doğrulanmadı.","Ön yüz kapsamını, yan yüzlerin dışarıda kalmasını, gölge/örtüşme sınırını ve çizim hassasiyetini kontrol edip insan kararını kaydedin.",
P3,image-0012-instance-004,12,20260729_092644.jpg,4,4,0.02062515,UNVERIFIED_HUMAN_ANNOTATION,"Bu insan çizimi polygon, görünür ön yüz kurallarına göre henüz doğrulanmadı.","Ön yüz kapsamını, yan yüzlerin dışarıda kalmasını, gölge/örtüşme sınırını ve çizim hassasiyetini kontrol edip insan kararını kaydedin.",
P3,image-0012-instance-005,12,20260729_092644.jpg,5,4,0.02491187,UNVERIFIED_HUMAN_ANNOTATION,"Bu insan çizimi polygon, görünür ön yüz kurallarına göre henüz doğrulanmadı.","Ön yüz kapsamını, yan yüzlerin dışarıda kalmasını, gölge/örtüşme sınırını ve çizim hassasiyetini kontrol edip insan kararını kaydedin.",
P3,image-0012-instance-006,12,20260729_092644.jpg,6,4,0.01111921,UNVERIFIED_HUMAN_ANNOTATION,"Bu insan çizimi polygon, görünür ön yüz kurallarına göre henüz doğrulanmadı.","Ön yüz kapsamını, yan yüzlerin dışarıda kalmasını, gölge/örtüşme sınırını ve çizim hassasiyetini kontrol edip insan kararını kaydedin.",
P2,image-0012-instance-007,12,20260729_092644.jpg,7,5,0.00675786,MULTISIDED_VISIBLE_REGION_REVIEW|UNVERIFIED_HUMAN_ANNOTATION,Şekil veya görüntü sınırında kesilme fiziksel olarak yorumlanmalı; köşe sayısı tek başına hata değildir.,"Polygonun yalnızca görünen ön yüzü izlediğini, örtücü nesnede/görüntü kenarında durduğunu ve gizli geometri uydurmadığını doğrulayın.",
P3,image-0013-instance-001,13,20260729_095134.jpg,1,4,0.00441435,UNVERIFIED_HUMAN_ANNOTATION,"Bu insan çizimi polygon, görünür ön yüz kurallarına göre henüz doğrulanmadı.","Ön yüz kapsamını, yan yüzlerin dışarıda kalmasını, gölge/örtüşme sınırını ve çizim hassasiyetini kontrol edip insan kararını kaydedin.",
P3,image-0013-instance-002,13,20260729_095134.jpg,2,4,0.00441928,UNVERIFIED_HUMAN_ANNOTATION,"Bu insan çizimi polygon, görünür ön yüz kurallarına göre henüz doğrulanmadı.","Ön yüz kapsamını, yan yüzlerin dışarıda kalmasını, gölge/örtüşme sınırını ve çizim hassasiyetini kontrol edip insan kararını kaydedin.",
P3,image-0013-instance-003,13,20260729_095134.jpg,3,4,0.00378658,UNVERIFIED_HUMAN_ANNOTATION,"Bu insan çizimi polygon, görünür ön yüz kurallarına göre henüz doğrulanmadı.","Ön yüz kapsamını, yan yüzlerin dışarıda kalmasını, gölge/örtüşme sınırını ve çizim hassasiyetini kontrol edip insan kararını kaydedin.",
P3,image-0013-instance-004,13,20260729_095134.jpg,4,4,0.00352292,UNVERIFIED_HUMAN_ANNOTATION,"Bu insan çizimi polygon, görünür ön yüz kurallarına göre henüz doğrulanmadı.","Ön yüz kapsamını, yan yüzlerin dışarıda kalmasını, gölge/örtüşme sınırını ve çizim hassasiyetini kontrol edip insan kararını kaydedin.",
P3,image-0013-instance-005,13,20260729_095134.jpg,5,4,0.00381944,UNVERIFIED_HUMAN_ANNOTATION,"Bu insan çizimi polygon, görünür ön yüz kurallarına göre henüz doğrulanmadı.","Ön yüz kapsamını, yan yüzlerin dışarıda kalmasını, gölge/örtüşme sınırını ve çizim hassasiyetini kontrol edip insan kararını kaydedin.",
P3,image-0013-instance-006,13,20260729_095134.jpg,6,4,0.00392350,UNVERIFIED_HUMAN_ANNOTATION,"Bu insan çizimi polygon, görünür ön yüz kurallarına göre henüz doğrulanmadı.","Ön yüz kapsamını, yan yüzlerin dışarıda kalmasını, gölge/örtüşme sınırını ve çizim hassasiyetini kontrol edip insan kararını kaydedin.",
P2,image-0013-instance-007,13,20260729_095134.jpg,7,5,0.00406840,CONCAVE_VISIBLE_REGION_REVIEW|MULTISIDED_VISIBLE_REGION_REVIEW|UNVERIFIED_HUMAN_ANNOTATION,Şekil veya görüntü sınırında kesilme fiziksel olarak yorumlanmalı; köşe sayısı tek başına hata değildir.,"Polygonun yalnızca görünen ön yüzü izlediğini, örtücü nesnede/görüntü kenarında durduğunu ve gizli geometri uydurmadığını doğrulayın.",
P3,image-0013-instance-008,13,20260729_095134.jpg,8,4,0.00301903,UNVERIFIED_HUMAN_ANNOTATION,"Bu insan çizimi polygon, görünür ön yüz kurallarına göre henüz doğrulanmadı.","Ön yüz kapsamını, yan yüzlerin dışarıda kalmasını, gölge/örtüşme sınırını ve çizim hassasiyetini kontrol edip insan kararını kaydedin.",
P3,image-0013-instance-009,13,20260729_095134.jpg,9,4,0.00296816,UNVERIFIED_HUMAN_ANNOTATION,"Bu insan çizimi polygon, görünür ön yüz kurallarına göre henüz doğrulanmadı.","Ön yüz kapsamını, yan yüzlerin dışarıda kalmasını, gölge/örtüşme sınırını ve çizim hassasiyetini kontrol edip insan kararını kaydedin.",
P3,image-0013-instance-010,13,20260729_095134.jpg,10,4,0.00442256,UNVERIFIED_HUMAN_ANNOTATION,"Bu insan çizimi polygon, görünür ön yüz kurallarına göre henüz doğrulanmadı.","Ön yüz kapsamını, yan yüzlerin dışarıda kalmasını, gölge/örtüşme sınırını ve çizim hassasiyetini kontrol edip insan kararını kaydedin.",
P3,image-0013-instance-011,13,20260729_095134.jpg,11,4,0.00443645,UNVERIFIED_HUMAN_ANNOTATION,"Bu insan çizimi polygon, görünür ön yüz kurallarına göre henüz doğrulanmadı.","Ön yüz kapsamını, yan yüzlerin dışarıda kalmasını, gölge/örtüşme sınırını ve çizim hassasiyetini kontrol edip insan kararını kaydedin.",
P3,image-0013-instance-012,13,20260729_095134.jpg,12,4,0.00409754,UNVERIFIED_HUMAN_ANNOTATION,"Bu insan çizimi polygon, görünür ön yüz kurallarına göre henüz doğrulanmadı.","Ön yüz kapsamını, yan yüzlerin dışarıda kalmasını, gölge/örtüşme sınırını ve çizim hassasiyetini kontrol edip insan kararını kaydedin.",
P3,image-0013-instance-013,13,20260729_095134.jpg,13,4,0.00404233,UNVERIFIED_HUMAN_ANNOTATION,"Bu insan çizimi polygon, görünür ön yüz kurallarına göre henüz doğrulanmadı.","Ön yüz kapsamını, yan yüzlerin dışarıda kalmasını, gölge/örtüşme sınırını ve çizim hassasiyetini kontrol edip insan kararını kaydedin.",
P3,image-0013-instance-014,13,20260729_095134.jpg,14,4,0.00372758,UNVERIFIED_HUMAN_ANNOTATION,"Bu insan çizimi polygon, görünür ön yüz kurallarına göre henüz doğrulanmadı.","Ön yüz kapsamını, yan yüzlerin dışarıda kalmasını, gölge/örtüşme sınırını ve çizim hassasiyetini kontrol edip insan kararını kaydedin.",
P3,image-0013-instance-015,13,20260729_095134.jpg,15,4,0.00401551,UNVERIFIED_HUMAN_ANNOTATION,"Bu insan çizimi polygon, görünür ön yüz kurallarına göre henüz doğrulanmadı.","Ön yüz kapsamını, yan yüzlerin dışarıda kalmasını, gölge/örtüşme sınırını ve çizim hassasiyetini kontrol edip insan kararını kaydedin.",
P3,image-0013-instance-016,13,20260729_095134.jpg,16,4,0.00408371,UNVERIFIED_HUMAN_ANNOTATION,"Bu insan çizimi polygon, görünür ön yüz kurallarına göre henüz doğrulanmadı.","Ön yüz kapsamını, yan yüzlerin dışarıda kalmasını, gölge/örtüşme sınırını ve çizim hassasiyetini kontrol edip insan kararını kaydedin.",
P3,image-0013-instance-017,13,20260729_095134.jpg,17,4,0.00347047,UNVERIFIED_HUMAN_ANNOTATION,"Bu insan çizimi polygon, görünür ön yüz kurallarına göre henüz doğrulanmadı.","Ön yüz kapsamını, yan yüzlerin dışarıda kalmasını, gölge/örtüşme sınırını ve çizim hassasiyetini kontrol edip insan kararını kaydedin.",
P3,image-0013-instance-018,13,20260729_095134.jpg,18,4,0.00428094,UNVERIFIED_HUMAN_ANNOTATION,"Bu insan çizimi polygon, görünür ön yüz kurallarına göre henüz doğrulanmadı.","Ön yüz kapsamını, yan yüzlerin dışarıda kalmasını, gölge/örtüşme sınırını ve çizim hassasiyetini kontrol edip insan kararını kaydedin.",
P3,image-0013-instance-019,13,20260729_095134.jpg,19,4,0.00380183,UNVERIFIED_HUMAN_ANNOTATION,"Bu insan çizimi polygon, görünür ön yüz kurallarına göre henüz doğrulanmadı.","Ön yüz kapsamını, yan yüzlerin dışarıda kalmasını, gölge/örtüşme sınırını ve çizim hassasiyetini kontrol edip insan kararını kaydedin.",
P3,image-0013-instance-020,13,20260729_095134.jpg,20,4,0.00330894,UNVERIFIED_HUMAN_ANNOTATION,"Bu insan çizimi polygon, görünür ön yüz kurallarına göre henüz doğrulanmadı.","Ön yüz kapsamını, yan yüzlerin dışarıda kalmasını, gölge/örtüşme sınırını ve çizim hassasiyetini kontrol edip insan kararını kaydedin.",
P3,image-0013-instance-021,13,20260729_095134.jpg,21,4,0.00310593,UNVERIFIED_HUMAN_ANNOTATION,"Bu insan çizimi polygon, görünür ön yüz kurallarına göre henüz doğrulanmadı.","Ön yüz kapsamını, yan yüzlerin dışarıda kalmasını, gölge/örtüşme sınırını ve çizim hassasiyetini kontrol edip insan kararını kaydedin.",
P3,image-0013-instance-022,13,20260729_095134.jpg,22,4,0.00378567,UNVERIFIED_HUMAN_ANNOTATION,"Bu insan çizimi polygon, görünür ön yüz kurallarına göre henüz doğrulanmadı.","Ön yüz kapsamını, yan yüzlerin dışarıda kalmasını, gölge/örtüşme sınırını ve çizim hassasiyetini kontrol edip insan kararını kaydedin.",
P3,image-0013-instance-023,13,20260729_095134.jpg,23,4,0.00363097,UNVERIFIED_HUMAN_ANNOTATION,"Bu insan çizimi polygon, görünür ön yüz kurallarına göre henüz doğrulanmadı.","Ön yüz kapsamını, yan yüzlerin dışarıda kalmasını, gölge/örtüşme sınırını ve çizim hassasiyetini kontrol edip insan kararını kaydedin.",
P2,image-0013-instance-024,13,20260729_095134.jpg,24,4,0.00354008,FRAME_BOUNDARY_TRUNCATION_REVIEW|UNVERIFIED_HUMAN_ANNOTATION,Şekil veya görüntü sınırında kesilme fiziksel olarak yorumlanmalı; köşe sayısı tek başına hata değildir.,"Polygonun yalnızca görünen ön yüzü izlediğini, örtücü nesnede/görüntü kenarında durduğunu ve gizli geometri uydurmadığını doğrulayın.",
P2,image-0014-instance-001,14,20260729_095136(0).jpg,1,5,0.00862996,FRAME_BOUNDARY_TRUNCATION_REVIEW|MULTISIDED_VISIBLE_REGION_REVIEW|UNVERIFIED_HUMAN_ANNOTATION,Şekil veya görüntü sınırında kesilme fiziksel olarak yorumlanmalı; köşe sayısı tek başına hata değildir.,"Polygonun yalnızca görünen ön yüzü izlediğini, örtücü nesnede/görüntü kenarında durduğunu ve gizli geometri uydurmadığını doğrulayın.",
P3,image-0014-instance-002,14,20260729_095136(0).jpg,2,4,0.00567046,UNVERIFIED_HUMAN_ANNOTATION,"Bu insan çizimi polygon, görünür ön yüz kurallarına göre henüz doğrulanmadı.","Ön yüz kapsamını, yan yüzlerin dışarıda kalmasını, gölge/örtüşme sınırını ve çizim hassasiyetini kontrol edip insan kararını kaydedin.",
P3,image-0014-instance-003,14,20260729_095136(0).jpg,3,4,0.00513140,UNVERIFIED_HUMAN_ANNOTATION,"Bu insan çizimi polygon, görünür ön yüz kurallarına göre henüz doğrulanmadı.","Ön yüz kapsamını, yan yüzlerin dışarıda kalmasını, gölge/örtüşme sınırını ve çizim hassasiyetini kontrol edip insan kararını kaydedin.",
P2,image-0014-instance-004,14,20260729_095136(0).jpg,4,4,0.00377988,FRAME_BOUNDARY_TRUNCATION_REVIEW|UNVERIFIED_HUMAN_ANNOTATION,Şekil veya görüntü sınırında kesilme fiziksel olarak yorumlanmalı; köşe sayısı tek başına hata değildir.,"Polygonun yalnızca görünen ön yüzü izlediğini, örtücü nesnede/görüntü kenarında durduğunu ve gizli geometri uydurmadığını doğrulayın.",
P3,image-0014-instance-005,14,20260729_095136(0).jpg,5,4,0.00545796,UNVERIFIED_HUMAN_ANNOTATION,"Bu insan çizimi polygon, görünür ön yüz kurallarına göre henüz doğrulanmadı.","Ön yüz kapsamını, yan yüzlerin dışarıda kalmasını, gölge/örtüşme sınırını ve çizim hassasiyetini kontrol edip insan kararını kaydedin.",
P3,image-0014-instance-006,14,20260729_095136(0).jpg,6,4,0.00525756,UNVERIFIED_HUMAN_ANNOTATION,"Bu insan çizimi polygon, görünür ön yüz kurallarına göre henüz doğrulanmadı.","Ön yüz kapsamını, yan yüzlerin dışarıda kalmasını, gölge/örtüşme sınırını ve çizim hassasiyetini kontrol edip insan kararını kaydedin.",
P3,image-0014-instance-007,14,20260729_095136(0).jpg,7,4,0.00557229,UNVERIFIED_HUMAN_ANNOTATION,"Bu insan çizimi polygon, görünür ön yüz kurallarına göre henüz doğrulanmadı.","Ön yüz kapsamını, yan yüzlerin dışarıda kalmasını, gölge/örtüşme sınırını ve çizim hassasiyetini kontrol edip insan kararını kaydedin.",
P3,image-0014-instance-008,14,20260729_095136(0).jpg,8,4,0.00508609,UNVERIFIED_HUMAN_ANNOTATION,"Bu insan çizimi polygon, görünür ön yüz kurallarına göre henüz doğrulanmadı.","Ön yüz kapsamını, yan yüzlerin dışarıda kalmasını, gölge/örtüşme sınırını ve çizim hassasiyetini kontrol edip insan kararını kaydedin.",
P3,image-0014-instance-009,14,20260729_095136(0).jpg,9,4,0.00545424,UNVERIFIED_HUMAN_ANNOTATION,"Bu insan çizimi polygon, görünür ön yüz kurallarına göre henüz doğrulanmadı.","Ön yüz kapsamını, yan yüzlerin dışarıda kalmasını, gölge/örtüşme sınırını ve çizim hassasiyetini kontrol edip insan kararını kaydedin.",
P3,image-0014-instance-010,14,20260729_095136(0).jpg,10,4,0.00567587,UNVERIFIED_HUMAN_ANNOTATION,"Bu insan çizimi polygon, görünür ön yüz kurallarına göre henüz doğrulanmadı.","Ön yüz kapsamını, yan yüzlerin dışarıda kalmasını, gölge/örtüşme sınırını ve çizim hassasiyetini kontrol edip insan kararını kaydedin.",
P3,image-0014-instance-011,14,20260729_095136(0).jpg,11,4,0.00530266,UNVERIFIED_HUMAN_ANNOTATION,"Bu insan çizimi polygon, görünür ön yüz kurallarına göre henüz doğrulanmadı.","Ön yüz kapsamını, yan yüzlerin dışarıda kalmasını, gölge/örtüşme sınırını ve çizim hassasiyetini kontrol edip insan kararını kaydedin.",
P3,image-0014-instance-012,14,20260729_095136(0).jpg,12,4,0.00631257,UNVERIFIED_HUMAN_ANNOTATION,"Bu insan çizimi polygon, görünür ön yüz kurallarına göre henüz doğrulanmadı.","Ön yüz kapsamını, yan yüzlerin dışarıda kalmasını, gölge/örtüşme sınırını ve çizim hassasiyetini kontrol edip insan kararını kaydedin.",
P3,image-0014-instance-013,14,20260729_095136(0).jpg,13,4,0.00598757,UNVERIFIED_HUMAN_ANNOTATION,"Bu insan çizimi polygon, görünür ön yüz kurallarına göre henüz doğrulanmadı.","Ön yüz kapsamını, yan yüzlerin dışarıda kalmasını, gölge/örtüşme sınırını ve çizim hassasiyetini kontrol edip insan kararını kaydedin.",
P2,image-0014-instance-014,14,20260729_095136(0).jpg,14,5,0.00406610,FRAME_BOUNDARY_TRUNCATION_REVIEW|MULTISIDED_VISIBLE_REGION_REVIEW|UNVERIFIED_HUMAN_ANNOTATION,Şekil veya görüntü sınırında kesilme fiziksel olarak yorumlanmalı; köşe sayısı tek başına hata değildir.,"Polygonun yalnızca görünen ön yüzü izlediğini, örtücü nesnede/görüntü kenarında durduğunu ve gizli geometri uydurmadığını doğrulayın.",
P3,image-0014-instance-015,14,20260729_095136(0).jpg,15,4,0.00465088,UNVERIFIED_HUMAN_ANNOTATION,"Bu insan çizimi polygon, görünür ön yüz kurallarına göre henüz doğrulanmadı.","Ön yüz kapsamını, yan yüzlerin dışarıda kalmasını, gölge/örtüşme sınırını ve çizim hassasiyetini kontrol edip insan kararını kaydedin.",
P2,image-0014-instance-016,14,20260729_095136(0).jpg,16,5,0.00501112,CONCAVE_VISIBLE_REGION_REVIEW|MULTISIDED_VISIBLE_REGION_REVIEW|UNVERIFIED_HUMAN_ANNOTATION,Şekil veya görüntü sınırında kesilme fiziksel olarak yorumlanmalı; köşe sayısı tek başına hata değildir.,"Polygonun yalnızca görünen ön yüzü izlediğini, örtücü nesnede/görüntü kenarında durduğunu ve gizli geometri uydurmadığını doğrulayın.",
P3,image-0014-instance-017,14,20260729_095136(0).jpg,17,4,0.00458714,UNVERIFIED_HUMAN_ANNOTATION,"Bu insan çizimi polygon, görünür ön yüz kurallarına göre henüz doğrulanmadı.","Ön yüz kapsamını, yan yüzlerin dışarıda kalmasını, gölge/örtüşme sınırını ve çizim hassasiyetini kontrol edip insan kararını kaydedin.",
P3,image-0014-instance-018,14,20260729_095136(0).jpg,18,4,0.00476460,UNVERIFIED_HUMAN_ANNOTATION,"Bu insan çizimi polygon, görünür ön yüz kurallarına göre henüz doğrulanmadı.","Ön yüz kapsamını, yan yüzlerin dışarıda kalmasını, gölge/örtüşme sınırını ve çizim hassasiyetini kontrol edip insan kararını kaydedin.",
P3,image-0014-instance-019,14,20260729_095136(0).jpg,19,4,0.00563689,UNVERIFIED_HUMAN_ANNOTATION,"Bu insan çizimi polygon, görünür ön yüz kurallarına göre henüz doğrulanmadı.","Ön yüz kapsamını, yan yüzlerin dışarıda kalmasını, gölge/örtüşme sınırını ve çizim hassasiyetini kontrol edip insan kararını kaydedin.",
P1,image-0014-instance-020,14,20260729_095136(0).jpg,20,5,0.00536030,CONCAVE_VISIBLE_REGION_REVIEW|MULTISIDED_VISIBLE_REGION_REVIEW|SELF_INTERSECTION|UNVERIFIED_HUMAN_ANNOTATION,Polygon yapısında geçerlilik uyarısı var; gerçek bir etiketleme hatası olabilir.,Noktaları CVAT'ta inceleyin. Görünen fiziksel sınırı koruyarak tekrarlanan veya kesişen hatalı noktaları düzeltin.,
P2,image-0014-instance-021,14,20260729_095136(0).jpg,21,5,0.00523162,MULTISIDED_VISIBLE_REGION_REVIEW|UNVERIFIED_HUMAN_ANNOTATION,Şekil veya görüntü sınırında kesilme fiziksel olarak yorumlanmalı; köşe sayısı tek başına hata değildir.,"Polygonun yalnızca görünen ön yüzü izlediğini, örtücü nesnede/görüntü kenarında durduğunu ve gizli geometri uydurmadığını doğrulayın.",
P3,image-0014-instance-022,14,20260729_095136(0).jpg,22,4,0.00473158,UNVERIFIED_HUMAN_ANNOTATION,"Bu insan çizimi polygon, görünür ön yüz kurallarına göre henüz doğrulanmadı.","Ön yüz kapsamını, yan yüzlerin dışarıda kalmasını, gölge/örtüşme sınırını ve çizim hassasiyetini kontrol edip insan kararını kaydedin.",
P3,image-0014-instance-023,14,20260729_095136(0).jpg,23,4,0.00501707,UNVERIFIED_HUMAN_ANNOTATION,"Bu insan çizimi polygon, görünür ön yüz kurallarına göre henüz doğrulanmadı.","Ön yüz kapsamını, yan yüzlerin dışarıda kalmasını, gölge/örtüşme sınırını ve çizim hassasiyetini kontrol edip insan kararını kaydedin.",
P3,image-0014-instance-024,14,20260729_095136(0).jpg,24,4,0.00573171,UNVERIFIED_HUMAN_ANNOTATION,"Bu insan çizimi polygon, görünür ön yüz kurallarına göre henüz doğrulanmadı.","Ön yüz kapsamını, yan yüzlerin dışarıda kalmasını, gölge/örtüşme sınırını ve çizim hassasiyetini kontrol edip insan kararını kaydedin.",
P2,image-0014-instance-025,14,20260729_095136(0).jpg,25,5,0.00435551,FRAME_BOUNDARY_TRUNCATION_REVIEW|MULTISIDED_VISIBLE_REGION_REVIEW|UNVERIFIED_HUMAN_ANNOTATION,Şekil veya görüntü sınırında kesilme fiziksel olarak yorumlanmalı; köşe sayısı tek başına hata değildir.,"Polygonun yalnızca görünen ön yüzü izlediğini, örtücü nesnede/görüntü kenarında durduğunu ve gizli geometri uydurmadığını doğrulayın.",
P3,image-0015-instance-001,15,20260729_095139(0).jpg,1,4,0.00345713,UNVERIFIED_HUMAN_ANNOTATION,"Bu insan çizimi polygon, görünür ön yüz kurallarına göre henüz doğrulanmadı.","Ön yüz kapsamını, yan yüzlerin dışarıda kalmasını, gölge/örtüşme sınırını ve çizim hassasiyetini kontrol edip insan kararını kaydedin.",
P3,image-0015-instance-002,15,20260729_095139(0).jpg,2,4,0.00482142,UNVERIFIED_HUMAN_ANNOTATION,"Bu insan çizimi polygon, görünür ön yüz kurallarına göre henüz doğrulanmadı.","Ön yüz kapsamını, yan yüzlerin dışarıda kalmasını, gölge/örtüşme sınırını ve çizim hassasiyetini kontrol edip insan kararını kaydedin.",
P3,image-0015-instance-003,15,20260729_095139(0).jpg,3,4,0.00501985,UNVERIFIED_HUMAN_ANNOTATION,"Bu insan çizimi polygon, görünür ön yüz kurallarına göre henüz doğrulanmadı.","Ön yüz kapsamını, yan yüzlerin dışarıda kalmasını, gölge/örtüşme sınırını ve çizim hassasiyetini kontrol edip insan kararını kaydedin.",
P3,image-0015-instance-004,15,20260729_095139(0).jpg,4,4,0.00734112,UNVERIFIED_HUMAN_ANNOTATION,"Bu insan çizimi polygon, görünür ön yüz kurallarına göre henüz doğrulanmadı.","Ön yüz kapsamını, yan yüzlerin dışarıda kalmasını, gölge/örtüşme sınırını ve çizim hassasiyetini kontrol edip insan kararını kaydedin.",
P3,image-0015-instance-005,15,20260729_095139(0).jpg,5,4,0.00544451,UNVERIFIED_HUMAN_ANNOTATION,"Bu insan çizimi polygon, görünür ön yüz kurallarına göre henüz doğrulanmadı.","Ön yüz kapsamını, yan yüzlerin dışarıda kalmasını, gölge/örtüşme sınırını ve çizim hassasiyetini kontrol edip insan kararını kaydedin.",
P2,image-0015-instance-006,15,20260729_095139(0).jpg,6,4,0.00326150,FRAME_BOUNDARY_TRUNCATION_REVIEW|UNVERIFIED_HUMAN_ANNOTATION,Şekil veya görüntü sınırında kesilme fiziksel olarak yorumlanmalı; köşe sayısı tek başına hata değildir.,"Polygonun yalnızca görünen ön yüzü izlediğini, örtücü nesnede/görüntü kenarında durduğunu ve gizli geometri uydurmadığını doğrulayın.",
P2,image-0015-instance-007,15,20260729_095139(0).jpg,7,5,0.00184807,FRAME_BOUNDARY_TRUNCATION_REVIEW|MULTISIDED_VISIBLE_REGION_REVIEW|UNVERIFIED_HUMAN_ANNOTATION,Şekil veya görüntü sınırında kesilme fiziksel olarak yorumlanmalı; köşe sayısı tek başına hata değildir.,"Polygonun yalnızca görünen ön yüzü izlediğini, örtücü nesnede/görüntü kenarında durduğunu ve gizli geometri uydurmadığını doğrulayın.",
P3,image-0015-instance-008,15,20260729_095139(0).jpg,8,4,0.00556035,UNVERIFIED_HUMAN_ANNOTATION,"Bu insan çizimi polygon, görünür ön yüz kurallarına göre henüz doğrulanmadı.","Ön yüz kapsamını, yan yüzlerin dışarıda kalmasını, gölge/örtüşme sınırını ve çizim hassasiyetini kontrol edip insan kararını kaydedin.",
P3,image-0015-instance-009,15,20260729_095139(0).jpg,9,4,0.00583779,UNVERIFIED_HUMAN_ANNOTATION,"Bu insan çizimi polygon, görünür ön yüz kurallarına göre henüz doğrulanmadı.","Ön yüz kapsamını, yan yüzlerin dışarıda kalmasını, gölge/örtüşme sınırını ve çizim hassasiyetini kontrol edip insan kararını kaydedin.",
P2,image-0015-instance-010,15,20260729_095139(0).jpg,10,6,0.00468015,CONCAVE_VISIBLE_REGION_REVIEW|MULTISIDED_VISIBLE_REGION_REVIEW|UNVERIFIED_HUMAN_ANNOTATION,Şekil veya görüntü sınırında kesilme fiziksel olarak yorumlanmalı; köşe sayısı tek başına hata değildir.,"Polygonun yalnızca görünen ön yüzü izlediğini, örtücü nesnede/görüntü kenarında durduğunu ve gizli geometri uydurmadığını doğrulayın.",
P3,image-0015-instance-011,15,20260729_095139(0).jpg,11,4,0.00525567,UNVERIFIED_HUMAN_ANNOTATION,"Bu insan çizimi polygon, görünür ön yüz kurallarına göre henüz doğrulanmadı.","Ön yüz kapsamını, yan yüzlerin dışarıda kalmasını, gölge/örtüşme sınırını ve çizim hassasiyetini kontrol edip insan kararını kaydedin.",
P3,image-0015-instance-012,15,20260729_095139(0).jpg,12,4,0.00572189,UNVERIFIED_HUMAN_ANNOTATION,"Bu insan çizimi polygon, görünür ön yüz kurallarına göre henüz doğrulanmadı.","Ön yüz kapsamını, yan yüzlerin dışarıda kalmasını, gölge/örtüşme sınırını ve çizim hassasiyetini kontrol edip insan kararını kaydedin.",
P3,image-0015-instance-013,15,20260729_095139(0).jpg,13,4,0.00519677,UNVERIFIED_HUMAN_ANNOTATION,"Bu insan çizimi polygon, görünür ön yüz kurallarına göre henüz doğrulanmadı.","Ön yüz kapsamını, yan yüzlerin dışarıda kalmasını, gölge/örtüşme sınırını ve çizim hassasiyetini kontrol edip insan kararını kaydedin.",
P3,image-0015-instance-014,15,20260729_095139(0).jpg,14,4,0.00594659,UNVERIFIED_HUMAN_ANNOTATION,"Bu insan çizimi polygon, görünür ön yüz kurallarına göre henüz doğrulanmadı.","Ön yüz kapsamını, yan yüzlerin dışarıda kalmasını, gölge/örtüşme sınırını ve çizim hassasiyetini kontrol edip insan kararını kaydedin.",
P3,image-0015-instance-015,15,20260729_095139(0).jpg,15,4,0.00618651,UNVERIFIED_HUMAN_ANNOTATION,"Bu insan çizimi polygon, görünür ön yüz kurallarına göre henüz doğrulanmadı.","Ön yüz kapsamını, yan yüzlerin dışarıda kalmasını, gölge/örtüşme sınırını ve çizim hassasiyetini kontrol edip insan kararını kaydedin.",
P3,image-0015-instance-016,15,20260729_095139(0).jpg,16,4,0.00546853,UNVERIFIED_HUMAN_ANNOTATION,"Bu insan çizimi polygon, görünür ön yüz kurallarına göre henüz doğrulanmadı.","Ön yüz kapsamını, yan yüzlerin dışarıda kalmasını, gölge/örtüşme sınırını ve çizim hassasiyetini kontrol edip insan kararını kaydedin.",
P3,image-0015-instance-017,15,20260729_095139(0).jpg,17,4,0.00656022,UNVERIFIED_HUMAN_ANNOTATION,"Bu insan çizimi polygon, görünür ön yüz kurallarına göre henüz doğrulanmadı.","Ön yüz kapsamını, yan yüzlerin dışarıda kalmasını, gölge/örtüşme sınırını ve çizim hassasiyetini kontrol edip insan kararını kaydedin.",
P3,image-0015-instance-018,15,20260729_095139(0).jpg,18,4,0.00490427,UNVERIFIED_HUMAN_ANNOTATION,"Bu insan çizimi polygon, görünür ön yüz kurallarına göre henüz doğrulanmadı.","Ön yüz kapsamını, yan yüzlerin dışarıda kalmasını, gölge/örtüşme sınırını ve çizim hassasiyetini kontrol edip insan kararını kaydedin.",
P3,image-0015-instance-019,15,20260729_095139(0).jpg,19,4,0.00578921,UNVERIFIED_HUMAN_ANNOTATION,"Bu insan çizimi polygon, görünür ön yüz kurallarına göre henüz doğrulanmadı.","Ön yüz kapsamını, yan yüzlerin dışarıda kalmasını, gölge/örtüşme sınırını ve çizim hassasiyetini kontrol edip insan kararını kaydedin.",
P3,image-0015-instance-020,15,20260729_095139(0).jpg,20,4,0.00574016,UNVERIFIED_HUMAN_ANNOTATION,"Bu insan çizimi polygon, görünür ön yüz kurallarına göre henüz doğrulanmadı.","Ön yüz kapsamını, yan yüzlerin dışarıda kalmasını, gölge/örtüşme sınırını ve çizim hassasiyetini kontrol edip insan kararını kaydedin.",
P3,image-0015-instance-021,15,20260729_095139(0).jpg,21,4,0.00570791,UNVERIFIED_HUMAN_ANNOTATION,"Bu insan çizimi polygon, görünür ön yüz kurallarına göre henüz doğrulanmadı.","Ön yüz kapsamını, yan yüzlerin dışarıda kalmasını, gölge/örtüşme sınırını ve çizim hassasiyetini kontrol edip insan kararını kaydedin.",
P3,image-0015-instance-022,15,20260729_095139(0).jpg,22,4,0.00489396,UNVERIFIED_HUMAN_ANNOTATION,"Bu insan çizimi polygon, görünür ön yüz kurallarına göre henüz doğrulanmadı.","Ön yüz kapsamını, yan yüzlerin dışarıda kalmasını, gölge/örtüşme sınırını ve çizim hassasiyetini kontrol edip insan kararını kaydedin.",
P3,image-0015-instance-023,15,20260729_095139(0).jpg,23,4,0.00441661,UNVERIFIED_HUMAN_ANNOTATION,"Bu insan çizimi polygon, görünür ön yüz kurallarına göre henüz doğrulanmadı.","Ön yüz kapsamını, yan yüzlerin dışarıda kalmasını, gölge/örtüşme sınırını ve çizim hassasiyetini kontrol edip insan kararını kaydedin.",
P2,image-0015-instance-024,15,20260729_095139(0).jpg,24,6,0.00484501,CONCAVE_VISIBLE_REGION_REVIEW|MULTISIDED_VISIBLE_REGION_REVIEW|UNVERIFIED_HUMAN_ANNOTATION,Şekil veya görüntü sınırında kesilme fiziksel olarak yorumlanmalı; köşe sayısı tek başına hata değildir.,"Polygonun yalnızca görünen ön yüzü izlediğini, örtücü nesnede/görüntü kenarında durduğunu ve gizli geometri uydurmadığını doğrulayın.",
P3,image-0015-instance-025,15,20260729_095139(0).jpg,25,4,0.00430273,UNVERIFIED_HUMAN_ANNOTATION,"Bu insan çizimi polygon, görünür ön yüz kurallarına göre henüz doğrulanmadı.","Ön yüz kapsamını, yan yüzlerin dışarıda kalmasını, gölge/örtüşme sınırını ve çizim hassasiyetini kontrol edip insan kararını kaydedin.",
P2,image-0015-instance-026,15,20260729_095139(0).jpg,26,6,0.00426560,CONCAVE_VISIBLE_REGION_REVIEW|MULTISIDED_VISIBLE_REGION_REVIEW|UNVERIFIED_HUMAN_ANNOTATION,Şekil veya görüntü sınırında kesilme fiziksel olarak yorumlanmalı; köşe sayısı tek başına hata değildir.,"Polygonun yalnızca görünen ön yüzü izlediğini, örtücü nesnede/görüntü kenarında durduğunu ve gizli geometri uydurmadığını doğrulayın.",
P3,image-0016-instance-001,16,20260729_095144(0).jpg,1,4,0.00480326,UNVERIFIED_HUMAN_ANNOTATION,"Bu insan çizimi polygon, görünür ön yüz kurallarına göre henüz doğrulanmadı.","Ön yüz kapsamını, yan yüzlerin dışarıda kalmasını, gölge/örtüşme sınırını ve çizim hassasiyetini kontrol edip insan kararını kaydedin.",
P3,image-0016-instance-002,16,20260729_095144(0).jpg,2,4,0.00467703,UNVERIFIED_HUMAN_ANNOTATION,"Bu insan çizimi polygon, görünür ön yüz kurallarına göre henüz doğrulanmadı.","Ön yüz kapsamını, yan yüzlerin dışarıda kalmasını, gölge/örtüşme sınırını ve çizim hassasiyetini kontrol edip insan kararını kaydedin.",
P3,image-0016-instance-003,16,20260729_095144(0).jpg,3,4,0.00452957,UNVERIFIED_HUMAN_ANNOTATION,"Bu insan çizimi polygon, görünür ön yüz kurallarına göre henüz doğrulanmadı.","Ön yüz kapsamını, yan yüzlerin dışarıda kalmasını, gölge/örtüşme sınırını ve çizim hassasiyetini kontrol edip insan kararını kaydedin.",
P3,image-0016-instance-004,16,20260729_095144(0).jpg,4,4,0.00474698,UNVERIFIED_HUMAN_ANNOTATION,"Bu insan çizimi polygon, görünür ön yüz kurallarına göre henüz doğrulanmadı.","Ön yüz kapsamını, yan yüzlerin dışarıda kalmasını, gölge/örtüşme sınırını ve çizim hassasiyetini kontrol edip insan kararını kaydedin.",
P3,image-0016-instance-005,16,20260729_095144(0).jpg,5,4,0.00439348,UNVERIFIED_HUMAN_ANNOTATION,"Bu insan çizimi polygon, görünür ön yüz kurallarına göre henüz doğrulanmadı.","Ön yüz kapsamını, yan yüzlerin dışarıda kalmasını, gölge/örtüşme sınırını ve çizim hassasiyetini kontrol edip insan kararını kaydedin.",
P3,image-0016-instance-006,16,20260729_095144(0).jpg,6,4,0.00472218,UNVERIFIED_HUMAN_ANNOTATION,"Bu insan çizimi polygon, görünür ön yüz kurallarına göre henüz doğrulanmadı.","Ön yüz kapsamını, yan yüzlerin dışarıda kalmasını, gölge/örtüşme sınırını ve çizim hassasiyetini kontrol edip insan kararını kaydedin.",
P3,image-0016-instance-007,16,20260729_095144(0).jpg,7,4,0.00497928,UNVERIFIED_HUMAN_ANNOTATION,"Bu insan çizimi polygon, görünür ön yüz kurallarına göre henüz doğrulanmadı.","Ön yüz kapsamını, yan yüzlerin dışarıda kalmasını, gölge/örtüşme sınırını ve çizim hassasiyetini kontrol edip insan kararını kaydedin.",
P2,image-0016-instance-008,16,20260729_095144(0).jpg,8,5,0.00405939,CONCAVE_VISIBLE_REGION_REVIEW|MULTISIDED_VISIBLE_REGION_REVIEW|UNVERIFIED_HUMAN_ANNOTATION,Şekil veya görüntü sınırında kesilme fiziksel olarak yorumlanmalı; köşe sayısı tek başına hata değildir.,"Polygonun yalnızca görünen ön yüzü izlediğini, örtücü nesnede/görüntü kenarında durduğunu ve gizli geometri uydurmadığını doğrulayın.",
P3,image-0016-instance-009,16,20260729_095144(0).jpg,9,4,0.00457186,UNVERIFIED_HUMAN_ANNOTATION,"Bu insan çizimi polygon, görünür ön yüz kurallarına göre henüz doğrulanmadı.","Ön yüz kapsamını, yan yüzlerin dışarıda kalmasını, gölge/örtüşme sınırını ve çizim hassasiyetini kontrol edip insan kararını kaydedin.",
P2,image-0016-instance-010,16,20260729_095144(0).jpg,10,6,0.00351019,CONCAVE_VISIBLE_REGION_REVIEW|MULTISIDED_VISIBLE_REGION_REVIEW|UNVERIFIED_HUMAN_ANNOTATION,Şekil veya görüntü sınırında kesilme fiziksel olarak yorumlanmalı; köşe sayısı tek başına hata değildir.,"Polygonun yalnızca görünen ön yüzü izlediğini, örtücü nesnede/görüntü kenarında durduğunu ve gizli geometri uydurmadığını doğrulayın.",
P3,image-0016-instance-011,16,20260729_095144(0).jpg,11,4,0.00471771,UNVERIFIED_HUMAN_ANNOTATION,"Bu insan çizimi polygon, görünür ön yüz kurallarına göre henüz doğrulanmadı.","Ön yüz kapsamını, yan yüzlerin dışarıda kalmasını, gölge/örtüşme sınırını ve çizim hassasiyetini kontrol edip insan kararını kaydedin.",
P3,image-0016-instance-012,16,20260729_095144(0).jpg,12,4,0.00462544,UNVERIFIED_HUMAN_ANNOTATION,"Bu insan çizimi polygon, görünür ön yüz kurallarına göre henüz doğrulanmadı.","Ön yüz kapsamını, yan yüzlerin dışarıda kalmasını, gölge/örtüşme sınırını ve çizim hassasiyetini kontrol edip insan kararını kaydedin.",
P2,image-0016-instance-013,16,20260729_095144(0).jpg,13,6,0.00466946,CONCAVE_VISIBLE_REGION_REVIEW|MULTISIDED_VISIBLE_REGION_REVIEW|UNVERIFIED_HUMAN_ANNOTATION,Şekil veya görüntü sınırında kesilme fiziksel olarak yorumlanmalı; köşe sayısı tek başına hata değildir.,"Polygonun yalnızca görünen ön yüzü izlediğini, örtücü nesnede/görüntü kenarında durduğunu ve gizli geometri uydurmadığını doğrulayın.",
P3,image-0016-instance-014,16,20260729_095144(0).jpg,14,4,0.00399645,UNVERIFIED_HUMAN_ANNOTATION,"Bu insan çizimi polygon, görünür ön yüz kurallarına göre henüz doğrulanmadı.","Ön yüz kapsamını, yan yüzlerin dışarıda kalmasını, gölge/örtüşme sınırını ve çizim hassasiyetini kontrol edip insan kararını kaydedin.",
P3,image-0016-instance-015,16,20260729_095144(0).jpg,15,4,0.00442197,UNVERIFIED_HUMAN_ANNOTATION,"Bu insan çizimi polygon, görünür ön yüz kurallarına göre henüz doğrulanmadı.","Ön yüz kapsamını, yan yüzlerin dışarıda kalmasını, gölge/örtüşme sınırını ve çizim hassasiyetini kontrol edip insan kararını kaydedin.",
P3,image-0016-instance-016,16,20260729_095144(0).jpg,16,4,0.00492341,UNVERIFIED_HUMAN_ANNOTATION,"Bu insan çizimi polygon, görünür ön yüz kurallarına göre henüz doğrulanmadı.","Ön yüz kapsamını, yan yüzlerin dışarıda kalmasını, gölge/örtüşme sınırını ve çizim hassasiyetini kontrol edip insan kararını kaydedin.",
P3,image-0016-instance-017,16,20260729_095144(0).jpg,17,4,0.00486522,UNVERIFIED_HUMAN_ANNOTATION,"Bu insan çizimi polygon, görünür ön yüz kurallarına göre henüz doğrulanmadı.","Ön yüz kapsamını, yan yüzlerin dışarıda kalmasını, gölge/örtüşme sınırını ve çizim hassasiyetini kontrol edip insan kararını kaydedin.",
P3,image-0017-instance-001,17,20260729_095322(0).jpg,1,4,0.02902859,UNVERIFIED_HUMAN_ANNOTATION,"Bu insan çizimi polygon, görünür ön yüz kurallarına göre henüz doğrulanmadı.","Ön yüz kapsamını, yan yüzlerin dışarıda kalmasını, gölge/örtüşme sınırını ve çizim hassasiyetini kontrol edip insan kararını kaydedin.",
P3,image-0017-instance-002,17,20260729_095322(0).jpg,2,4,0.02993881,UNVERIFIED_HUMAN_ANNOTATION,"Bu insan çizimi polygon, görünür ön yüz kurallarına göre henüz doğrulanmadı.","Ön yüz kapsamını, yan yüzlerin dışarıda kalmasını, gölge/örtüşme sınırını ve çizim hassasiyetini kontrol edip insan kararını kaydedin.",
P3,image-0017-instance-003,17,20260729_095322(0).jpg,3,4,0.02086271,UNVERIFIED_HUMAN_ANNOTATION,"Bu insan çizimi polygon, görünür ön yüz kurallarına göre henüz doğrulanmadı.","Ön yüz kapsamını, yan yüzlerin dışarıda kalmasını, gölge/örtüşme sınırını ve çizim hassasiyetini kontrol edip insan kararını kaydedin.",
P3,image-0017-instance-004,17,20260729_095322(0).jpg,4,4,0.02690489,UNVERIFIED_HUMAN_ANNOTATION,"Bu insan çizimi polygon, görünür ön yüz kurallarına göre henüz doğrulanmadı.","Ön yüz kapsamını, yan yüzlerin dışarıda kalmasını, gölge/örtüşme sınırını ve çizim hassasiyetini kontrol edip insan kararını kaydedin.",
P3,image-0017-instance-005,17,20260729_095322(0).jpg,5,4,0.02533225,UNVERIFIED_HUMAN_ANNOTATION,"Bu insan çizimi polygon, görünür ön yüz kurallarına göre henüz doğrulanmadı.","Ön yüz kapsamını, yan yüzlerin dışarıda kalmasını, gölge/örtüşme sınırını ve çizim hassasiyetini kontrol edip insan kararını kaydedin.",
P3,image-0017-instance-006,17,20260729_095322(0).jpg,6,4,0.01365132,UNVERIFIED_HUMAN_ANNOTATION,"Bu insan çizimi polygon, görünür ön yüz kurallarına göre henüz doğrulanmadı.","Ön yüz kapsamını, yan yüzlerin dışarıda kalmasını, gölge/örtüşme sınırını ve çizim hassasiyetini kontrol edip insan kararını kaydedin.",
P3,image-0018-instance-001,18,20260729_095328.jpg,1,4,0.07956890,UNVERIFIED_HUMAN_ANNOTATION,"Bu insan çizimi polygon, görünür ön yüz kurallarına göre henüz doğrulanmadı.","Ön yüz kapsamını, yan yüzlerin dışarıda kalmasını, gölge/örtüşme sınırını ve çizim hassasiyetini kontrol edip insan kararını kaydedin.",
P3,image-0018-instance-002,18,20260729_095328.jpg,2,4,0.06569312,UNVERIFIED_HUMAN_ANNOTATION,"Bu insan çizimi polygon, görünür ön yüz kurallarına göre henüz doğrulanmadı.","Ön yüz kapsamını, yan yüzlerin dışarıda kalmasını, gölge/örtüşme sınırını ve çizim hassasiyetini kontrol edip insan kararını kaydedin.",
P2,image-0018-instance-003,18,20260729_095328.jpg,3,4,0.03036917,FRAME_BOUNDARY_TRUNCATION_REVIEW|UNVERIFIED_HUMAN_ANNOTATION,Şekil veya görüntü sınırında kesilme fiziksel olarak yorumlanmalı; köşe sayısı tek başına hata değildir.,"Polygonun yalnızca görünen ön yüzü izlediğini, örtücü nesnede/görüntü kenarında durduğunu ve gizli geometri uydurmadığını doğrulayın.",
P2,image-0018-instance-004,18,20260729_095328.jpg,4,5,0.01869680,FRAME_BOUNDARY_TRUNCATION_REVIEW|MULTISIDED_VISIBLE_REGION_REVIEW|UNVERIFIED_HUMAN_ANNOTATION,Şekil veya görüntü sınırında kesilme fiziksel olarak yorumlanmalı; köşe sayısı tek başına hata değildir.,"Polygonun yalnızca görünen ön yüzü izlediğini, örtücü nesnede/görüntü kenarında durduğunu ve gizli geometri uydurmadığını doğrulayın.",
P3,image-0019-instance-001,19,20260729_095329.jpg,1,4,0.07955967,UNVERIFIED_HUMAN_ANNOTATION,"Bu insan çizimi polygon, görünür ön yüz kurallarına göre henüz doğrulanmadı.","Ön yüz kapsamını, yan yüzlerin dışarıda kalmasını, gölge/örtüşme sınırını ve çizim hassasiyetini kontrol edip insan kararını kaydedin.",
P3,image-0019-instance-002,19,20260729_095329.jpg,2,4,0.05454955,UNVERIFIED_HUMAN_ANNOTATION,"Bu insan çizimi polygon, görünür ön yüz kurallarına göre henüz doğrulanmadı.","Ön yüz kapsamını, yan yüzlerin dışarıda kalmasını, gölge/örtüşme sınırını ve çizim hassasiyetini kontrol edip insan kararını kaydedin.",
P3,image-0019-instance-003,19,20260729_095329.jpg,3,4,0.05671898,UNVERIFIED_HUMAN_ANNOTATION,"Bu insan çizimi polygon, görünür ön yüz kurallarına göre henüz doğrulanmadı.","Ön yüz kapsamını, yan yüzlerin dışarıda kalmasını, gölge/örtüşme sınırını ve çizim hassasiyetini kontrol edip insan kararını kaydedin.",
P2,image-0019-instance-004,19,20260729_095329.jpg,4,4,0.02477960,FRAME_BOUNDARY_TRUNCATION_REVIEW|UNVERIFIED_HUMAN_ANNOTATION,Şekil veya görüntü sınırında kesilme fiziksel olarak yorumlanmalı; köşe sayısı tek başına hata değildir.,"Polygonun yalnızca görünen ön yüzü izlediğini, örtücü nesnede/görüntü kenarında durduğunu ve gizli geometri uydurmadığını doğrulayın.",
P3,image-0020-instance-001,20,20260729_095330(0).jpg,1,4,0.11417548,UNVERIFIED_HUMAN_ANNOTATION,"Bu insan çizimi polygon, görünür ön yüz kurallarına göre henüz doğrulanmadı.","Ön yüz kapsamını, yan yüzlerin dışarıda kalmasını, gölge/örtüşme sınırını ve çizim hassasiyetini kontrol edip insan kararını kaydedin.",
P1,image-0020-instance-002,20,20260729_095330(0).jpg,2,5,0.12427949,DUPLICATE_VERTEX|MULTISIDED_VISIBLE_REGION_REVIEW|SELF_INTERSECTION|UNVERIFIED_HUMAN_ANNOTATION,Polygon yapısında geçerlilik uyarısı var; gerçek bir etiketleme hatası olabilir.,Noktaları CVAT'ta inceleyin. Görünen fiziksel sınırı koruyarak tekrarlanan veya kesişen hatalı noktaları düzeltin.,
P3,image-0020-instance-003,20,20260729_095330(0).jpg,3,4,0.10031883,UNVERIFIED_HUMAN_ANNOTATION,"Bu insan çizimi polygon, görünür ön yüz kurallarına göre henüz doğrulanmadı.","Ön yüz kapsamını, yan yüzlerin dışarıda kalmasını, gölge/örtüşme sınırını ve çizim hassasiyetini kontrol edip insan kararını kaydedin.",
P3,image-0020-instance-004,20,20260729_095330(0).jpg,4,4,0.06487624,UNVERIFIED_HUMAN_ANNOTATION,"Bu insan çizimi polygon, görünür ön yüz kurallarına göre henüz doğrulanmadı.","Ön yüz kapsamını, yan yüzlerin dışarıda kalmasını, gölge/örtüşme sınırını ve çizim hassasiyetini kontrol edip insan kararını kaydedin.",
P2,image-0021-instance-001,21,20260729_095340.jpg,1,5,0.04272717,FRAME_BOUNDARY_TRUNCATION_REVIEW|MULTISIDED_VISIBLE_REGION_REVIEW|UNVERIFIED_HUMAN_ANNOTATION,Şekil veya görüntü sınırında kesilme fiziksel olarak yorumlanmalı; köşe sayısı tek başına hata değildir.,"Polygonun yalnızca görünen ön yüzü izlediğini, örtücü nesnede/görüntü kenarında durduğunu ve gizli geometri uydurmadığını doğrulayın.",
P3,image-0021-instance-002,21,20260729_095340.jpg,2,4,0.05466034,UNVERIFIED_HUMAN_ANNOTATION,"Bu insan çizimi polygon, görünür ön yüz kurallarına göre henüz doğrulanmadı.","Ön yüz kapsamını, yan yüzlerin dışarıda kalmasını, gölge/örtüşme sınırını ve çizim hassasiyetini kontrol edip insan kararını kaydedin.",
P3,image-0021-instance-003,21,20260729_095340.jpg,3,4,0.05536725,UNVERIFIED_HUMAN_ANNOTATION,"Bu insan çizimi polygon, görünür ön yüz kurallarına göre henüz doğrulanmadı.","Ön yüz kapsamını, yan yüzlerin dışarıda kalmasını, gölge/örtüşme sınırını ve çizim hassasiyetini kontrol edip insan kararını kaydedin.",
P2,image-0021-instance-004,21,20260729_095340.jpg,4,5,0.04186026,FRAME_BOUNDARY_TRUNCATION_REVIEW|MULTISIDED_VISIBLE_REGION_REVIEW|UNVERIFIED_HUMAN_ANNOTATION,Şekil veya görüntü sınırında kesilme fiziksel olarak yorumlanmalı; köşe sayısı tek başına hata değildir.,"Polygonun yalnızca görünen ön yüzü izlediğini, örtücü nesnede/görüntü kenarında durduğunu ve gizli geometri uydurmadığını doğrulayın.",
P3,image-0021-instance-005,21,20260729_095340.jpg,5,4,0.04581072,UNVERIFIED_HUMAN_ANNOTATION,"Bu insan çizimi polygon, görünür ön yüz kurallarına göre henüz doğrulanmadı.","Ön yüz kapsamını, yan yüzlerin dışarıda kalmasını, gölge/örtüşme sınırını ve çizim hassasiyetini kontrol edip insan kararını kaydedin.",
P3,image-0021-instance-006,21,20260729_095340.jpg,6,4,0.04583367,UNVERIFIED_HUMAN_ANNOTATION,"Bu insan çizimi polygon, görünür ön yüz kurallarına göre henüz doğrulanmadı.","Ön yüz kapsamını, yan yüzlerin dışarıda kalmasını, gölge/örtüşme sınırını ve çizim hassasiyetini kontrol edip insan kararını kaydedin.",
P3,image-0021-instance-007,21,20260729_095340.jpg,7,4,0.04368261,UNVERIFIED_HUMAN_ANNOTATION,"Bu insan çizimi polygon, görünür ön yüz kurallarına göre henüz doğrulanmadı.","Ön yüz kapsamını, yan yüzlerin dışarıda kalmasını, gölge/örtüşme sınırını ve çizim hassasiyetini kontrol edip insan kararını kaydedin.",
P3,image-0021-instance-008,21,20260729_095340.jpg,8,4,0.02037018,UNVERIFIED_HUMAN_ANNOTATION,"Bu insan çizimi polygon, görünür ön yüz kurallarına göre henüz doğrulanmadı.","Ön yüz kapsamını, yan yüzlerin dışarıda kalmasını, gölge/örtüşme sınırını ve çizim hassasiyetini kontrol edip insan kararını kaydedin.",
P2,image-0022-instance-001,22,20260729_095341.jpg,1,5,0.02047841,FRAME_BOUNDARY_TRUNCATION_REVIEW|MULTISIDED_VISIBLE_REGION_REVIEW|UNVERIFIED_HUMAN_ANNOTATION,Şekil veya görüntü sınırında kesilme fiziksel olarak yorumlanmalı; köşe sayısı tek başına hata değildir.,"Polygonun yalnızca görünen ön yüzü izlediğini, örtücü nesnede/görüntü kenarında durduğunu ve gizli geometri uydurmadığını doğrulayın.",
P3,image-0022-instance-002,22,20260729_095341.jpg,2,4,0.02159933,UNVERIFIED_HUMAN_ANNOTATION,"Bu insan çizimi polygon, görünür ön yüz kurallarına göre henüz doğrulanmadı.","Ön yüz kapsamını, yan yüzlerin dışarıda kalmasını, gölge/örtüşme sınırını ve çizim hassasiyetini kontrol edip insan kararını kaydedin.",
P3,image-0022-instance-003,22,20260729_095341.jpg,3,4,0.02217323,UNVERIFIED_HUMAN_ANNOTATION,"Bu insan çizimi polygon, görünür ön yüz kurallarına göre henüz doğrulanmadı.","Ön yüz kapsamını, yan yüzlerin dışarıda kalmasını, gölge/örtüşme sınırını ve çizim hassasiyetini kontrol edip insan kararını kaydedin.",
P3,image-0022-instance-004,22,20260729_095341.jpg,4,4,0.02209603,UNVERIFIED_HUMAN_ANNOTATION,"Bu insan çizimi polygon, görünür ön yüz kurallarına göre henüz doğrulanmadı.","Ön yüz kapsamını, yan yüzlerin dışarıda kalmasını, gölge/örtüşme sınırını ve çizim hassasiyetini kontrol edip insan kararını kaydedin.",
P1,image-0022-instance-005,22,20260729_095341.jpg,5,5,0.02033787,DUPLICATE_VERTEX|MULTISIDED_VISIBLE_REGION_REVIEW|SELF_INTERSECTION|UNVERIFIED_HUMAN_ANNOTATION,Polygon yapısında geçerlilik uyarısı var; gerçek bir etiketleme hatası olabilir.,Noktaları CVAT'ta inceleyin. Görünen fiziksel sınırı koruyarak tekrarlanan veya kesişen hatalı noktaları düzeltin.,
P2,image-0022-instance-006,22,20260729_095341.jpg,6,5,0.01279162,FRAME_BOUNDARY_TRUNCATION_REVIEW|MULTISIDED_VISIBLE_REGION_REVIEW|UNVERIFIED_HUMAN_ANNOTATION,Şekil veya görüntü sınırında kesilme fiziksel olarak yorumlanmalı; köşe sayısı tek başına hata değildir.,"Polygonun yalnızca görünen ön yüzü izlediğini, örtücü nesnede/görüntü kenarında durduğunu ve gizli geometri uydurmadığını doğrulayın.",
P1,image-0022-instance-007,22,20260729_095341.jpg,7,5,0.00814910,DUPLICATE_VERTEX|FRAME_BOUNDARY_TRUNCATION_REVIEW|MULTISIDED_VISIBLE_REGION_REVIEW|SELF_INTERSECTION|UNVERIFIED_HUMAN_ANNOTATION,Polygon yapısında geçerlilik uyarısı var; gerçek bir etiketleme hatası olabilir.,Noktaları CVAT'ta inceleyin. Görünen fiziksel sınırı koruyarak tekrarlanan veya kesişen hatalı noktaları düzeltin.,
P3,image-0022-instance-008,22,20260729_095341.jpg,8,4,0.01884134,UNVERIFIED_HUMAN_ANNOTATION,"Bu insan çizimi polygon, görünür ön yüz kurallarına göre henüz doğrulanmadı.","Ön yüz kapsamını, yan yüzlerin dışarıda kalmasını, gölge/örtüşme sınırını ve çizim hassasiyetini kontrol edip insan kararını kaydedin.",
P3,image-0022-instance-009,22,20260729_095341.jpg,9,4,0.01949592,UNVERIFIED_HUMAN_ANNOTATION,"Bu insan çizimi polygon, görünür ön yüz kurallarına göre henüz doğrulanmadı.","Ön yüz kapsamını, yan yüzlerin dışarıda kalmasını, gölge/örtüşme sınırını ve çizim hassasiyetini kontrol edip insan kararını kaydedin.",
P1,image-0022-instance-010,22,20260729_095341.jpg,10,5,0.01887426,DUPLICATE_VERTEX|MULTISIDED_VISIBLE_REGION_REVIEW|SELF_INTERSECTION|UNVERIFIED_HUMAN_ANNOTATION,Polygon yapısında geçerlilik uyarısı var; gerçek bir etiketleme hatası olabilir.,Noktaları CVAT'ta inceleyin. Görünen fiziksel sınırı koruyarak tekrarlanan veya kesişen hatalı noktaları düzeltin.,
P3,image-0022-instance-011,22,20260729_095341.jpg,11,4,0.01844563,UNVERIFIED_HUMAN_ANNOTATION,"Bu insan çizimi polygon, görünür ön yüz kurallarına göre henüz doğrulanmadı.","Ön yüz kapsamını, yan yüzlerin dışarıda kalmasını, gölge/örtüşme sınırını ve çizim hassasiyetini kontrol edip insan kararını kaydedin.",
P3,image-0022-instance-012,22,20260729_095341.jpg,12,4,0.01957300,UNVERIFIED_HUMAN_ANNOTATION,"Bu insan çizimi polygon, görünür ön yüz kurallarına göre henüz doğrulanmadı.","Ön yüz kapsamını, yan yüzlerin dışarıda kalmasını, gölge/örtüşme sınırını ve çizim hassasiyetini kontrol edip insan kararını kaydedin.",
P2,image-0023-instance-001,23,20260729_095344.jpg,1,4,0.01634500,FRAME_BOUNDARY_TRUNCATION_REVIEW|UNVERIFIED_HUMAN_ANNOTATION,Şekil veya görüntü sınırında kesilme fiziksel olarak yorumlanmalı; köşe sayısı tek başına hata değildir.,"Polygonun yalnızca görünen ön yüzü izlediğini, örtücü nesnede/görüntü kenarında durduğunu ve gizli geometri uydurmadığını doğrulayın.",
P3,image-0023-instance-002,23,20260729_095344.jpg,2,4,0.02156479,UNVERIFIED_HUMAN_ANNOTATION,"Bu insan çizimi polygon, görünür ön yüz kurallarına göre henüz doğrulanmadı.","Ön yüz kapsamını, yan yüzlerin dışarıda kalmasını, gölge/örtüşme sınırını ve çizim hassasiyetini kontrol edip insan kararını kaydedin.",
P3,image-0023-instance-003,23,20260729_095344.jpg,3,4,0.02550927,UNVERIFIED_HUMAN_ANNOTATION,"Bu insan çizimi polygon, görünür ön yüz kurallarına göre henüz doğrulanmadı.","Ön yüz kapsamını, yan yüzlerin dışarıda kalmasını, gölge/örtüşme sınırını ve çizim hassasiyetini kontrol edip insan kararını kaydedin.",
P3,image-0023-instance-004,23,20260729_095344.jpg,4,4,0.02840775,UNVERIFIED_HUMAN_ANNOTATION,"Bu insan çizimi polygon, görünür ön yüz kurallarına göre henüz doğrulanmadı.","Ön yüz kapsamını, yan yüzlerin dışarıda kalmasını, gölge/örtüşme sınırını ve çizim hassasiyetini kontrol edip insan kararını kaydedin.",
P3,image-0023-instance-005,23,20260729_095344.jpg,5,4,0.02996751,UNVERIFIED_HUMAN_ANNOTATION,"Bu insan çizimi polygon, görünür ön yüz kurallarına göre henüz doğrulanmadı.","Ön yüz kapsamını, yan yüzlerin dışarıda kalmasını, gölge/örtüşme sınırını ve çizim hassasiyetini kontrol edip insan kararını kaydedin.",
P3,image-0023-instance-006,23,20260729_095344.jpg,6,4,0.02959196,UNVERIFIED_HUMAN_ANNOTATION,"Bu insan çizimi polygon, görünür ön yüz kurallarına göre henüz doğrulanmadı.","Ön yüz kapsamını, yan yüzlerin dışarıda kalmasını, gölge/örtüşme sınırını ve çizim hassasiyetini kontrol edip insan kararını kaydedin.",
P3,image-0023-instance-007,23,20260729_095344.jpg,7,4,0.02513697,UNVERIFIED_HUMAN_ANNOTATION,"Bu insan çizimi polygon, görünür ön yüz kurallarına göre henüz doğrulanmadı.","Ön yüz kapsamını, yan yüzlerin dışarıda kalmasını, gölge/örtüşme sınırını ve çizim hassasiyetini kontrol edip insan kararını kaydedin.",
P3,image-0023-instance-008,23,20260729_095344.jpg,8,4,0.02350274,UNVERIFIED_HUMAN_ANNOTATION,"Bu insan çizimi polygon, görünür ön yüz kurallarına göre henüz doğrulanmadı.","Ön yüz kapsamını, yan yüzlerin dışarıda kalmasını, gölge/örtüşme sınırını ve çizim hassasiyetini kontrol edip insan kararını kaydedin.",
P3,image-0023-instance-009,23,20260729_095344.jpg,9,4,0.02163085,UNVERIFIED_HUMAN_ANNOTATION,"Bu insan çizimi polygon, görünür ön yüz kurallarına göre henüz doğrulanmadı.","Ön yüz kapsamını, yan yüzlerin dışarıda kalmasını, gölge/örtüşme sınırını ve çizim hassasiyetini kontrol edip insan kararını kaydedin.",
P3,image-0023-instance-010,23,20260729_095344.jpg,10,4,0.01851378,UNVERIFIED_HUMAN_ANNOTATION,"Bu insan çizimi polygon, görünür ön yüz kurallarına göre henüz doğrulanmadı.","Ön yüz kapsamını, yan yüzlerin dışarıda kalmasını, gölge/örtüşme sınırını ve çizim hassasiyetini kontrol edip insan kararını kaydedin.",
P3,image-0024-instance-001,24,20260729_095347(0).jpg,1,4,0.06075352,UNVERIFIED_HUMAN_ANNOTATION,"Bu insan çizimi polygon, görünür ön yüz kurallarına göre henüz doğrulanmadı.","Ön yüz kapsamını, yan yüzlerin dışarıda kalmasını, gölge/örtüşme sınırını ve çizim hassasiyetini kontrol edip insan kararını kaydedin.",
P3,image-0024-instance-002,24,20260729_095347(0).jpg,2,4,0.05254683,UNVERIFIED_HUMAN_ANNOTATION,"Bu insan çizimi polygon, görünür ön yüz kurallarına göre henüz doğrulanmadı.","Ön yüz kapsamını, yan yüzlerin dışarıda kalmasını, gölge/örtüşme sınırını ve çizim hassasiyetini kontrol edip insan kararını kaydedin.",
P3,image-0024-instance-003,24,20260729_095347(0).jpg,3,4,0.05236418,UNVERIFIED_HUMAN_ANNOTATION,"Bu insan çizimi polygon, görünür ön yüz kurallarına göre henüz doğrulanmadı.","Ön yüz kapsamını, yan yüzlerin dışarıda kalmasını, gölge/örtüşme sınırını ve çizim hassasiyetini kontrol edip insan kararını kaydedin.",
P2,image-0024-instance-004,24,20260729_095347(0).jpg,4,4,0.05632295,FRAME_BOUNDARY_TRUNCATION_REVIEW|UNVERIFIED_HUMAN_ANNOTATION,Şekil veya görüntü sınırında kesilme fiziksel olarak yorumlanmalı; köşe sayısı tek başına hata değildir.,"Polygonun yalnızca görünen ön yüzü izlediğini, örtücü nesnede/görüntü kenarında durduğunu ve gizli geometri uydurmadığını doğrulayın.",
P3,image-0024-instance-005,24,20260729_095347(0).jpg,5,4,0.05190409,UNVERIFIED_HUMAN_ANNOTATION,"Bu insan çizimi polygon, görünür ön yüz kurallarına göre henüz doğrulanmadı.","Ön yüz kapsamını, yan yüzlerin dışarıda kalmasını, gölge/örtüşme sınırını ve çizim hassasiyetini kontrol edip insan kararını kaydedin.",
P3,image-0024-instance-006,24,20260729_095347(0).jpg,6,4,0.05028407,UNVERIFIED_HUMAN_ANNOTATION,"Bu insan çizimi polygon, görünür ön yüz kurallarına göre henüz doğrulanmadı.","Ön yüz kapsamını, yan yüzlerin dışarıda kalmasını, gölge/örtüşme sınırını ve çizim hassasiyetini kontrol edip insan kararını kaydedin.",
P3,image-0024-instance-007,24,20260729_095347(0).jpg,7,4,0.02196555,UNVERIFIED_HUMAN_ANNOTATION,"Bu insan çizimi polygon, görünür ön yüz kurallarına göre henüz doğrulanmadı.","Ön yüz kapsamını, yan yüzlerin dışarıda kalmasını, gölge/örtüşme sınırını ve çizim hassasiyetini kontrol edip insan kararını kaydedin.",
P3,image-0025-instance-001,25,20260729_095354.jpg,1,4,0.02267376,UNVERIFIED_HUMAN_ANNOTATION,"Bu insan çizimi polygon, görünür ön yüz kurallarına göre henüz doğrulanmadı.","Ön yüz kapsamını, yan yüzlerin dışarıda kalmasını, gölge/örtüşme sınırını ve çizim hassasiyetini kontrol edip insan kararını kaydedin.",
P3,image-0025-instance-002,25,20260729_095354.jpg,2,4,0.02336674,UNVERIFIED_HUMAN_ANNOTATION,"Bu insan çizimi polygon, görünür ön yüz kurallarına göre henüz doğrulanmadı.","Ön yüz kapsamını, yan yüzlerin dışarıda kalmasını, gölge/örtüşme sınırını ve çizim hassasiyetini kontrol edip insan kararını kaydedin.",
P3,image-0025-instance-003,25,20260729_095354.jpg,3,4,0.02422123,UNVERIFIED_HUMAN_ANNOTATION,"Bu insan çizimi polygon, görünür ön yüz kurallarına göre henüz doğrulanmadı.","Ön yüz kapsamını, yan yüzlerin dışarıda kalmasını, gölge/örtüşme sınırını ve çizim hassasiyetini kontrol edip insan kararını kaydedin.",
P3,image-0025-instance-004,25,20260729_095354.jpg,4,4,0.02271129,UNVERIFIED_HUMAN_ANNOTATION,"Bu insan çizimi polygon, görünür ön yüz kurallarına göre henüz doğrulanmadı.","Ön yüz kapsamını, yan yüzlerin dışarıda kalmasını, gölge/örtüşme sınırını ve çizim hassasiyetini kontrol edip insan kararını kaydedin.",
P2,image-0025-instance-005,25,20260729_095354.jpg,5,4,0.02080053,FRAME_BOUNDARY_TRUNCATION_REVIEW|UNVERIFIED_HUMAN_ANNOTATION,Şekil veya görüntü sınırında kesilme fiziksel olarak yorumlanmalı; köşe sayısı tek başına hata değildir.,"Polygonun yalnızca görünen ön yüzü izlediğini, örtücü nesnede/görüntü kenarında durduğunu ve gizli geometri uydurmadığını doğrulayın.",
P3,image-0025-instance-006,25,20260729_095354.jpg,6,4,0.02621957,UNVERIFIED_HUMAN_ANNOTATION,"Bu insan çizimi polygon, görünür ön yüz kurallarına göre henüz doğrulanmadı.","Ön yüz kapsamını, yan yüzlerin dışarıda kalmasını, gölge/örtüşme sınırını ve çizim hassasiyetini kontrol edip insan kararını kaydedin.",
P3,image-0025-instance-007,25,20260729_095354.jpg,7,4,0.02696095,UNVERIFIED_HUMAN_ANNOTATION,"Bu insan çizimi polygon, görünür ön yüz kurallarına göre henüz doğrulanmadı.","Ön yüz kapsamını, yan yüzlerin dışarıda kalmasını, gölge/örtüşme sınırını ve çizim hassasiyetini kontrol edip insan kararını kaydedin.",
P3,image-0025-instance-008,25,20260729_095354.jpg,8,4,0.02769202,UNVERIFIED_HUMAN_ANNOTATION,"Bu insan çizimi polygon, görünür ön yüz kurallarına göre henüz doğrulanmadı.","Ön yüz kapsamını, yan yüzlerin dışarıda kalmasını, gölge/örtüşme sınırını ve çizim hassasiyetini kontrol edip insan kararını kaydedin.",
P3,image-0025-instance-009,25,20260729_095354.jpg,9,4,0.02769491,UNVERIFIED_HUMAN_ANNOTATION,"Bu insan çizimi polygon, görünür ön yüz kurallarına göre henüz doğrulanmadı.","Ön yüz kapsamını, yan yüzlerin dışarıda kalmasını, gölge/örtüşme sınırını ve çizim hassasiyetini kontrol edip insan kararını kaydedin.",
P2,image-0025-instance-010,25,20260729_095354.jpg,10,5,0.01865810,CONCAVE_VISIBLE_REGION_REVIEW|FRAME_BOUNDARY_TRUNCATION_REVIEW|MULTISIDED_VISIBLE_REGION_REVIEW|UNVERIFIED_HUMAN_ANNOTATION,Şekil veya görüntü sınırında kesilme fiziksel olarak yorumlanmalı; köşe sayısı tek başına hata değildir.,"Polygonun yalnızca görünen ön yüzü izlediğini, örtücü nesnede/görüntü kenarında durduğunu ve gizli geometri uydurmadığını doğrulayın.",
P3,image-0026-instance-001,26,20260729_095400.jpg,1,4,0.02851594,UNVERIFIED_HUMAN_ANNOTATION,"Bu insan çizimi polygon, görünür ön yüz kurallarına göre henüz doğrulanmadı.","Ön yüz kapsamını, yan yüzlerin dışarıda kalmasını, gölge/örtüşme sınırını ve çizim hassasiyetini kontrol edip insan kararını kaydedin.",
P3,image-0026-instance-002,26,20260729_095400.jpg,2,4,0.02537552,UNVERIFIED_HUMAN_ANNOTATION,"Bu insan çizimi polygon, görünür ön yüz kurallarına göre henüz doğrulanmadı.","Ön yüz kapsamını, yan yüzlerin dışarıda kalmasını, gölge/örtüşme sınırını ve çizim hassasiyetini kontrol edip insan kararını kaydedin.",
P3,image-0026-instance-003,26,20260729_095400.jpg,3,4,0.02484065,UNVERIFIED_HUMAN_ANNOTATION,"Bu insan çizimi polygon, görünür ön yüz kurallarına göre henüz doğrulanmadı.","Ön yüz kapsamını, yan yüzlerin dışarıda kalmasını, gölge/örtüşme sınırını ve çizim hassasiyetini kontrol edip insan kararını kaydedin.",
P3,image-0026-instance-004,26,20260729_095400.jpg,4,4,0.02653149,UNVERIFIED_HUMAN_ANNOTATION,"Bu insan çizimi polygon, görünür ön yüz kurallarına göre henüz doğrulanmadı.","Ön yüz kapsamını, yan yüzlerin dışarıda kalmasını, gölge/örtüşme sınırını ve çizim hassasiyetini kontrol edip insan kararını kaydedin.",
P2,image-0026-instance-005,26,20260729_095400.jpg,5,4,0.00975010,FRAME_BOUNDARY_TRUNCATION_REVIEW|UNVERIFIED_HUMAN_ANNOTATION,Şekil veya görüntü sınırında kesilme fiziksel olarak yorumlanmalı; köşe sayısı tek başına hata değildir.,"Polygonun yalnızca görünen ön yüzü izlediğini, örtücü nesnede/görüntü kenarında durduğunu ve gizli geometri uydurmadığını doğrulayın.",
P2,image-0026-instance-006,26,20260729_095400.jpg,6,5,0.03118004,FRAME_BOUNDARY_TRUNCATION_REVIEW|MULTISIDED_VISIBLE_REGION_REVIEW|UNVERIFIED_HUMAN_ANNOTATION,Şekil veya görüntü sınırında kesilme fiziksel olarak yorumlanmalı; köşe sayısı tek başına hata değildir.,"Polygonun yalnızca görünen ön yüzü izlediğini, örtücü nesnede/görüntü kenarında durduğunu ve gizli geometri uydurmadığını doğrulayın.",
P3,image-0026-instance-007,26,20260729_095400.jpg,7,4,0.03225116,UNVERIFIED_HUMAN_ANNOTATION,"Bu insan çizimi polygon, görünür ön yüz kurallarına göre henüz doğrulanmadı.","Ön yüz kapsamını, yan yüzlerin dışarıda kalmasını, gölge/örtüşme sınırını ve çizim hassasiyetini kontrol edip insan kararını kaydedin.",
P3,image-0026-instance-008,26,20260729_095400.jpg,8,4,0.02845004,UNVERIFIED_HUMAN_ANNOTATION,"Bu insan çizimi polygon, görünür ön yüz kurallarına göre henüz doğrulanmadı.","Ön yüz kapsamını, yan yüzlerin dışarıda kalmasını, gölge/örtüşme sınırını ve çizim hassasiyetini kontrol edip insan kararını kaydedin.",
P3,image-0027-instance-001,27,20260729_095410(0).jpg,1,4,0.03328681,UNVERIFIED_HUMAN_ANNOTATION,"Bu insan çizimi polygon, görünür ön yüz kurallarına göre henüz doğrulanmadı.","Ön yüz kapsamını, yan yüzlerin dışarıda kalmasını, gölge/örtüşme sınırını ve çizim hassasiyetini kontrol edip insan kararını kaydedin.",
P3,image-0027-instance-002,27,20260729_095410(0).jpg,2,4,0.02182092,UNVERIFIED_HUMAN_ANNOTATION,"Bu insan çizimi polygon, görünür ön yüz kurallarına göre henüz doğrulanmadı.","Ön yüz kapsamını, yan yüzlerin dışarıda kalmasını, gölge/örtüşme sınırını ve çizim hassasiyetini kontrol edip insan kararını kaydedin.",
P1,image-0027-instance-003,27,20260729_095410(0).jpg,3,6,0.01929678,DUPLICATE_VERTEX|MULTISIDED_VISIBLE_REGION_REVIEW|SELF_INTERSECTION|UNVERIFIED_HUMAN_ANNOTATION,Polygon yapısında geçerlilik uyarısı var; gerçek bir etiketleme hatası olabilir.,Noktaları CVAT'ta inceleyin. Görünen fiziksel sınırı koruyarak tekrarlanan veya kesişen hatalı noktaları düzeltin.,
P2,image-0027-instance-004,27,20260729_095410(0).jpg,4,4,0.00458702,FRAME_BOUNDARY_TRUNCATION_REVIEW|UNVERIFIED_HUMAN_ANNOTATION,Şekil veya görüntü sınırında kesilme fiziksel olarak yorumlanmalı; köşe sayısı tek başına hata değildir.,"Polygonun yalnızca görünen ön yüzü izlediğini, örtücü nesnede/görüntü kenarında durduğunu ve gizli geometri uydurmadığını doğrulayın.",
P3,image-0027-instance-005,27,20260729_095410(0).jpg,5,4,0.01618804,UNVERIFIED_HUMAN_ANNOTATION,"Bu insan çizimi polygon, görünür ön yüz kurallarına göre henüz doğrulanmadı.","Ön yüz kapsamını, yan yüzlerin dışarıda kalmasını, gölge/örtüşme sınırını ve çizim hassasiyetini kontrol edip insan kararını kaydedin.",
P1,image-0027-instance-006,27,20260729_095410(0).jpg,6,8,0.01848479,CONCAVE_VISIBLE_REGION_REVIEW|DUPLICATE_VERTEX|MULTISIDED_VISIBLE_REGION_REVIEW|SELF_INTERSECTION|UNVERIFIED_HUMAN_ANNOTATION,Polygon yapısında geçerlilik uyarısı var; gerçek bir etiketleme hatası olabilir.,Noktaları CVAT'ta inceleyin. Görünen fiziksel sınırı koruyarak tekrarlanan veya kesişen hatalı noktaları düzeltin.,
P2,image-0027-instance-007,27,20260729_095410(0).jpg,7,6,0.01956408,CONCAVE_VISIBLE_REGION_REVIEW|MULTISIDED_VISIBLE_REGION_REVIEW|UNVERIFIED_HUMAN_ANNOTATION,Şekil veya görüntü sınırında kesilme fiziksel olarak yorumlanmalı; köşe sayısı tek başına hata değildir.,"Polygonun yalnızca görünen ön yüzü izlediğini, örtücü nesnede/görüntü kenarında durduğunu ve gizli geometri uydurmadığını doğrulayın.",
P3,image-0028-instance-001,28,20260729_095512(0).jpg,1,4,0.00308348,UNVERIFIED_HUMAN_ANNOTATION,"Bu insan çizimi polygon, görünür ön yüz kurallarına göre henüz doğrulanmadı.","Ön yüz kapsamını, yan yüzlerin dışarıda kalmasını, gölge/örtüşme sınırını ve çizim hassasiyetini kontrol edip insan kararını kaydedin.",
P2,image-0028-instance-002,28,20260729_095512(0).jpg,2,6,0.00272422,CONCAVE_VISIBLE_REGION_REVIEW|MULTISIDED_VISIBLE_REGION_REVIEW|UNVERIFIED_HUMAN_ANNOTATION,Şekil veya görüntü sınırında kesilme fiziksel olarak yorumlanmalı; köşe sayısı tek başına hata değildir.,"Polygonun yalnızca görünen ön yüzü izlediğini, örtücü nesnede/görüntü kenarında durduğunu ve gizli geometri uydurmadığını doğrulayın.",
P3,image-0028-instance-003,28,20260729_095512(0).jpg,3,4,0.00334142,UNVERIFIED_HUMAN_ANNOTATION,"Bu insan çizimi polygon, görünür ön yüz kurallarına göre henüz doğrulanmadı.","Ön yüz kapsamını, yan yüzlerin dışarıda kalmasını, gölge/örtüşme sınırını ve çizim hassasiyetini kontrol edip insan kararını kaydedin.",
P3,image-0028-instance-004,28,20260729_095512(0).jpg,4,4,0.00316142,UNVERIFIED_HUMAN_ANNOTATION,"Bu insan çizimi polygon, görünür ön yüz kurallarına göre henüz doğrulanmadı.","Ön yüz kapsamını, yan yüzlerin dışarıda kalmasını, gölge/örtüşme sınırını ve çizim hassasiyetini kontrol edip insan kararını kaydedin.",
P2,image-0028-instance-005,28,20260729_095512(0).jpg,5,5,0.00302733,CONCAVE_VISIBLE_REGION_REVIEW|MULTISIDED_VISIBLE_REGION_REVIEW|UNVERIFIED_HUMAN_ANNOTATION,Şekil veya görüntü sınırında kesilme fiziksel olarak yorumlanmalı; köşe sayısı tek başına hata değildir.,"Polygonun yalnızca görünen ön yüzü izlediğini, örtücü nesnede/görüntü kenarında durduğunu ve gizli geometri uydurmadığını doğrulayın.",
P3,image-0028-instance-006,28,20260729_095512(0).jpg,6,4,0.00414063,UNVERIFIED_HUMAN_ANNOTATION,"Bu insan çizimi polygon, görünür ön yüz kurallarına göre henüz doğrulanmadı.","Ön yüz kapsamını, yan yüzlerin dışarıda kalmasını, gölge/örtüşme sınırını ve çizim hassasiyetini kontrol edip insan kararını kaydedin.",
P3,image-0028-instance-007,28,20260729_095512(0).jpg,7,4,0.00445874,UNVERIFIED_HUMAN_ANNOTATION,"Bu insan çizimi polygon, görünür ön yüz kurallarına göre henüz doğrulanmadı.","Ön yüz kapsamını, yan yüzlerin dışarıda kalmasını, gölge/örtüşme sınırını ve çizim hassasiyetini kontrol edip insan kararını kaydedin.",
P3,image-0028-instance-008,28,20260729_095512(0).jpg,8,4,0.00107533,UNVERIFIED_HUMAN_ANNOTATION,"Bu insan çizimi polygon, görünür ön yüz kurallarına göre henüz doğrulanmadı.","Ön yüz kapsamını, yan yüzlerin dışarıda kalmasını, gölge/örtüşme sınırını ve çizim hassasiyetini kontrol edip insan kararını kaydedin.",
P3,image-0028-instance-009,28,20260729_095512(0).jpg,9,4,0.00115008,UNVERIFIED_HUMAN_ANNOTATION,"Bu insan çizimi polygon, görünür ön yüz kurallarına göre henüz doğrulanmadı.","Ön yüz kapsamını, yan yüzlerin dışarıda kalmasını, gölge/örtüşme sınırını ve çizim hassasiyetini kontrol edip insan kararını kaydedin.",
P3,image-0028-instance-010,28,20260729_095512(0).jpg,10,4,0.00114149,UNVERIFIED_HUMAN_ANNOTATION,"Bu insan çizimi polygon, görünür ön yüz kurallarına göre henüz doğrulanmadı.","Ön yüz kapsamını, yan yüzlerin dışarıda kalmasını, gölge/örtüşme sınırını ve çizim hassasiyetini kontrol edip insan kararını kaydedin.",
P3,image-0028-instance-011,28,20260729_095512(0).jpg,11,4,0.00105612,UNVERIFIED_HUMAN_ANNOTATION,"Bu insan çizimi polygon, görünür ön yüz kurallarına göre henüz doğrulanmadı.","Ön yüz kapsamını, yan yüzlerin dışarıda kalmasını, gölge/örtüşme sınırını ve çizim hassasiyetini kontrol edip insan kararını kaydedin.",
P3,image-0028-instance-012,28,20260729_095512(0).jpg,12,4,0.00115504,UNVERIFIED_HUMAN_ANNOTATION,"Bu insan çizimi polygon, görünür ön yüz kurallarına göre henüz doğrulanmadı.","Ön yüz kapsamını, yan yüzlerin dışarıda kalmasını, gölge/örtüşme sınırını ve çizim hassasiyetini kontrol edip insan kararını kaydedin.",
P3,image-0028-instance-013,28,20260729_095512(0).jpg,13,4,0.00125200,UNVERIFIED_HUMAN_ANNOTATION,"Bu insan çizimi polygon, görünür ön yüz kurallarına göre henüz doğrulanmadı.","Ön yüz kapsamını, yan yüzlerin dışarıda kalmasını, gölge/örtüşme sınırını ve çizim hassasiyetini kontrol edip insan kararını kaydedin.",
P3,image-0028-instance-014,28,20260729_095512(0).jpg,14,4,0.00111010,UNVERIFIED_HUMAN_ANNOTATION,"Bu insan çizimi polygon, görünür ön yüz kurallarına göre henüz doğrulanmadı.","Ön yüz kapsamını, yan yüzlerin dışarıda kalmasını, gölge/örtüşme sınırını ve çizim hassasiyetini kontrol edip insan kararını kaydedin.",
P3,image-0028-instance-015,28,20260729_095512(0).jpg,15,4,0.00131704,UNVERIFIED_HUMAN_ANNOTATION,"Bu insan çizimi polygon, görünür ön yüz kurallarına göre henüz doğrulanmadı.","Ön yüz kapsamını, yan yüzlerin dışarıda kalmasını, gölge/örtüşme sınırını ve çizim hassasiyetini kontrol edip insan kararını kaydedin.",
P3,image-0028-instance-016,28,20260729_095512(0).jpg,16,4,0.00133692,UNVERIFIED_HUMAN_ANNOTATION,"Bu insan çizimi polygon, görünür ön yüz kurallarına göre henüz doğrulanmadı.","Ön yüz kapsamını, yan yüzlerin dışarıda kalmasını, gölge/örtüşme sınırını ve çizim hassasiyetini kontrol edip insan kararını kaydedin.",
P3,image-0028-instance-017,28,20260729_095512(0).jpg,17,4,0.00132243,UNVERIFIED_HUMAN_ANNOTATION,"Bu insan çizimi polygon, görünür ön yüz kurallarına göre henüz doğrulanmadı.","Ön yüz kapsamını, yan yüzlerin dışarıda kalmasını, gölge/örtüşme sınırını ve çizim hassasiyetini kontrol edip insan kararını kaydedin.",
P3,image-0028-instance-018,28,20260729_095512(0).jpg,18,4,0.00140394,UNVERIFIED_HUMAN_ANNOTATION,"Bu insan çizimi polygon, görünür ön yüz kurallarına göre henüz doğrulanmadı.","Ön yüz kapsamını, yan yüzlerin dışarıda kalmasını, gölge/örtüşme sınırını ve çizim hassasiyetini kontrol edip insan kararını kaydedin.",
P3,image-0028-instance-019,28,20260729_095512(0).jpg,19,4,0.00137222,UNVERIFIED_HUMAN_ANNOTATION,"Bu insan çizimi polygon, görünür ön yüz kurallarına göre henüz doğrulanmadı.","Ön yüz kapsamını, yan yüzlerin dışarıda kalmasını, gölge/örtüşme sınırını ve çizim hassasiyetini kontrol edip insan kararını kaydedin.",
P3,image-0028-instance-020,28,20260729_095512(0).jpg,20,4,0.00146984,UNVERIFIED_HUMAN_ANNOTATION,"Bu insan çizimi polygon, görünür ön yüz kurallarına göre henüz doğrulanmadı.","Ön yüz kapsamını, yan yüzlerin dışarıda kalmasını, gölge/örtüşme sınırını ve çizim hassasiyetini kontrol edip insan kararını kaydedin.",
P1,image-0028-instance-021,28,20260729_095512(0).jpg,21,5,0.00155751,DUPLICATE_VERTEX|MULTISIDED_VISIBLE_REGION_REVIEW|SELF_INTERSECTION|UNVERIFIED_HUMAN_ANNOTATION,Polygon yapısında geçerlilik uyarısı var; gerçek bir etiketleme hatası olabilir.,Noktaları CVAT'ta inceleyin. Görünen fiziksel sınırı koruyarak tekrarlanan veya kesişen hatalı noktaları düzeltin.,
P2,image-0028-instance-022,28,20260729_095512(0).jpg,22,4,0.00449150,FRAME_BOUNDARY_TRUNCATION_REVIEW|UNVERIFIED_HUMAN_ANNOTATION,Şekil veya görüntü sınırında kesilme fiziksel olarak yorumlanmalı; köşe sayısı tek başına hata değildir.,"Polygonun yalnızca görünen ön yüzü izlediğini, örtücü nesnede/görüntü kenarında durduğunu ve gizli geometri uydurmadığını doğrulayın.",
P3,image-0028-instance-023,28,20260729_095512(0).jpg,23,4,0.00383762,UNVERIFIED_HUMAN_ANNOTATION,"Bu insan çizimi polygon, görünür ön yüz kurallarına göre henüz doğrulanmadı.","Ön yüz kapsamını, yan yüzlerin dışarıda kalmasını, gölge/örtüşme sınırını ve çizim hassasiyetini kontrol edip insan kararını kaydedin.",
P3,image-0028-instance-024,28,20260729_095512(0).jpg,24,4,0.00425665,UNVERIFIED_HUMAN_ANNOTATION,"Bu insan çizimi polygon, görünür ön yüz kurallarına göre henüz doğrulanmadı.","Ön yüz kapsamını, yan yüzlerin dışarıda kalmasını, gölge/örtüşme sınırını ve çizim hassasiyetini kontrol edip insan kararını kaydedin.",
P3,image-0028-instance-025,28,20260729_095512(0).jpg,25,4,0.00414979,UNVERIFIED_HUMAN_ANNOTATION,"Bu insan çizimi polygon, görünür ön yüz kurallarına göre henüz doğrulanmadı.","Ön yüz kapsamını, yan yüzlerin dışarıda kalmasını, gölge/örtüşme sınırını ve çizim hassasiyetini kontrol edip insan kararını kaydedin.",
P3,image-0028-instance-026,28,20260729_095512(0).jpg,26,4,0.00378642,UNVERIFIED_HUMAN_ANNOTATION,"Bu insan çizimi polygon, görünür ön yüz kurallarına göre henüz doğrulanmadı.","Ön yüz kapsamını, yan yüzlerin dışarıda kalmasını, gölge/örtüşme sınırını ve çizim hassasiyetini kontrol edip insan kararını kaydedin.",
P3,image-0028-instance-027,28,20260729_095512(0).jpg,27,4,0.00484994,UNVERIFIED_HUMAN_ANNOTATION,"Bu insan çizimi polygon, görünür ön yüz kurallarına göre henüz doğrulanmadı.","Ön yüz kapsamını, yan yüzlerin dışarıda kalmasını, gölge/örtüşme sınırını ve çizim hassasiyetini kontrol edip insan kararını kaydedin.",
P3,image-0028-instance-028,28,20260729_095512(0).jpg,28,4,0.00440396,UNVERIFIED_HUMAN_ANNOTATION,"Bu insan çizimi polygon, görünür ön yüz kurallarına göre henüz doğrulanmadı.","Ön yüz kapsamını, yan yüzlerin dışarıda kalmasını, gölge/örtüşme sınırını ve çizim hassasiyetini kontrol edip insan kararını kaydedin.",
P3,image-0028-instance-029,28,20260729_095512(0).jpg,29,4,0.00451379,UNVERIFIED_HUMAN_ANNOTATION,"Bu insan çizimi polygon, görünür ön yüz kurallarına göre henüz doğrulanmadı.","Ön yüz kapsamını, yan yüzlerin dışarıda kalmasını, gölge/örtüşme sınırını ve çizim hassasiyetini kontrol edip insan kararını kaydedin.",
P3,image-0028-instance-030,28,20260729_095512(0).jpg,30,4,0.00411967,UNVERIFIED_HUMAN_ANNOTATION,"Bu insan çizimi polygon, görünür ön yüz kurallarına göre henüz doğrulanmadı.","Ön yüz kapsamını, yan yüzlerin dışarıda kalmasını, gölge/örtüşme sınırını ve çizim hassasiyetini kontrol edip insan kararını kaydedin.",
P3,image-0028-instance-031,28,20260729_095512(0).jpg,31,4,0.00413449,UNVERIFIED_HUMAN_ANNOTATION,"Bu insan çizimi polygon, görünür ön yüz kurallarına göre henüz doğrulanmadı.","Ön yüz kapsamını, yan yüzlerin dışarıda kalmasını, gölge/örtüşme sınırını ve çizim hassasiyetini kontrol edip insan kararını kaydedin.",
P3,image-0028-instance-032,28,20260729_095512(0).jpg,32,4,0.00404878,UNVERIFIED_HUMAN_ANNOTATION,"Bu insan çizimi polygon, görünür ön yüz kurallarına göre henüz doğrulanmadı.","Ön yüz kapsamını, yan yüzlerin dışarıda kalmasını, gölge/örtüşme sınırını ve çizim hassasiyetini kontrol edip insan kararını kaydedin.",
P3,image-0028-instance-033,28,20260729_095512(0).jpg,33,4,0.00311333,UNVERIFIED_HUMAN_ANNOTATION,"Bu insan çizimi polygon, görünür ön yüz kurallarına göre henüz doğrulanmadı.","Ön yüz kapsamını, yan yüzlerin dışarıda kalmasını, gölge/örtüşme sınırını ve çizim hassasiyetini kontrol edip insan kararını kaydedin.",
P3,image-0028-instance-034,28,20260729_095512(0).jpg,34,4,0.00329635,UNVERIFIED_HUMAN_ANNOTATION,"Bu insan çizimi polygon, görünür ön yüz kurallarına göre henüz doğrulanmadı.","Ön yüz kapsamını, yan yüzlerin dışarıda kalmasını, gölge/örtüşme sınırını ve çizim hassasiyetini kontrol edip insan kararını kaydedin.",
P3,image-0029-instance-001,29,20260729_095513(0).jpg,1,4,0.00397515,UNVERIFIED_HUMAN_ANNOTATION,"Bu insan çizimi polygon, görünür ön yüz kurallarına göre henüz doğrulanmadı.","Ön yüz kapsamını, yan yüzlerin dışarıda kalmasını, gölge/örtüşme sınırını ve çizim hassasiyetini kontrol edip insan kararını kaydedin.",
P2,image-0029-instance-002,29,20260729_095513(0).jpg,2,5,0.00354053,CONCAVE_VISIBLE_REGION_REVIEW|MULTISIDED_VISIBLE_REGION_REVIEW|UNVERIFIED_HUMAN_ANNOTATION,Şekil veya görüntü sınırında kesilme fiziksel olarak yorumlanmalı; köşe sayısı tek başına hata değildir.,"Polygonun yalnızca görünen ön yüzü izlediğini, örtücü nesnede/görüntü kenarında durduğunu ve gizli geometri uydurmadığını doğrulayın.",
P3,image-0029-instance-003,29,20260729_095513(0).jpg,3,4,0.00400577,UNVERIFIED_HUMAN_ANNOTATION,"Bu insan çizimi polygon, görünür ön yüz kurallarına göre henüz doğrulanmadı.","Ön yüz kapsamını, yan yüzlerin dışarıda kalmasını, gölge/örtüşme sınırını ve çizim hassasiyetini kontrol edip insan kararını kaydedin.",
P3,image-0029-instance-004,29,20260729_095513(0).jpg,4,4,0.00384182,UNVERIFIED_HUMAN_ANNOTATION,"Bu insan çizimi polygon, görünür ön yüz kurallarına göre henüz doğrulanmadı.","Ön yüz kapsamını, yan yüzlerin dışarıda kalmasını, gölge/örtüşme sınırını ve çizim hassasiyetini kontrol edip insan kararını kaydedin.",
P3,image-0029-instance-005,29,20260729_095513(0).jpg,5,4,0.00405964,UNVERIFIED_HUMAN_ANNOTATION,"Bu insan çizimi polygon, görünür ön yüz kurallarına göre henüz doğrulanmadı.","Ön yüz kapsamını, yan yüzlerin dışarıda kalmasını, gölge/örtüşme sınırını ve çizim hassasiyetini kontrol edip insan kararını kaydedin.",
P3,image-0029-instance-006,29,20260729_095513(0).jpg,6,4,0.00512704,UNVERIFIED_HUMAN_ANNOTATION,"Bu insan çizimi polygon, görünür ön yüz kurallarına göre henüz doğrulanmadı.","Ön yüz kapsamını, yan yüzlerin dışarıda kalmasını, gölge/örtüşme sınırını ve çizim hassasiyetini kontrol edip insan kararını kaydedin.",
P3,image-0029-instance-007,29,20260729_095513(0).jpg,7,4,0.00544143,UNVERIFIED_HUMAN_ANNOTATION,"Bu insan çizimi polygon, görünür ön yüz kurallarına göre henüz doğrulanmadı.","Ön yüz kapsamını, yan yüzlerin dışarıda kalmasını, gölge/örtüşme sınırını ve çizim hassasiyetini kontrol edip insan kararını kaydedin.",
P2,image-0029-instance-008,29,20260729_095513(0).jpg,8,4,0.00409330,FRAME_BOUNDARY_TRUNCATION_REVIEW|UNVERIFIED_HUMAN_ANNOTATION,Şekil veya görüntü sınırında kesilme fiziksel olarak yorumlanmalı; köşe sayısı tek başına hata değildir.,"Polygonun yalnızca görünen ön yüzü izlediğini, örtücü nesnede/görüntü kenarında durduğunu ve gizli geometri uydurmadığını doğrulayın.",
P3,image-0029-instance-009,29,20260729_095513(0).jpg,9,4,0.00423125,UNVERIFIED_HUMAN_ANNOTATION,"Bu insan çizimi polygon, görünür ön yüz kurallarına göre henüz doğrulanmadı.","Ön yüz kapsamını, yan yüzlerin dışarıda kalmasını, gölge/örtüşme sınırını ve çizim hassasiyetini kontrol edip insan kararını kaydedin.",
P3,image-0029-instance-010,29,20260729_095513(0).jpg,10,4,0.00524283,UNVERIFIED_HUMAN_ANNOTATION,"Bu insan çizimi polygon, görünür ön yüz kurallarına göre henüz doğrulanmadı.","Ön yüz kapsamını, yan yüzlerin dışarıda kalmasını, gölge/örtüşme sınırını ve çizim hassasiyetini kontrol edip insan kararını kaydedin.",
P3,image-0029-instance-011,29,20260729_095513(0).jpg,11,4,0.00531936,UNVERIFIED_HUMAN_ANNOTATION,"Bu insan çizimi polygon, görünür ön yüz kurallarına göre henüz doğrulanmadı.","Ön yüz kapsamını, yan yüzlerin dışarıda kalmasını, gölge/örtüşme sınırını ve çizim hassasiyetini kontrol edip insan kararını kaydedin.",
P3,image-0029-instance-012,29,20260729_095513(0).jpg,12,4,0.00509313,UNVERIFIED_HUMAN_ANNOTATION,"Bu insan çizimi polygon, görünür ön yüz kurallarına göre henüz doğrulanmadı.","Ön yüz kapsamını, yan yüzlerin dışarıda kalmasını, gölge/örtüşme sınırını ve çizim hassasiyetini kontrol edip insan kararını kaydedin.",
P3,image-0029-instance-013,29,20260729_095513(0).jpg,13,4,0.00552871,UNVERIFIED_HUMAN_ANNOTATION,"Bu insan çizimi polygon, görünür ön yüz kurallarına göre henüz doğrulanmadı.","Ön yüz kapsamını, yan yüzlerin dışarıda kalmasını, gölge/örtüşme sınırını ve çizim hassasiyetini kontrol edip insan kararını kaydedin.",
P3,image-0029-instance-014,29,20260729_095513(0).jpg,14,4,0.00541942,UNVERIFIED_HUMAN_ANNOTATION,"Bu insan çizimi polygon, görünür ön yüz kurallarına göre henüz doğrulanmadı.","Ön yüz kapsamını, yan yüzlerin dışarıda kalmasını, gölge/örtüşme sınırını ve çizim hassasiyetini kontrol edip insan kararını kaydedin.",
P3,image-0029-instance-015,29,20260729_095513(0).jpg,15,4,0.00557545,UNVERIFIED_HUMAN_ANNOTATION,"Bu insan çizimi polygon, görünür ön yüz kurallarına göre henüz doğrulanmadı.","Ön yüz kapsamını, yan yüzlerin dışarıda kalmasını, gölge/örtüşme sınırını ve çizim hassasiyetini kontrol edip insan kararını kaydedin.",
P3,image-0029-instance-016,29,20260729_095513(0).jpg,16,4,0.00353789,UNVERIFIED_HUMAN_ANNOTATION,"Bu insan çizimi polygon, görünür ön yüz kurallarına göre henüz doğrulanmadı.","Ön yüz kapsamını, yan yüzlerin dışarıda kalmasını, gölge/örtüşme sınırını ve çizim hassasiyetini kontrol edip insan kararını kaydedin.",
P3,image-0029-instance-017,29,20260729_095513(0).jpg,17,4,0.00473207,UNVERIFIED_HUMAN_ANNOTATION,"Bu insan çizimi polygon, görünür ön yüz kurallarına göre henüz doğrulanmadı.","Ön yüz kapsamını, yan yüzlerin dışarıda kalmasını, gölge/örtüşme sınırını ve çizim hassasiyetini kontrol edip insan kararını kaydedin.",
P3,image-0029-instance-018,29,20260729_095513(0).jpg,18,4,0.00463403,UNVERIFIED_HUMAN_ANNOTATION,"Bu insan çizimi polygon, görünür ön yüz kurallarına göre henüz doğrulanmadı.","Ön yüz kapsamını, yan yüzlerin dışarıda kalmasını, gölge/örtüşme sınırını ve çizim hassasiyetini kontrol edip insan kararını kaydedin.",
P3,image-0029-instance-019,29,20260729_095513(0).jpg,19,4,0.00415560,UNVERIFIED_HUMAN_ANNOTATION,"Bu insan çizimi polygon, görünür ön yüz kurallarına göre henüz doğrulanmadı.","Ön yüz kapsamını, yan yüzlerin dışarıda kalmasını, gölge/örtüşme sınırını ve çizim hassasiyetini kontrol edip insan kararını kaydedin.",
P2,image-0029-instance-020,29,20260729_095513(0).jpg,20,4,0.00144432,FRAME_BOUNDARY_TRUNCATION_REVIEW|UNVERIFIED_HUMAN_ANNOTATION,Şekil veya görüntü sınırında kesilme fiziksel olarak yorumlanmalı; köşe sayısı tek başına hata değildir.,"Polygonun yalnızca görünen ön yüzü izlediğini, örtücü nesnede/görüntü kenarında durduğunu ve gizli geometri uydurmadığını doğrulayın.",
P3,image-0029-instance-021,29,20260729_095513(0).jpg,21,4,0.00480243,UNVERIFIED_HUMAN_ANNOTATION,"Bu insan çizimi polygon, görünür ön yüz kurallarına göre henüz doğrulanmadı.","Ön yüz kapsamını, yan yüzlerin dışarıda kalmasını, gölge/örtüşme sınırını ve çizim hassasiyetini kontrol edip insan kararını kaydedin.",
P3,image-0029-instance-022,29,20260729_095513(0).jpg,22,4,0.00449243,UNVERIFIED_HUMAN_ANNOTATION,"Bu insan çizimi polygon, görünür ön yüz kurallarına göre henüz doğrulanmadı.","Ön yüz kapsamını, yan yüzlerin dışarıda kalmasını, gölge/örtüşme sınırını ve çizim hassasiyetini kontrol edip insan kararını kaydedin.",
P3,image-0029-instance-023,29,20260729_095513(0).jpg,23,4,0.00430289,UNVERIFIED_HUMAN_ANNOTATION,"Bu insan çizimi polygon, görünür ön yüz kurallarına göre henüz doğrulanmadı.","Ön yüz kapsamını, yan yüzlerin dışarıda kalmasını, gölge/örtüşme sınırını ve çizim hassasiyetini kontrol edip insan kararını kaydedin.",
P3,image-0029-instance-024,29,20260729_095513(0).jpg,24,4,0.00439573,UNVERIFIED_HUMAN_ANNOTATION,"Bu insan çizimi polygon, görünür ön yüz kurallarına göre henüz doğrulanmadı.","Ön yüz kapsamını, yan yüzlerin dışarıda kalmasını, gölge/örtüşme sınırını ve çizim hassasiyetini kontrol edip insan kararını kaydedin.",
P3,image-0029-instance-025,29,20260729_095513(0).jpg,25,4,0.00493593,UNVERIFIED_HUMAN_ANNOTATION,"Bu insan çizimi polygon, görünür ön yüz kurallarına göre henüz doğrulanmadı.","Ön yüz kapsamını, yan yüzlerin dışarıda kalmasını, gölge/örtüşme sınırını ve çizim hassasiyetini kontrol edip insan kararını kaydedin.",
P3,image-0029-instance-026,29,20260729_095513(0).jpg,26,4,0.00483287,UNVERIFIED_HUMAN_ANNOTATION,"Bu insan çizimi polygon, görünür ön yüz kurallarına göre henüz doğrulanmadı.","Ön yüz kapsamını, yan yüzlerin dışarıda kalmasını, gölge/örtüşme sınırını ve çizim hassasiyetini kontrol edip insan kararını kaydedin.",
P3,image-0029-instance-027,29,20260729_095513(0).jpg,27,4,0.00455547,UNVERIFIED_HUMAN_ANNOTATION,"Bu insan çizimi polygon, görünür ön yüz kurallarına göre henüz doğrulanmadı.","Ön yüz kapsamını, yan yüzlerin dışarıda kalmasını, gölge/örtüşme sınırını ve çizim hassasiyetini kontrol edip insan kararını kaydedin.",
P3,image-0029-instance-028,29,20260729_095513(0).jpg,28,4,0.00506915,UNVERIFIED_HUMAN_ANNOTATION,"Bu insan çizimi polygon, görünür ön yüz kurallarına göre henüz doğrulanmadı.","Ön yüz kapsamını, yan yüzlerin dışarıda kalmasını, gölge/örtüşme sınırını ve çizim hassasiyetini kontrol edip insan kararını kaydedin.",
P3,image-0029-instance-029,29,20260729_095513(0).jpg,29,4,0.00560451,UNVERIFIED_HUMAN_ANNOTATION,"Bu insan çizimi polygon, görünür ön yüz kurallarına göre henüz doğrulanmadı.","Ön yüz kapsamını, yan yüzlerin dışarıda kalmasını, gölge/örtüşme sınırını ve çizim hassasiyetini kontrol edip insan kararını kaydedin.",
P3,image-0029-instance-030,29,20260729_095513(0).jpg,30,4,0.00795903,UNVERIFIED_HUMAN_ANNOTATION,"Bu insan çizimi polygon, görünür ön yüz kurallarına göre henüz doğrulanmadı.","Ön yüz kapsamını, yan yüzlerin dışarıda kalmasını, gölge/örtüşme sınırını ve çizim hassasiyetini kontrol edip insan kararını kaydedin.",
P2,image-0029-instance-031,29,20260729_095513(0).jpg,31,5,0.00398064,CONCAVE_VISIBLE_REGION_REVIEW|MULTISIDED_VISIBLE_REGION_REVIEW|UNVERIFIED_HUMAN_ANNOTATION,Şekil veya görüntü sınırında kesilme fiziksel olarak yorumlanmalı; köşe sayısı tek başına hata değildir.,"Polygonun yalnızca görünen ön yüzü izlediğini, örtücü nesnede/görüntü kenarında durduğunu ve gizli geometri uydurmadığını doğrulayın.",
P3,image-0030-instance-001,30,20260729_095516(0).jpg,1,4,0.00389166,UNVERIFIED_HUMAN_ANNOTATION,"Bu insan çizimi polygon, görünür ön yüz kurallarına göre henüz doğrulanmadı.","Ön yüz kapsamını, yan yüzlerin dışarıda kalmasını, gölge/örtüşme sınırını ve çizim hassasiyetini kontrol edip insan kararını kaydedin.",
P3,image-0030-instance-002,30,20260729_095516(0).jpg,2,4,0.00352560,UNVERIFIED_HUMAN_ANNOTATION,"Bu insan çizimi polygon, görünür ön yüz kurallarına göre henüz doğrulanmadı.","Ön yüz kapsamını, yan yüzlerin dışarıda kalmasını, gölge/örtüşme sınırını ve çizim hassasiyetini kontrol edip insan kararını kaydedin.",
P3,image-0030-instance-003,30,20260729_095516(0).jpg,3,4,0.00414042,UNVERIFIED_HUMAN_ANNOTATION,"Bu insan çizimi polygon, görünür ön yüz kurallarına göre henüz doğrulanmadı.","Ön yüz kapsamını, yan yüzlerin dışarıda kalmasını, gölge/örtüşme sınırını ve çizim hassasiyetini kontrol edip insan kararını kaydedin.",
P3,image-0030-instance-004,30,20260729_095516(0).jpg,4,4,0.00382265,UNVERIFIED_HUMAN_ANNOTATION,"Bu insan çizimi polygon, görünür ön yüz kurallarına göre henüz doğrulanmadı.","Ön yüz kapsamını, yan yüzlerin dışarıda kalmasını, gölge/örtüşme sınırını ve çizim hassasiyetini kontrol edip insan kararını kaydedin.",
P3,image-0030-instance-005,30,20260729_095516(0).jpg,5,4,0.00404250,UNVERIFIED_HUMAN_ANNOTATION,"Bu insan çizimi polygon, görünür ön yüz kurallarına göre henüz doğrulanmadı.","Ön yüz kapsamını, yan yüzlerin dışarıda kalmasını, gölge/örtüşme sınırını ve çizim hassasiyetini kontrol edip insan kararını kaydedin.",
P3,image-0030-instance-006,30,20260729_095516(0).jpg,6,4,0.00499548,UNVERIFIED_HUMAN_ANNOTATION,"Bu insan çizimi polygon, görünür ön yüz kurallarına göre henüz doğrulanmadı.","Ön yüz kapsamını, yan yüzlerin dışarıda kalmasını, gölge/örtüşme sınırını ve çizim hassasiyetini kontrol edip insan kararını kaydedin.",
P3,image-0030-instance-007,30,20260729_095516(0).jpg,7,4,0.00510694,UNVERIFIED_HUMAN_ANNOTATION,"Bu insan çizimi polygon, görünür ön yüz kurallarına göre henüz doğrulanmadı.","Ön yüz kapsamını, yan yüzlerin dışarıda kalmasını, gölge/örtüşme sınırını ve çizim hassasiyetini kontrol edip insan kararını kaydedin.",
P3,image-0030-instance-008,30,20260729_095516(0).jpg,8,4,0.00138894,UNVERIFIED_HUMAN_ANNOTATION,"Bu insan çizimi polygon, görünür ön yüz kurallarına göre henüz doğrulanmadı.","Ön yüz kapsamını, yan yüzlerin dışarıda kalmasını, gölge/örtüşme sınırını ve çizim hassasiyetini kontrol edip insan kararını kaydedin.",
P3,image-0030-instance-009,30,20260729_095516(0).jpg,9,4,0.00135044,UNVERIFIED_HUMAN_ANNOTATION,"Bu insan çizimi polygon, görünür ön yüz kurallarına göre henüz doğrulanmadı.","Ön yüz kapsamını, yan yüzlerin dışarıda kalmasını, gölge/örtüşme sınırını ve çizim hassasiyetini kontrol edip insan kararını kaydedin.",
P3,image-0030-instance-010,30,20260729_095516(0).jpg,10,4,0.00133303,UNVERIFIED_HUMAN_ANNOTATION,"Bu insan çizimi polygon, görünür ön yüz kurallarına göre henüz doğrulanmadı.","Ön yüz kapsamını, yan yüzlerin dışarıda kalmasını, gölge/örtüşme sınırını ve çizim hassasiyetini kontrol edip insan kararını kaydedin.",
P2,image-0030-instance-011,30,20260729_095516(0).jpg,11,4,0.00251902,FRAME_BOUNDARY_TRUNCATION_REVIEW|UNVERIFIED_HUMAN_ANNOTATION,Şekil veya görüntü sınırında kesilme fiziksel olarak yorumlanmalı; köşe sayısı tek başına hata değildir.,"Polygonun yalnızca görünen ön yüzü izlediğini, örtücü nesnede/görüntü kenarında durduğunu ve gizli geometri uydurmadığını doğrulayın.",
P3,image-0030-instance-012,30,20260729_095516(0).jpg,12,4,0.00387484,UNVERIFIED_HUMAN_ANNOTATION,"Bu insan çizimi polygon, görünür ön yüz kurallarına göre henüz doğrulanmadı.","Ön yüz kapsamını, yan yüzlerin dışarıda kalmasını, gölge/örtüşme sınırını ve çizim hassasiyetini kontrol edip insan kararını kaydedin.",
P3,image-0030-instance-013,30,20260729_095516(0).jpg,13,4,0.00442174,UNVERIFIED_HUMAN_ANNOTATION,"Bu insan çizimi polygon, görünür ön yüz kurallarına göre henüz doğrulanmadı.","Ön yüz kapsamını, yan yüzlerin dışarıda kalmasını, gölge/örtüşme sınırını ve çizim hassasiyetini kontrol edip insan kararını kaydedin.",
P3,image-0030-instance-014,30,20260729_095516(0).jpg,14,4,0.00448566,UNVERIFIED_HUMAN_ANNOTATION,"Bu insan çizimi polygon, görünür ön yüz kurallarına göre henüz doğrulanmadı.","Ön yüz kapsamını, yan yüzlerin dışarıda kalmasını, gölge/örtüşme sınırını ve çizim hassasiyetini kontrol edip insan kararını kaydedin.",
P3,image-0030-instance-015,30,20260729_095516(0).jpg,15,4,0.00439227,UNVERIFIED_HUMAN_ANNOTATION,"Bu insan çizimi polygon, görünür ön yüz kurallarına göre henüz doğrulanmadı.","Ön yüz kapsamını, yan yüzlerin dışarıda kalmasını, gölge/örtüşme sınırını ve çizim hassasiyetini kontrol edip insan kararını kaydedin.",
P3,image-0030-instance-016,30,20260729_095516(0).jpg,16,4,0.00465892,UNVERIFIED_HUMAN_ANNOTATION,"Bu insan çizimi polygon, görünür ön yüz kurallarına göre henüz doğrulanmadı.","Ön yüz kapsamını, yan yüzlerin dışarıda kalmasını, gölge/örtüşme sınırını ve çizim hassasiyetini kontrol edip insan kararını kaydedin.",
P3,image-0030-instance-017,30,20260729_095516(0).jpg,17,4,0.00437884,UNVERIFIED_HUMAN_ANNOTATION,"Bu insan çizimi polygon, görünür ön yüz kurallarına göre henüz doğrulanmadı.","Ön yüz kapsamını, yan yüzlerin dışarıda kalmasını, gölge/örtüşme sınırını ve çizim hassasiyetini kontrol edip insan kararını kaydedin.",
P3,image-0030-instance-018,30,20260729_095516(0).jpg,18,4,0.00459989,UNVERIFIED_HUMAN_ANNOTATION,"Bu insan çizimi polygon, görünür ön yüz kurallarına göre henüz doğrulanmadı.","Ön yüz kapsamını, yan yüzlerin dışarıda kalmasını, gölge/örtüşme sınırını ve çizim hassasiyetini kontrol edip insan kararını kaydedin.",
P2,image-0030-instance-019,30,20260729_095516(0).jpg,19,6,0.00324270,CONCAVE_VISIBLE_REGION_REVIEW|MULTISIDED_VISIBLE_REGION_REVIEW|UNVERIFIED_HUMAN_ANNOTATION,Şekil veya görüntü sınırında kesilme fiziksel olarak yorumlanmalı; köşe sayısı tek başına hata değildir.,"Polygonun yalnızca görünen ön yüzü izlediğini, örtücü nesnede/görüntü kenarında durduğunu ve gizli geometri uydurmadığını doğrulayın.",
P3,image-0030-instance-020,30,20260729_095516(0).jpg,20,4,0.00383222,UNVERIFIED_HUMAN_ANNOTATION,"Bu insan çizimi polygon, görünür ön yüz kurallarına göre henüz doğrulanmadı.","Ön yüz kapsamını, yan yüzlerin dışarıda kalmasını, gölge/örtüşme sınırını ve çizim hassasiyetini kontrol edip insan kararını kaydedin.",
P3,image-0030-instance-021,30,20260729_095516(0).jpg,21,4,0.00381359,UNVERIFIED_HUMAN_ANNOTATION,"Bu insan çizimi polygon, görünür ön yüz kurallarına göre henüz doğrulanmadı.","Ön yüz kapsamını, yan yüzlerin dışarıda kalmasını, gölge/örtüşme sınırını ve çizim hassasiyetini kontrol edip insan kararını kaydedin.",
P3,image-0030-instance-022,30,20260729_095516(0).jpg,22,4,0.00340186,UNVERIFIED_HUMAN_ANNOTATION,"Bu insan çizimi polygon, görünür ön yüz kurallarına göre henüz doğrulanmadı.","Ön yüz kapsamını, yan yüzlerin dışarıda kalmasını, gölge/örtüşme sınırını ve çizim hassasiyetini kontrol edip insan kararını kaydedin.",
P3,image-0030-instance-023,30,20260729_095516(0).jpg,23,4,0.00395644,UNVERIFIED_HUMAN_ANNOTATION,"Bu insan çizimi polygon, görünür ön yüz kurallarına göre henüz doğrulanmadı.","Ön yüz kapsamını, yan yüzlerin dışarıda kalmasını, gölge/örtüşme sınırını ve çizim hassasiyetini kontrol edip insan kararını kaydedin.",
P2,image-0030-instance-024,30,20260729_095516(0).jpg,24,5,0.00135582,FRAME_BOUNDARY_TRUNCATION_REVIEW|MULTISIDED_VISIBLE_REGION_REVIEW|UNVERIFIED_HUMAN_ANNOTATION,Şekil veya görüntü sınırında kesilme fiziksel olarak yorumlanmalı; köşe sayısı tek başına hata değildir.,"Polygonun yalnızca görünen ön yüzü izlediğini, örtücü nesnede/görüntü kenarında durduğunu ve gizli geometri uydurmadığını doğrulayın.",
P3,image-0030-instance-025,30,20260729_095516(0).jpg,25,4,0.00368542,UNVERIFIED_HUMAN_ANNOTATION,"Bu insan çizimi polygon, görünür ön yüz kurallarına göre henüz doğrulanmadı.","Ön yüz kapsamını, yan yüzlerin dışarıda kalmasını, gölge/örtüşme sınırını ve çizim hassasiyetini kontrol edip insan kararını kaydedin.",
P3,image-0030-instance-026,30,20260729_095516(0).jpg,26,4,0.00349895,UNVERIFIED_HUMAN_ANNOTATION,"Bu insan çizimi polygon, görünür ön yüz kurallarına göre henüz doğrulanmadı.","Ön yüz kapsamını, yan yüzlerin dışarıda kalmasını, gölge/örtüşme sınırını ve çizim hassasiyetini kontrol edip insan kararını kaydedin.",
P3,image-0030-instance-027,30,20260729_095516(0).jpg,27,4,0.00331442,UNVERIFIED_HUMAN_ANNOTATION,"Bu insan çizimi polygon, görünür ön yüz kurallarına göre henüz doğrulanmadı.","Ön yüz kapsamını, yan yüzlerin dışarıda kalmasını, gölge/örtüşme sınırını ve çizim hassasiyetini kontrol edip insan kararını kaydedin.",
P3,image-0030-instance-028,30,20260729_095516(0).jpg,28,4,0.00339998,UNVERIFIED_HUMAN_ANNOTATION,"Bu insan çizimi polygon, görünür ön yüz kurallarına göre henüz doğrulanmadı.","Ön yüz kapsamını, yan yüzlerin dışarıda kalmasını, gölge/örtüşme sınırını ve çizim hassasiyetini kontrol edip insan kararını kaydedin.",
P3,image-0030-instance-029,30,20260729_095516(0).jpg,29,4,0.00363842,UNVERIFIED_HUMAN_ANNOTATION,"Bu insan çizimi polygon, görünür ön yüz kurallarına göre henüz doğrulanmadı.","Ön yüz kapsamını, yan yüzlerin dışarıda kalmasını, gölge/örtüşme sınırını ve çizim hassasiyetini kontrol edip insan kararını kaydedin.",
P3,image-0030-instance-030,30,20260729_095516(0).jpg,30,4,0.00361566,UNVERIFIED_HUMAN_ANNOTATION,"Bu insan çizimi polygon, görünür ön yüz kurallarına göre henüz doğrulanmadı.","Ön yüz kapsamını, yan yüzlerin dışarıda kalmasını, gölge/örtüşme sınırını ve çizim hassasiyetini kontrol edip insan kararını kaydedin.",
P3,image-0030-instance-031,30,20260729_095516(0).jpg,31,4,0.00339965,UNVERIFIED_HUMAN_ANNOTATION,"Bu insan çizimi polygon, görünür ön yüz kurallarına göre henüz doğrulanmadı.","Ön yüz kapsamını, yan yüzlerin dışarıda kalmasını, gölge/örtüşme sınırını ve çizim hassasiyetini kontrol edip insan kararını kaydedin.",
P3,image-0030-instance-032,30,20260729_095516(0).jpg,32,4,0.00371804,UNVERIFIED_HUMAN_ANNOTATION,"Bu insan çizimi polygon, görünür ön yüz kurallarına göre henüz doğrulanmadı.","Ön yüz kapsamını, yan yüzlerin dışarıda kalmasını, gölge/örtüşme sınırını ve çizim hassasiyetini kontrol edip insan kararını kaydedin.",
P3,image-0030-instance-033,30,20260729_095516(0).jpg,33,4,0.00399682,UNVERIFIED_HUMAN_ANNOTATION,"Bu insan çizimi polygon, görünür ön yüz kurallarına göre henüz doğrulanmadı.","Ön yüz kapsamını, yan yüzlerin dışarıda kalmasını, gölge/örtüşme sınırını ve çizim hassasiyetini kontrol edip insan kararını kaydedin.",
P3,image-0030-instance-034,30,20260729_095516(0).jpg,34,4,0.00528265,UNVERIFIED_HUMAN_ANNOTATION,"Bu insan çizimi polygon, görünür ön yüz kurallarına göre henüz doğrulanmadı.","Ön yüz kapsamını, yan yüzlerin dışarıda kalmasını, gölge/örtüşme sınırını ve çizim hassasiyetini kontrol edip insan kararını kaydedin.",
P2,image-0030-instance-035,30,20260729_095516(0).jpg,35,6,0.00319520,CONCAVE_VISIBLE_REGION_REVIEW|MULTISIDED_VISIBLE_REGION_REVIEW|UNVERIFIED_HUMAN_ANNOTATION,Şekil veya görüntü sınırında kesilme fiziksel olarak yorumlanmalı; köşe sayısı tek başına hata değildir.,"Polygonun yalnızca görünen ön yüzü izlediğini, örtücü nesnede/görüntü kenarında durduğunu ve gizli geometri uydurmadığını doğrulayın.",
P2,image-0030-instance-036,30,20260729_095516(0).jpg,36,6,0.00368970,CONCAVE_VISIBLE_REGION_REVIEW|MULTISIDED_VISIBLE_REGION_REVIEW|UNVERIFIED_HUMAN_ANNOTATION,Şekil veya görüntü sınırında kesilme fiziksel olarak yorumlanmalı; köşe sayısı tek başına hata değildir.,"Polygonun yalnızca görünen ön yüzü izlediğini, örtücü nesnede/görüntü kenarında durduğunu ve gizli geometri uydurmadığını doğrulayın.",
P2,image-0030-instance-037,30,20260729_095516(0).jpg,37,6,0.00246329,CONCAVE_VISIBLE_REGION_REVIEW|FRAME_BOUNDARY_TRUNCATION_REVIEW|MULTISIDED_VISIBLE_REGION_REVIEW|UNVERIFIED_HUMAN_ANNOTATION,Şekil veya görüntü sınırında kesilme fiziksel olarak yorumlanmalı; köşe sayısı tek başına hata değildir.,"Polygonun yalnızca görünen ön yüzü izlediğini, örtücü nesnede/görüntü kenarında durduğunu ve gizli geometri uydurmadığını doğrulayın.",
P3,image-0031-instance-001,31,20260729_095525(0).jpg,1,4,0.00671913,UNVERIFIED_HUMAN_ANNOTATION,"Bu insan çizimi polygon, görünür ön yüz kurallarına göre henüz doğrulanmadı.","Ön yüz kapsamını, yan yüzlerin dışarıda kalmasını, gölge/örtüşme sınırını ve çizim hassasiyetini kontrol edip insan kararını kaydedin.",
P3,image-0031-instance-002,31,20260729_095525(0).jpg,2,4,0.00728319,UNVERIFIED_HUMAN_ANNOTATION,"Bu insan çizimi polygon, görünür ön yüz kurallarına göre henüz doğrulanmadı.","Ön yüz kapsamını, yan yüzlerin dışarıda kalmasını, gölge/örtüşme sınırını ve çizim hassasiyetini kontrol edip insan kararını kaydedin.",
P3,image-0031-instance-003,31,20260729_095525(0).jpg,3,4,0.00694479,UNVERIFIED_HUMAN_ANNOTATION,"Bu insan çizimi polygon, görünür ön yüz kurallarına göre henüz doğrulanmadı.","Ön yüz kapsamını, yan yüzlerin dışarıda kalmasını, gölge/örtüşme sınırını ve çizim hassasiyetini kontrol edip insan kararını kaydedin.",
P3,image-0031-instance-004,31,20260729_095525(0).jpg,4,4,0.00776074,UNVERIFIED_HUMAN_ANNOTATION,"Bu insan çizimi polygon, görünür ön yüz kurallarına göre henüz doğrulanmadı.","Ön yüz kapsamını, yan yüzlerin dışarıda kalmasını, gölge/örtüşme sınırını ve çizim hassasiyetini kontrol edip insan kararını kaydedin.",
P3,image-0031-instance-005,31,20260729_095525(0).jpg,5,4,0.00730713,UNVERIFIED_HUMAN_ANNOTATION,"Bu insan çizimi polygon, görünür ön yüz kurallarına göre henüz doğrulanmadı.","Ön yüz kapsamını, yan yüzlerin dışarıda kalmasını, gölge/örtüşme sınırını ve çizim hassasiyetini kontrol edip insan kararını kaydedin.",
P3,image-0031-instance-006,31,20260729_095525(0).jpg,6,4,0.00821194,UNVERIFIED_HUMAN_ANNOTATION,"Bu insan çizimi polygon, görünür ön yüz kurallarına göre henüz doğrulanmadı.","Ön yüz kapsamını, yan yüzlerin dışarıda kalmasını, gölge/örtüşme sınırını ve çizim hassasiyetini kontrol edip insan kararını kaydedin.",
P3,image-0031-instance-007,31,20260729_095525(0).jpg,7,4,0.00916855,UNVERIFIED_HUMAN_ANNOTATION,"Bu insan çizimi polygon, görünür ön yüz kurallarına göre henüz doğrulanmadı.","Ön yüz kapsamını, yan yüzlerin dışarıda kalmasını, gölge/örtüşme sınırını ve çizim hassasiyetini kontrol edip insan kararını kaydedin.",
P2,image-0031-instance-008,31,20260729_095525(0).jpg,8,5,0.00339984,FRAME_BOUNDARY_TRUNCATION_REVIEW|MULTISIDED_VISIBLE_REGION_REVIEW|UNVERIFIED_HUMAN_ANNOTATION,Şekil veya görüntü sınırında kesilme fiziksel olarak yorumlanmalı; köşe sayısı tek başına hata değildir.,"Polygonun yalnızca görünen ön yüzü izlediğini, örtücü nesnede/görüntü kenarında durduğunu ve gizli geometri uydurmadığını doğrulayın.",
P3,image-0031-instance-009,31,20260729_095525(0).jpg,9,4,0.00869831,UNVERIFIED_HUMAN_ANNOTATION,"Bu insan çizimi polygon, görünür ön yüz kurallarına göre henüz doğrulanmadı.","Ön yüz kapsamını, yan yüzlerin dışarıda kalmasını, gölge/örtüşme sınırını ve çizim hassasiyetini kontrol edip insan kararını kaydedin.",
P3,image-0031-instance-010,31,20260729_095525(0).jpg,10,4,0.00866819,UNVERIFIED_HUMAN_ANNOTATION,"Bu insan çizimi polygon, görünür ön yüz kurallarına göre henüz doğrulanmadı.","Ön yüz kapsamını, yan yüzlerin dışarıda kalmasını, gölge/örtüşme sınırını ve çizim hassasiyetini kontrol edip insan kararını kaydedin.",
P3,image-0031-instance-011,31,20260729_095525(0).jpg,11,4,0.01026672,UNVERIFIED_HUMAN_ANNOTATION,"Bu insan çizimi polygon, görünür ön yüz kurallarına göre henüz doğrulanmadı.","Ön yüz kapsamını, yan yüzlerin dışarıda kalmasını, gölge/örtüşme sınırını ve çizim hassasiyetini kontrol edip insan kararını kaydedin.",
P3,image-0031-instance-012,31,20260729_095525(0).jpg,12,4,0.01064834,UNVERIFIED_HUMAN_ANNOTATION,"Bu insan çizimi polygon, görünür ön yüz kurallarına göre henüz doğrulanmadı.","Ön yüz kapsamını, yan yüzlerin dışarıda kalmasını, gölge/örtüşme sınırını ve çizim hassasiyetini kontrol edip insan kararını kaydedin.",
P3,image-0031-instance-013,31,20260729_095525(0).jpg,13,4,0.01066519,UNVERIFIED_HUMAN_ANNOTATION,"Bu insan çizimi polygon, görünür ön yüz kurallarına göre henüz doğrulanmadı.","Ön yüz kapsamını, yan yüzlerin dışarıda kalmasını, gölge/örtüşme sınırını ve çizim hassasiyetini kontrol edip insan kararını kaydedin.",
P3,image-0031-instance-014,31,20260729_095525(0).jpg,14,4,0.01185485,UNVERIFIED_HUMAN_ANNOTATION,"Bu insan çizimi polygon, görünür ön yüz kurallarına göre henüz doğrulanmadı.","Ön yüz kapsamını, yan yüzlerin dışarıda kalmasını, gölge/örtüşme sınırını ve çizim hassasiyetini kontrol edip insan kararını kaydedin.",
P2,image-0031-instance-015,31,20260729_095525(0).jpg,15,5,0.01012392,FRAME_BOUNDARY_TRUNCATION_REVIEW|MULTISIDED_VISIBLE_REGION_REVIEW|UNVERIFIED_HUMAN_ANNOTATION,Şekil veya görüntü sınırında kesilme fiziksel olarak yorumlanmalı; köşe sayısı tek başına hata değildir.,"Polygonun yalnızca görünen ön yüzü izlediğini, örtücü nesnede/görüntü kenarında durduğunu ve gizli geometri uydurmadığını doğrulayın.",
P3,image-0031-instance-016,31,20260729_095525(0).jpg,16,4,0.00861802,UNVERIFIED_HUMAN_ANNOTATION,"Bu insan çizimi polygon, görünür ön yüz kurallarına göre henüz doğrulanmadı.","Ön yüz kapsamını, yan yüzlerin dışarıda kalmasını, gölge/örtüşme sınırını ve çizim hassasiyetini kontrol edip insan kararını kaydedin.",
P3,image-0031-instance-017,31,20260729_095525(0).jpg,17,4,0.00852474,UNVERIFIED_HUMAN_ANNOTATION,"Bu insan çizimi polygon, görünür ön yüz kurallarına göre henüz doğrulanmadı.","Ön yüz kapsamını, yan yüzlerin dışarıda kalmasını, gölge/örtüşme sınırını ve çizim hassasiyetini kontrol edip insan kararını kaydedin.",
P3,image-0031-instance-018,31,20260729_095525(0).jpg,18,4,0.00779786,UNVERIFIED_HUMAN_ANNOTATION,"Bu insan çizimi polygon, görünür ön yüz kurallarına göre henüz doğrulanmadı.","Ön yüz kapsamını, yan yüzlerin dışarıda kalmasını, gölge/örtüşme sınırını ve çizim hassasiyetini kontrol edip insan kararını kaydedin.",
P3,image-0031-instance-019,31,20260729_095525(0).jpg,19,4,0.00748719,UNVERIFIED_HUMAN_ANNOTATION,"Bu insan çizimi polygon, görünür ön yüz kurallarına göre henüz doğrulanmadı.","Ön yüz kapsamını, yan yüzlerin dışarıda kalmasını, gölge/örtüşme sınırını ve çizim hassasiyetini kontrol edip insan kararını kaydedin.",
P3,image-0031-instance-020,31,20260729_095525(0).jpg,20,4,0.00802425,UNVERIFIED_HUMAN_ANNOTATION,"Bu insan çizimi polygon, görünür ön yüz kurallarına göre henüz doğrulanmadı.","Ön yüz kapsamını, yan yüzlerin dışarıda kalmasını, gölge/örtüşme sınırını ve çizim hassasiyetini kontrol edip insan kararını kaydedin.",
P3,image-0031-instance-021,31,20260729_095525(0).jpg,21,4,0.00881432,UNVERIFIED_HUMAN_ANNOTATION,"Bu insan çizimi polygon, görünür ön yüz kurallarına göre henüz doğrulanmadı.","Ön yüz kapsamını, yan yüzlerin dışarıda kalmasını, gölge/örtüşme sınırını ve çizim hassasiyetini kontrol edip insan kararını kaydedin.",
P3,image-0031-instance-022,31,20260729_095525(0).jpg,22,4,0.00870456,UNVERIFIED_HUMAN_ANNOTATION,"Bu insan çizimi polygon, görünür ön yüz kurallarına göre henüz doğrulanmadı.","Ön yüz kapsamını, yan yüzlerin dışarıda kalmasını, gölge/örtüşme sınırını ve çizim hassasiyetini kontrol edip insan kararını kaydedin.",
P3,image-0031-instance-023,31,20260729_095525(0).jpg,23,4,0.00720533,UNVERIFIED_HUMAN_ANNOTATION,"Bu insan çizimi polygon, görünür ön yüz kurallarına göre henüz doğrulanmadı.","Ön yüz kapsamını, yan yüzlerin dışarıda kalmasını, gölge/örtüşme sınırını ve çizim hassasiyetini kontrol edip insan kararını kaydedin.",
P3,image-0032-instance-001,32,20260729_095527.jpg,1,4,0.00701092,UNVERIFIED_HUMAN_ANNOTATION,"Bu insan çizimi polygon, görünür ön yüz kurallarına göre henüz doğrulanmadı.","Ön yüz kapsamını, yan yüzlerin dışarıda kalmasını, gölge/örtüşme sınırını ve çizim hassasiyetini kontrol edip insan kararını kaydedin.",
P3,image-0032-instance-002,32,20260729_095527.jpg,2,4,0.00600439,UNVERIFIED_HUMAN_ANNOTATION,"Bu insan çizimi polygon, görünür ön yüz kurallarına göre henüz doğrulanmadı.","Ön yüz kapsamını, yan yüzlerin dışarıda kalmasını, gölge/örtüşme sınırını ve çizim hassasiyetini kontrol edip insan kararını kaydedin.",
P3,image-0032-instance-003,32,20260729_095527.jpg,3,4,0.00728566,UNVERIFIED_HUMAN_ANNOTATION,"Bu insan çizimi polygon, görünür ön yüz kurallarına göre henüz doğrulanmadı.","Ön yüz kapsamını, yan yüzlerin dışarıda kalmasını, gölge/örtüşme sınırını ve çizim hassasiyetini kontrol edip insan kararını kaydedin.",
P3,image-0032-instance-004,32,20260729_095527.jpg,4,4,0.00695137,UNVERIFIED_HUMAN_ANNOTATION,"Bu insan çizimi polygon, görünür ön yüz kurallarına göre henüz doğrulanmadı.","Ön yüz kapsamını, yan yüzlerin dışarıda kalmasını, gölge/örtüşme sınırını ve çizim hassasiyetini kontrol edip insan kararını kaydedin.",
P3,image-0032-instance-005,32,20260729_095527.jpg,5,4,0.00755859,UNVERIFIED_HUMAN_ANNOTATION,"Bu insan çizimi polygon, görünür ön yüz kurallarına göre henüz doğrulanmadı.","Ön yüz kapsamını, yan yüzlerin dışarıda kalmasını, gölge/örtüşme sınırını ve çizim hassasiyetini kontrol edip insan kararını kaydedin.",
P3,image-0032-instance-006,32,20260729_095527.jpg,6,4,0.00724592,UNVERIFIED_HUMAN_ANNOTATION,"Bu insan çizimi polygon, görünür ön yüz kurallarına göre henüz doğrulanmadı.","Ön yüz kapsamını, yan yüzlerin dışarıda kalmasını, gölge/örtüşme sınırını ve çizim hassasiyetini kontrol edip insan kararını kaydedin.",
P3,image-0032-instance-007,32,20260729_095527.jpg,7,4,0.00735873,UNVERIFIED_HUMAN_ANNOTATION,"Bu insan çizimi polygon, görünür ön yüz kurallarına göre henüz doğrulanmadı.","Ön yüz kapsamını, yan yüzlerin dışarıda kalmasını, gölge/örtüşme sınırını ve çizim hassasiyetini kontrol edip insan kararını kaydedin.",
P3,image-0032-instance-008,32,20260729_095527.jpg,8,4,0.00817410,UNVERIFIED_HUMAN_ANNOTATION,"Bu insan çizimi polygon, görünür ön yüz kurallarına göre henüz doğrulanmadı.","Ön yüz kapsamını, yan yüzlerin dışarıda kalmasını, gölge/örtüşme sınırını ve çizim hassasiyetini kontrol edip insan kararını kaydedin.",
P2,image-0032-instance-009,32,20260729_095527.jpg,9,5,0.00916806,FRAME_BOUNDARY_TRUNCATION_REVIEW|MULTISIDED_VISIBLE_REGION_REVIEW|UNVERIFIED_HUMAN_ANNOTATION,Şekil veya görüntü sınırında kesilme fiziksel olarak yorumlanmalı; köşe sayısı tek başına hata değildir.,"Polygonun yalnızca görünen ön yüzü izlediğini, örtücü nesnede/görüntü kenarında durduğunu ve gizli geometri uydurmadığını doğrulayın.",
P3,image-0032-instance-010,32,20260729_095527.jpg,10,4,0.00798167,UNVERIFIED_HUMAN_ANNOTATION,"Bu insan çizimi polygon, görünür ön yüz kurallarına göre henüz doğrulanmadı.","Ön yüz kapsamını, yan yüzlerin dışarıda kalmasını, gölge/örtüşme sınırını ve çizim hassasiyetini kontrol edip insan kararını kaydedin.",
P3,image-0032-instance-011,32,20260729_095527.jpg,11,4,0.00852508,UNVERIFIED_HUMAN_ANNOTATION,"Bu insan çizimi polygon, görünür ön yüz kurallarına göre henüz doğrulanmadı.","Ön yüz kapsamını, yan yüzlerin dışarıda kalmasını, gölge/örtüşme sınırını ve çizim hassasiyetini kontrol edip insan kararını kaydedin.",
P3,image-0032-instance-012,32,20260729_095527.jpg,12,4,0.01033695,UNVERIFIED_HUMAN_ANNOTATION,"Bu insan çizimi polygon, görünür ön yüz kurallarına göre henüz doğrulanmadı.","Ön yüz kapsamını, yan yüzlerin dışarıda kalmasını, gölge/örtüşme sınırını ve çizim hassasiyetini kontrol edip insan kararını kaydedin.",
P3,image-0032-instance-013,32,20260729_095527.jpg,13,4,0.01105368,UNVERIFIED_HUMAN_ANNOTATION,"Bu insan çizimi polygon, görünür ön yüz kurallarına göre henüz doğrulanmadı.","Ön yüz kapsamını, yan yüzlerin dışarıda kalmasını, gölge/örtüşme sınırını ve çizim hassasiyetini kontrol edip insan kararını kaydedin.",
P3,image-0032-instance-014,32,20260729_095527.jpg,14,4,0.01121549,UNVERIFIED_HUMAN_ANNOTATION,"Bu insan çizimi polygon, görünür ön yüz kurallarına göre henüz doğrulanmadı.","Ön yüz kapsamını, yan yüzlerin dışarıda kalmasını, gölge/örtüşme sınırını ve çizim hassasiyetini kontrol edip insan kararını kaydedin.",
P3,image-0032-instance-015,32,20260729_095527.jpg,15,4,0.00602913,UNVERIFIED_HUMAN_ANNOTATION,"Bu insan çizimi polygon, görünür ön yüz kurallarına göre henüz doğrulanmadı.","Ön yüz kapsamını, yan yüzlerin dışarıda kalmasını, gölge/örtüşme sınırını ve çizim hassasiyetini kontrol edip insan kararını kaydedin.",
P3,image-0032-instance-016,32,20260729_095527.jpg,16,4,0.00630613,UNVERIFIED_HUMAN_ANNOTATION,"Bu insan çizimi polygon, görünür ön yüz kurallarına göre henüz doğrulanmadı.","Ön yüz kapsamını, yan yüzlerin dışarıda kalmasını, gölge/örtüşme sınırını ve çizim hassasiyetini kontrol edip insan kararını kaydedin.",
P3,image-0032-instance-017,32,20260729_095527.jpg,17,4,0.00785682,UNVERIFIED_HUMAN_ANNOTATION,"Bu insan çizimi polygon, görünür ön yüz kurallarına göre henüz doğrulanmadı.","Ön yüz kapsamını, yan yüzlerin dışarıda kalmasını, gölge/örtüşme sınırını ve çizim hassasiyetini kontrol edip insan kararını kaydedin.",
P3,image-0033-instance-001,33,20260729_095529(0).jpg,1,4,0.00537623,UNVERIFIED_HUMAN_ANNOTATION,"Bu insan çizimi polygon, görünür ön yüz kurallarına göre henüz doğrulanmadı.","Ön yüz kapsamını, yan yüzlerin dışarıda kalmasını, gölge/örtüşme sınırını ve çizim hassasiyetini kontrol edip insan kararını kaydedin.",
P3,image-0033-instance-002,33,20260729_095529(0).jpg,2,4,0.00654401,UNVERIFIED_HUMAN_ANNOTATION,"Bu insan çizimi polygon, görünür ön yüz kurallarına göre henüz doğrulanmadı.","Ön yüz kapsamını, yan yüzlerin dışarıda kalmasını, gölge/örtüşme sınırını ve çizim hassasiyetini kontrol edip insan kararını kaydedin.",
P3,image-0033-instance-003,33,20260729_095529(0).jpg,3,4,0.00679718,UNVERIFIED_HUMAN_ANNOTATION,"Bu insan çizimi polygon, görünür ön yüz kurallarına göre henüz doğrulanmadı.","Ön yüz kapsamını, yan yüzlerin dışarıda kalmasını, gölge/örtüşme sınırını ve çizim hassasiyetini kontrol edip insan kararını kaydedin.",
P3,image-0033-instance-004,33,20260729_095529(0).jpg,4,4,0.00663252,UNVERIFIED_HUMAN_ANNOTATION,"Bu insan çizimi polygon, görünür ön yüz kurallarına göre henüz doğrulanmadı.","Ön yüz kapsamını, yan yüzlerin dışarıda kalmasını, gölge/örtüşme sınırını ve çizim hassasiyetini kontrol edip insan kararını kaydedin.",
P3,image-0033-instance-005,33,20260729_095529(0).jpg,5,4,0.00679323,UNVERIFIED_HUMAN_ANNOTATION,"Bu insan çizimi polygon, görünür ön yüz kurallarına göre henüz doğrulanmadı.","Ön yüz kapsamını, yan yüzlerin dışarıda kalmasını, gölge/örtüşme sınırını ve çizim hassasiyetini kontrol edip insan kararını kaydedin.",
P3,image-0033-instance-006,33,20260729_095529(0).jpg,6,4,0.00767355,UNVERIFIED_HUMAN_ANNOTATION,"Bu insan çizimi polygon, görünür ön yüz kurallarına göre henüz doğrulanmadı.","Ön yüz kapsamını, yan yüzlerin dışarıda kalmasını, gölge/örtüşme sınırını ve çizim hassasiyetini kontrol edip insan kararını kaydedin.",
P2,image-0033-instance-007,33,20260729_095529(0).jpg,7,4,0.00703531,FRAME_BOUNDARY_TRUNCATION_REVIEW|UNVERIFIED_HUMAN_ANNOTATION,Şekil veya görüntü sınırında kesilme fiziksel olarak yorumlanmalı; köşe sayısı tek başına hata değildir.,"Polygonun yalnızca görünen ön yüzü izlediğini, örtücü nesnede/görüntü kenarında durduğunu ve gizli geometri uydurmadığını doğrulayın.",
P3,image-0033-instance-008,33,20260729_095529(0).jpg,8,4,0.00674073,UNVERIFIED_HUMAN_ANNOTATION,"Bu insan çizimi polygon, görünür ön yüz kurallarına göre henüz doğrulanmadı.","Ön yüz kapsamını, yan yüzlerin dışarıda kalmasını, gölge/örtüşme sınırını ve çizim hassasiyetini kontrol edip insan kararını kaydedin.",
P3,image-0033-instance-009,33,20260729_095529(0).jpg,9,4,0.00664127,UNVERIFIED_HUMAN_ANNOTATION,"Bu insan çizimi polygon, görünür ön yüz kurallarına göre henüz doğrulanmadı.","Ön yüz kapsamını, yan yüzlerin dışarıda kalmasını, gölge/örtüşme sınırını ve çizim hassasiyetini kontrol edip insan kararını kaydedin.",
P3,image-0033-instance-010,33,20260729_095529(0).jpg,10,4,0.00772116,UNVERIFIED_HUMAN_ANNOTATION,"Bu insan çizimi polygon, görünür ön yüz kurallarına göre henüz doğrulanmadı.","Ön yüz kapsamını, yan yüzlerin dışarıda kalmasını, gölge/örtüşme sınırını ve çizim hassasiyetini kontrol edip insan kararını kaydedin.",
P2,image-0033-instance-011,33,20260729_095529(0).jpg,11,5,0.00390392,FRAME_BOUNDARY_TRUNCATION_REVIEW|MULTISIDED_VISIBLE_REGION_REVIEW|UNVERIFIED_HUMAN_ANNOTATION,Şekil veya görüntü sınırında kesilme fiziksel olarak yorumlanmalı; köşe sayısı tek başına hata değildir.,"Polygonun yalnızca görünen ön yüzü izlediğini, örtücü nesnede/görüntü kenarında durduğunu ve gizli geometri uydurmadığını doğrulayın.",
P3,image-0033-instance-012,33,20260729_095529(0).jpg,12,4,0.00073466,UNVERIFIED_HUMAN_ANNOTATION,"Bu insan çizimi polygon, görünür ön yüz kurallarına göre henüz doğrulanmadı.","Ön yüz kapsamını, yan yüzlerin dışarıda kalmasını, gölge/örtüşme sınırını ve çizim hassasiyetini kontrol edip insan kararını kaydedin.",
P3,image-0033-instance-013,33,20260729_095529(0).jpg,13,4,0.00086561,UNVERIFIED_HUMAN_ANNOTATION,"Bu insan çizimi polygon, görünür ön yüz kurallarına göre henüz doğrulanmadı.","Ön yüz kapsamını, yan yüzlerin dışarıda kalmasını, gölge/örtüşme sınırını ve çizim hassasiyetini kontrol edip insan kararını kaydedin.",
P3,image-0033-instance-014,33,20260729_095529(0).jpg,14,4,0.00613343,UNVERIFIED_HUMAN_ANNOTATION,"Bu insan çizimi polygon, görünür ön yüz kurallarına göre henüz doğrulanmadı.","Ön yüz kapsamını, yan yüzlerin dışarıda kalmasını, gölge/örtüşme sınırını ve çizim hassasiyetini kontrol edip insan kararını kaydedin.",
P3,image-0033-instance-015,33,20260729_095529(0).jpg,15,4,0.00620640,UNVERIFIED_HUMAN_ANNOTATION,"Bu insan çizimi polygon, görünür ön yüz kurallarına göre henüz doğrulanmadı.","Ön yüz kapsamını, yan yüzlerin dışarıda kalmasını, gölge/örtüşme sınırını ve çizim hassasiyetini kontrol edip insan kararını kaydedin.",
P3,image-0033-instance-016,33,20260729_095529(0).jpg,16,4,0.00668367,UNVERIFIED_HUMAN_ANNOTATION,"Bu insan çizimi polygon, görünür ön yüz kurallarına göre henüz doğrulanmadı.","Ön yüz kapsamını, yan yüzlerin dışarıda kalmasını, gölge/örtüşme sınırını ve çizim hassasiyetini kontrol edip insan kararını kaydedin.",
P3,image-0033-instance-017,33,20260729_095529(0).jpg,17,4,0.00673189,UNVERIFIED_HUMAN_ANNOTATION,"Bu insan çizimi polygon, görünür ön yüz kurallarına göre henüz doğrulanmadı.","Ön yüz kapsamını, yan yüzlerin dışarıda kalmasını, gölge/örtüşme sınırını ve çizim hassasiyetini kontrol edip insan kararını kaydedin.",
P3,image-0033-instance-018,33,20260729_095529(0).jpg,18,4,0.00755264,UNVERIFIED_HUMAN_ANNOTATION,"Bu insan çizimi polygon, görünür ön yüz kurallarına göre henüz doğrulanmadı.","Ön yüz kapsamını, yan yüzlerin dışarıda kalmasını, gölge/örtüşme sınırını ve çizim hassasiyetini kontrol edip insan kararını kaydedin.",
P3,image-0033-instance-019,33,20260729_095529(0).jpg,19,4,0.00907171,UNVERIFIED_HUMAN_ANNOTATION,"Bu insan çizimi polygon, görünür ön yüz kurallarına göre henüz doğrulanmadı.","Ön yüz kapsamını, yan yüzlerin dışarıda kalmasını, gölge/örtüşme sınırını ve çizim hassasiyetini kontrol edip insan kararını kaydedin.",
P3,image-0033-instance-020,33,20260729_095529(0).jpg,20,4,0.00983382,UNVERIFIED_HUMAN_ANNOTATION,"Bu insan çizimi polygon, görünür ön yüz kurallarına göre henüz doğrulanmadı.","Ön yüz kapsamını, yan yüzlerin dışarıda kalmasını, gölge/örtüşme sınırını ve çizim hassasiyetini kontrol edip insan kararını kaydedin.",
P3,image-0033-instance-021,33,20260729_095529(0).jpg,21,4,0.00993957,UNVERIFIED_HUMAN_ANNOTATION,"Bu insan çizimi polygon, görünür ön yüz kurallarına göre henüz doğrulanmadı.","Ön yüz kapsamını, yan yüzlerin dışarıda kalmasını, gölge/örtüşme sınırını ve çizim hassasiyetini kontrol edip insan kararını kaydedin.",
P3,image-0033-instance-022,33,20260729_095529(0).jpg,22,4,0.00516905,UNVERIFIED_HUMAN_ANNOTATION,"Bu insan çizimi polygon, görünür ön yüz kurallarına göre henüz doğrulanmadı.","Ön yüz kapsamını, yan yüzlerin dışarıda kalmasını, gölge/örtüşme sınırını ve çizim hassasiyetini kontrol edip insan kararını kaydedin.",
P3,image-0033-instance-023,33,20260729_095529(0).jpg,23,4,0.00556120,UNVERIFIED_HUMAN_ANNOTATION,"Bu insan çizimi polygon, görünür ön yüz kurallarına göre henüz doğrulanmadı.","Ön yüz kapsamını, yan yüzlerin dışarıda kalmasını, gölge/örtüşme sınırını ve çizim hassasiyetini kontrol edip insan kararını kaydedin.",
P3,image-0034-instance-001,34,20260729_095846(0).jpg,1,4,0.00705053,UNVERIFIED_HUMAN_ANNOTATION,"Bu insan çizimi polygon, görünür ön yüz kurallarına göre henüz doğrulanmadı.","Ön yüz kapsamını, yan yüzlerin dışarıda kalmasını, gölge/örtüşme sınırını ve çizim hassasiyetini kontrol edip insan kararını kaydedin.",
P3,image-0034-instance-002,34,20260729_095846(0).jpg,2,4,0.00813814,UNVERIFIED_HUMAN_ANNOTATION,"Bu insan çizimi polygon, görünür ön yüz kurallarına göre henüz doğrulanmadı.","Ön yüz kapsamını, yan yüzlerin dışarıda kalmasını, gölge/örtüşme sınırını ve çizim hassasiyetini kontrol edip insan kararını kaydedin.",
P3,image-0034-instance-003,34,20260729_095846(0).jpg,3,4,0.00870064,UNVERIFIED_HUMAN_ANNOTATION,"Bu insan çizimi polygon, görünür ön yüz kurallarına göre henüz doğrulanmadı.","Ön yüz kapsamını, yan yüzlerin dışarıda kalmasını, gölge/örtüşme sınırını ve çizim hassasiyetini kontrol edip insan kararını kaydedin.",
P3,image-0034-instance-004,34,20260729_095846(0).jpg,4,4,0.00875290,UNVERIFIED_HUMAN_ANNOTATION,"Bu insan çizimi polygon, görünür ön yüz kurallarına göre henüz doğrulanmadı.","Ön yüz kapsamını, yan yüzlerin dışarıda kalmasını, gölge/örtüşme sınırını ve çizim hassasiyetini kontrol edip insan kararını kaydedin.",
P2,image-0034-instance-005,34,20260729_095846(0).jpg,5,5,0.00567353,CONCAVE_VISIBLE_REGION_REVIEW|MULTISIDED_VISIBLE_REGION_REVIEW|UNVERIFIED_HUMAN_ANNOTATION,Şekil veya görüntü sınırında kesilme fiziksel olarak yorumlanmalı; köşe sayısı tek başına hata değildir.,"Polygonun yalnızca görünen ön yüzü izlediğini, örtücü nesnede/görüntü kenarında durduğunu ve gizli geometri uydurmadığını doğrulayın.",
P3,image-0034-instance-006,34,20260729_095846(0).jpg,6,4,0.00712078,UNVERIFIED_HUMAN_ANNOTATION,"Bu insan çizimi polygon, görünür ön yüz kurallarına göre henüz doğrulanmadı.","Ön yüz kapsamını, yan yüzlerin dışarıda kalmasını, gölge/örtüşme sınırını ve çizim hassasiyetini kontrol edip insan kararını kaydedin.",
P3,image-0034-instance-007,34,20260729_095846(0).jpg,7,4,0.00699656,UNVERIFIED_HUMAN_ANNOTATION,"Bu insan çizimi polygon, görünür ön yüz kurallarına göre henüz doğrulanmadı.","Ön yüz kapsamını, yan yüzlerin dışarıda kalmasını, gölge/örtüşme sınırını ve çizim hassasiyetini kontrol edip insan kararını kaydedin.",
P3,image-0034-instance-008,34,20260729_095846(0).jpg,8,4,0.00676767,UNVERIFIED_HUMAN_ANNOTATION,"Bu insan çizimi polygon, görünür ön yüz kurallarına göre henüz doğrulanmadı.","Ön yüz kapsamını, yan yüzlerin dışarıda kalmasını, gölge/örtüşme sınırını ve çizim hassasiyetini kontrol edip insan kararını kaydedin.",
P3,image-0034-instance-009,34,20260729_095846(0).jpg,9,4,0.00772882,UNVERIFIED_HUMAN_ANNOTATION,"Bu insan çizimi polygon, görünür ön yüz kurallarına göre henüz doğrulanmadı.","Ön yüz kapsamını, yan yüzlerin dışarıda kalmasını, gölge/örtüşme sınırını ve çizim hassasiyetini kontrol edip insan kararını kaydedin.",
P2,image-0034-instance-010,34,20260729_095846(0).jpg,10,5,0.00188442,FRAME_BOUNDARY_TRUNCATION_REVIEW|MULTISIDED_VISIBLE_REGION_REVIEW|UNVERIFIED_HUMAN_ANNOTATION,Şekil veya görüntü sınırında kesilme fiziksel olarak yorumlanmalı; köşe sayısı tek başına hata değildir.,"Polygonun yalnızca görünen ön yüzü izlediğini, örtücü nesnede/görüntü kenarında durduğunu ve gizli geometri uydurmadığını doğrulayın.",
P2,image-0034-instance-011,34,20260729_095846(0).jpg,11,5,0.00506961,CONCAVE_VISIBLE_REGION_REVIEW|MULTISIDED_VISIBLE_REGION_REVIEW|UNVERIFIED_HUMAN_ANNOTATION,Şekil veya görüntü sınırında kesilme fiziksel olarak yorumlanmalı; köşe sayısı tek başına hata değildir.,"Polygonun yalnızca görünen ön yüzü izlediğini, örtücü nesnede/görüntü kenarında durduğunu ve gizli geometri uydurmadığını doğrulayın.",
P2,image-0034-instance-012,34,20260729_095846(0).jpg,12,6,0.00454590,CONCAVE_VISIBLE_REGION_REVIEW|MULTISIDED_VISIBLE_REGION_REVIEW|UNVERIFIED_HUMAN_ANNOTATION,Şekil veya görüntü sınırında kesilme fiziksel olarak yorumlanmalı; köşe sayısı tek başına hata değildir.,"Polygonun yalnızca görünen ön yüzü izlediğini, örtücü nesnede/görüntü kenarında durduğunu ve gizli geometri uydurmadığını doğrulayın.",
P3,image-0034-instance-013,34,20260729_095846(0).jpg,13,4,0.01332139,UNVERIFIED_HUMAN_ANNOTATION,"Bu insan çizimi polygon, görünür ön yüz kurallarına göre henüz doğrulanmadı.","Ön yüz kapsamını, yan yüzlerin dışarıda kalmasını, gölge/örtüşme sınırını ve çizim hassasiyetini kontrol edip insan kararını kaydedin.",
P3,image-0034-instance-014,34,20260729_095846(0).jpg,14,4,0.01041128,UNVERIFIED_HUMAN_ANNOTATION,"Bu insan çizimi polygon, görünür ön yüz kurallarına göre henüz doğrulanmadı.","Ön yüz kapsamını, yan yüzlerin dışarıda kalmasını, gölge/örtüşme sınırını ve çizim hassasiyetini kontrol edip insan kararını kaydedin.",
P3,image-0034-instance-015,34,20260729_095846(0).jpg,15,4,0.01015004,UNVERIFIED_HUMAN_ANNOTATION,"Bu insan çizimi polygon, görünür ön yüz kurallarına göre henüz doğrulanmadı.","Ön yüz kapsamını, yan yüzlerin dışarıda kalmasını, gölge/örtüşme sınırını ve çizim hassasiyetini kontrol edip insan kararını kaydedin.",
P3,image-0034-instance-016,34,20260729_095846(0).jpg,16,4,0.00913670,UNVERIFIED_HUMAN_ANNOTATION,"Bu insan çizimi polygon, görünür ön yüz kurallarına göre henüz doğrulanmadı.","Ön yüz kapsamını, yan yüzlerin dışarıda kalmasını, gölge/örtüşme sınırını ve çizim hassasiyetini kontrol edip insan kararını kaydedin.",
P3,image-0035-instance-001,35,20260729_100057.jpg,1,4,0.00115588,UNVERIFIED_HUMAN_ANNOTATION,"Bu insan çizimi polygon, görünür ön yüz kurallarına göre henüz doğrulanmadı.","Ön yüz kapsamını, yan yüzlerin dışarıda kalmasını, gölge/örtüşme sınırını ve çizim hassasiyetini kontrol edip insan kararını kaydedin.",
P3,image-0035-instance-002,35,20260729_100057.jpg,2,4,0.00107938,UNVERIFIED_HUMAN_ANNOTATION,"Bu insan çizimi polygon, görünür ön yüz kurallarına göre henüz doğrulanmadı.","Ön yüz kapsamını, yan yüzlerin dışarıda kalmasını, gölge/örtüşme sınırını ve çizim hassasiyetini kontrol edip insan kararını kaydedin.",
P3,image-0035-instance-003,35,20260729_100057.jpg,3,4,0.00108545,UNVERIFIED_HUMAN_ANNOTATION,"Bu insan çizimi polygon, görünür ön yüz kurallarına göre henüz doğrulanmadı.","Ön yüz kapsamını, yan yüzlerin dışarıda kalmasını, gölge/örtüşme sınırını ve çizim hassasiyetini kontrol edip insan kararını kaydedin.",
P3,image-0035-instance-004,35,20260729_100057.jpg,4,4,0.00101815,UNVERIFIED_HUMAN_ANNOTATION,"Bu insan çizimi polygon, görünür ön yüz kurallarına göre henüz doğrulanmadı.","Ön yüz kapsamını, yan yüzlerin dışarıda kalmasını, gölge/örtüşme sınırını ve çizim hassasiyetini kontrol edip insan kararını kaydedin.",
P3,image-0035-instance-005,35,20260729_100057.jpg,5,4,0.00103910,UNVERIFIED_HUMAN_ANNOTATION,"Bu insan çizimi polygon, görünür ön yüz kurallarına göre henüz doğrulanmadı.","Ön yüz kapsamını, yan yüzlerin dışarıda kalmasını, gölge/örtüşme sınırını ve çizim hassasiyetini kontrol edip insan kararını kaydedin.",
P3,image-0035-instance-006,35,20260729_100057.jpg,6,4,0.00103173,UNVERIFIED_HUMAN_ANNOTATION,"Bu insan çizimi polygon, görünür ön yüz kurallarına göre henüz doğrulanmadı.","Ön yüz kapsamını, yan yüzlerin dışarıda kalmasını, gölge/örtüşme sınırını ve çizim hassasiyetini kontrol edip insan kararını kaydedin.",
P3,image-0035-instance-007,35,20260729_100057.jpg,7,4,0.00100933,UNVERIFIED_HUMAN_ANNOTATION,"Bu insan çizimi polygon, görünür ön yüz kurallarına göre henüz doğrulanmadı.","Ön yüz kapsamını, yan yüzlerin dışarıda kalmasını, gölge/örtüşme sınırını ve çizim hassasiyetini kontrol edip insan kararını kaydedin.",
P3,image-0035-instance-008,35,20260729_100057.jpg,8,4,0.00100963,UNVERIFIED_HUMAN_ANNOTATION,"Bu insan çizimi polygon, görünür ön yüz kurallarına göre henüz doğrulanmadı.","Ön yüz kapsamını, yan yüzlerin dışarıda kalmasını, gölge/örtüşme sınırını ve çizim hassasiyetini kontrol edip insan kararını kaydedin.",
P3,image-0035-instance-009,35,20260729_100057.jpg,9,4,0.00106623,UNVERIFIED_HUMAN_ANNOTATION,"Bu insan çizimi polygon, görünür ön yüz kurallarına göre henüz doğrulanmadı.","Ön yüz kapsamını, yan yüzlerin dışarıda kalmasını, gölge/örtüşme sınırını ve çizim hassasiyetini kontrol edip insan kararını kaydedin.",
P3,image-0035-instance-010,35,20260729_100057.jpg,10,4,0.00102971,UNVERIFIED_HUMAN_ANNOTATION,"Bu insan çizimi polygon, görünür ön yüz kurallarına göre henüz doğrulanmadı.","Ön yüz kapsamını, yan yüzlerin dışarıda kalmasını, gölge/örtüşme sınırını ve çizim hassasiyetini kontrol edip insan kararını kaydedin.",
P3,image-0035-instance-011,35,20260729_100057.jpg,11,4,0.00099816,UNVERIFIED_HUMAN_ANNOTATION,"Bu insan çizimi polygon, görünür ön yüz kurallarına göre henüz doğrulanmadı.","Ön yüz kapsamını, yan yüzlerin dışarıda kalmasını, gölge/örtüşme sınırını ve çizim hassasiyetini kontrol edip insan kararını kaydedin.",
P3,image-0035-instance-012,35,20260729_100057.jpg,12,4,0.00099353,UNVERIFIED_HUMAN_ANNOTATION,"Bu insan çizimi polygon, görünür ön yüz kurallarına göre henüz doğrulanmadı.","Ön yüz kapsamını, yan yüzlerin dışarıda kalmasını, gölge/örtüşme sınırını ve çizim hassasiyetini kontrol edip insan kararını kaydedin.",
P3,image-0035-instance-013,35,20260729_100057.jpg,13,4,0.00095757,UNVERIFIED_HUMAN_ANNOTATION,"Bu insan çizimi polygon, görünür ön yüz kurallarına göre henüz doğrulanmadı.","Ön yüz kapsamını, yan yüzlerin dışarıda kalmasını, gölge/örtüşme sınırını ve çizim hassasiyetini kontrol edip insan kararını kaydedin.",
P3,image-0035-instance-014,35,20260729_100057.jpg,14,4,0.00100400,UNVERIFIED_HUMAN_ANNOTATION,"Bu insan çizimi polygon, görünür ön yüz kurallarına göre henüz doğrulanmadı.","Ön yüz kapsamını, yan yüzlerin dışarıda kalmasını, gölge/örtüşme sınırını ve çizim hassasiyetini kontrol edip insan kararını kaydedin.",
P3,image-0035-instance-015,35,20260729_100057.jpg,15,4,0.00100763,UNVERIFIED_HUMAN_ANNOTATION,"Bu insan çizimi polygon, görünür ön yüz kurallarına göre henüz doğrulanmadı.","Ön yüz kapsamını, yan yüzlerin dışarıda kalmasını, gölge/örtüşme sınırını ve çizim hassasiyetini kontrol edip insan kararını kaydedin.",
P3,image-0036-instance-001,36,20260729_100058.jpg,1,4,0.00215146,UNVERIFIED_HUMAN_ANNOTATION,"Bu insan çizimi polygon, görünür ön yüz kurallarına göre henüz doğrulanmadı.","Ön yüz kapsamını, yan yüzlerin dışarıda kalmasını, gölge/örtüşme sınırını ve çizim hassasiyetini kontrol edip insan kararını kaydedin.",
P3,image-0036-instance-002,36,20260729_100058.jpg,2,4,0.00183708,UNVERIFIED_HUMAN_ANNOTATION,"Bu insan çizimi polygon, görünür ön yüz kurallarına göre henüz doğrulanmadı.","Ön yüz kapsamını, yan yüzlerin dışarıda kalmasını, gölge/örtüşme sınırını ve çizim hassasiyetini kontrol edip insan kararını kaydedin.",
P3,image-0036-instance-003,36,20260729_100058.jpg,3,4,0.00176620,UNVERIFIED_HUMAN_ANNOTATION,"Bu insan çizimi polygon, görünür ön yüz kurallarına göre henüz doğrulanmadı.","Ön yüz kapsamını, yan yüzlerin dışarıda kalmasını, gölge/örtüşme sınırını ve çizim hassasiyetini kontrol edip insan kararını kaydedin.",
P3,image-0036-instance-004,36,20260729_100058.jpg,4,4,0.00171428,UNVERIFIED_HUMAN_ANNOTATION,"Bu insan çizimi polygon, görünür ön yüz kurallarına göre henüz doğrulanmadı.","Ön yüz kapsamını, yan yüzlerin dışarıda kalmasını, gölge/örtüşme sınırını ve çizim hassasiyetini kontrol edip insan kararını kaydedin.",
P3,image-0036-instance-005,36,20260729_100058.jpg,5,4,0.00164614,UNVERIFIED_HUMAN_ANNOTATION,"Bu insan çizimi polygon, görünür ön yüz kurallarına göre henüz doğrulanmadı.","Ön yüz kapsamını, yan yüzlerin dışarıda kalmasını, gölge/örtüşme sınırını ve çizim hassasiyetini kontrol edip insan kararını kaydedin.",
P3,image-0036-instance-006,36,20260729_100058.jpg,6,4,0.00160266,UNVERIFIED_HUMAN_ANNOTATION,"Bu insan çizimi polygon, görünür ön yüz kurallarına göre henüz doğrulanmadı.","Ön yüz kapsamını, yan yüzlerin dışarıda kalmasını, gölge/örtüşme sınırını ve çizim hassasiyetini kontrol edip insan kararını kaydedin.",
P3,image-0036-instance-007,36,20260729_100058.jpg,7,4,0.00153568,UNVERIFIED_HUMAN_ANNOTATION,"Bu insan çizimi polygon, görünür ön yüz kurallarına göre henüz doğrulanmadı.","Ön yüz kapsamını, yan yüzlerin dışarıda kalmasını, gölge/örtüşme sınırını ve çizim hassasiyetini kontrol edip insan kararını kaydedin.",
P3,image-0036-instance-008,36,20260729_100058.jpg,8,4,0.00157625,UNVERIFIED_HUMAN_ANNOTATION,"Bu insan çizimi polygon, görünür ön yüz kurallarına göre henüz doğrulanmadı.","Ön yüz kapsamını, yan yüzlerin dışarıda kalmasını, gölge/örtüşme sınırını ve çizim hassasiyetini kontrol edip insan kararını kaydedin.",
P3,image-0036-instance-009,36,20260729_100058.jpg,9,4,0.00156908,UNVERIFIED_HUMAN_ANNOTATION,"Bu insan çizimi polygon, görünür ön yüz kurallarına göre henüz doğrulanmadı.","Ön yüz kapsamını, yan yüzlerin dışarıda kalmasını, gölge/örtüşme sınırını ve çizim hassasiyetini kontrol edip insan kararını kaydedin.",
P3,image-0036-instance-010,36,20260729_100058.jpg,10,4,0.00148418,UNVERIFIED_HUMAN_ANNOTATION,"Bu insan çizimi polygon, görünür ön yüz kurallarına göre henüz doğrulanmadı.","Ön yüz kapsamını, yan yüzlerin dışarıda kalmasını, gölge/örtüşme sınırını ve çizim hassasiyetini kontrol edip insan kararını kaydedin.",
P3,image-0036-instance-011,36,20260729_100058.jpg,11,4,0.00150580,UNVERIFIED_HUMAN_ANNOTATION,"Bu insan çizimi polygon, görünür ön yüz kurallarına göre henüz doğrulanmadı.","Ön yüz kapsamını, yan yüzlerin dışarıda kalmasını, gölge/örtüşme sınırını ve çizim hassasiyetini kontrol edip insan kararını kaydedin.",
P3,image-0036-instance-012,36,20260729_100058.jpg,12,4,0.00136967,UNVERIFIED_HUMAN_ANNOTATION,"Bu insan çizimi polygon, görünür ön yüz kurallarına göre henüz doğrulanmadı.","Ön yüz kapsamını, yan yüzlerin dışarıda kalmasını, gölge/örtüşme sınırını ve çizim hassasiyetini kontrol edip insan kararını kaydedin.",
P3,image-0036-instance-013,36,20260729_100058.jpg,13,4,0.00122285,UNVERIFIED_HUMAN_ANNOTATION,"Bu insan çizimi polygon, görünür ön yüz kurallarına göre henüz doğrulanmadı.","Ön yüz kapsamını, yan yüzlerin dışarıda kalmasını, gölge/örtüşme sınırını ve çizim hassasiyetini kontrol edip insan kararını kaydedin.",
P3,image-0036-instance-014,36,20260729_100058.jpg,14,4,0.00130889,UNVERIFIED_HUMAN_ANNOTATION,"Bu insan çizimi polygon, görünür ön yüz kurallarına göre henüz doğrulanmadı.","Ön yüz kapsamını, yan yüzlerin dışarıda kalmasını, gölge/örtüşme sınırını ve çizim hassasiyetini kontrol edip insan kararını kaydedin.",
P3,image-0036-instance-015,36,20260729_100058.jpg,15,4,0.00124677,UNVERIFIED_HUMAN_ANNOTATION,"Bu insan çizimi polygon, görünür ön yüz kurallarına göre henüz doğrulanmadı.","Ön yüz kapsamını, yan yüzlerin dışarıda kalmasını, gölge/örtüşme sınırını ve çizim hassasiyetini kontrol edip insan kararını kaydedin.",
P0,image-0037-instance-001,37,20260729_100242.jpg,1,4,0.00829128,MISSING_SOURCE_IMAGE|UNVERIFIED_HUMAN_ANNOTATION,Kaynak görüntü bulunamadığı için maskenin görsel doğruluğu değerlendirilemiyor.,"Aynı kaynak görüntüyü geri yükleyin, boyutunu/sahneyi doğrulayın ve sonra CVAT'ta inceleyin. Görüntü gelmeden onaylamayın.",
P3,image-0039-instance-001,39,20260729_102157.jpg,1,4,0.00147088,UNVERIFIED_HUMAN_ANNOTATION,"Bu insan çizimi polygon, görünür ön yüz kurallarına göre henüz doğrulanmadı.","Ön yüz kapsamını, yan yüzlerin dışarıda kalmasını, gölge/örtüşme sınırını ve çizim hassasiyetini kontrol edip insan kararını kaydedin.",
P3,image-0039-instance-002,39,20260729_102157.jpg,2,4,0.00138530,UNVERIFIED_HUMAN_ANNOTATION,"Bu insan çizimi polygon, görünür ön yüz kurallarına göre henüz doğrulanmadı.","Ön yüz kapsamını, yan yüzlerin dışarıda kalmasını, gölge/örtüşme sınırını ve çizim hassasiyetini kontrol edip insan kararını kaydedin.",
P3,image-0039-instance-003,39,20260729_102157.jpg,3,4,0.00148748,UNVERIFIED_HUMAN_ANNOTATION,"Bu insan çizimi polygon, görünür ön yüz kurallarına göre henüz doğrulanmadı.","Ön yüz kapsamını, yan yüzlerin dışarıda kalmasını, gölge/örtüşme sınırını ve çizim hassasiyetini kontrol edip insan kararını kaydedin.",
P3,image-0039-instance-004,39,20260729_102157.jpg,4,4,0.00147745,UNVERIFIED_HUMAN_ANNOTATION,"Bu insan çizimi polygon, görünür ön yüz kurallarına göre henüz doğrulanmadı.","Ön yüz kapsamını, yan yüzlerin dışarıda kalmasını, gölge/örtüşme sınırını ve çizim hassasiyetini kontrol edip insan kararını kaydedin.",
P3,image-0039-instance-005,39,20260729_102157.jpg,5,4,0.00141552,UNVERIFIED_HUMAN_ANNOTATION,"Bu insan çizimi polygon, görünür ön yüz kurallarına göre henüz doğrulanmadı.","Ön yüz kapsamını, yan yüzlerin dışarıda kalmasını, gölge/örtüşme sınırını ve çizim hassasiyetini kontrol edip insan kararını kaydedin.",
P3,image-0039-instance-006,39,20260729_102157.jpg,6,4,0.00144565,UNVERIFIED_HUMAN_ANNOTATION,"Bu insan çizimi polygon, görünür ön yüz kurallarına göre henüz doğrulanmadı.","Ön yüz kapsamını, yan yüzlerin dışarıda kalmasını, gölge/örtüşme sınırını ve çizim hassasiyetini kontrol edip insan kararını kaydedin.",
P3,image-0039-instance-007,39,20260729_102157.jpg,7,4,0.00145917,UNVERIFIED_HUMAN_ANNOTATION,"Bu insan çizimi polygon, görünür ön yüz kurallarına göre henüz doğrulanmadı.","Ön yüz kapsamını, yan yüzlerin dışarıda kalmasını, gölge/örtüşme sınırını ve çizim hassasiyetini kontrol edip insan kararını kaydedin.",
P3,image-0039-instance-008,39,20260729_102157.jpg,8,4,0.00144007,UNVERIFIED_HUMAN_ANNOTATION,"Bu insan çizimi polygon, görünür ön yüz kurallarına göre henüz doğrulanmadı.","Ön yüz kapsamını, yan yüzlerin dışarıda kalmasını, gölge/örtüşme sınırını ve çizim hassasiyetini kontrol edip insan kararını kaydedin.",
P3,image-0039-instance-009,39,20260729_102157.jpg,9,4,0.00143520,UNVERIFIED_HUMAN_ANNOTATION,"Bu insan çizimi polygon, görünür ön yüz kurallarına göre henüz doğrulanmadı.","Ön yüz kapsamını, yan yüzlerin dışarıda kalmasını, gölge/örtüşme sınırını ve çizim hassasiyetini kontrol edip insan kararını kaydedin.",
P2,image-0039-instance-010,39,20260729_102157.jpg,10,6,0.00134290,CONCAVE_VISIBLE_REGION_REVIEW|MULTISIDED_VISIBLE_REGION_REVIEW|UNVERIFIED_HUMAN_ANNOTATION,Şekil veya görüntü sınırında kesilme fiziksel olarak yorumlanmalı; köşe sayısı tek başına hata değildir.,"Polygonun yalnızca görünen ön yüzü izlediğini, örtücü nesnede/görüntü kenarında durduğunu ve gizli geometri uydurmadığını doğrulayın.",
P2,image-0039-instance-011,39,20260729_102157.jpg,11,6,0.00122774,CONCAVE_VISIBLE_REGION_REVIEW|MULTISIDED_VISIBLE_REGION_REVIEW|UNVERIFIED_HUMAN_ANNOTATION,Şekil veya görüntü sınırında kesilme fiziksel olarak yorumlanmalı; köşe sayısı tek başına hata değildir.,"Polygonun yalnızca görünen ön yüzü izlediğini, örtücü nesnede/görüntü kenarında durduğunu ve gizli geometri uydurmadığını doğrulayın.",
P2,image-0040-instance-001,40,20260729_102204.jpg,1,5,0.02133569,FRAME_BOUNDARY_TRUNCATION_REVIEW|MULTISIDED_VISIBLE_REGION_REVIEW|UNVERIFIED_HUMAN_ANNOTATION,Şekil veya görüntü sınırında kesilme fiziksel olarak yorumlanmalı; köşe sayısı tek başına hata değildir.,"Polygonun yalnızca görünen ön yüzü izlediğini, örtücü nesnede/görüntü kenarında durduğunu ve gizli geometri uydurmadığını doğrulayın.",
P3,image-0040-instance-002,40,20260729_102204.jpg,2,4,0.02427721,UNVERIFIED_HUMAN_ANNOTATION,"Bu insan çizimi polygon, görünür ön yüz kurallarına göre henüz doğrulanmadı.","Ön yüz kapsamını, yan yüzlerin dışarıda kalmasını, gölge/örtüşme sınırını ve çizim hassasiyetini kontrol edip insan kararını kaydedin.",
P3,image-0041-instance-001,41,20260729_102229(0).jpg,1,4,0.00304925,UNVERIFIED_HUMAN_ANNOTATION,"Bu insan çizimi polygon, görünür ön yüz kurallarına göre henüz doğrulanmadı.","Ön yüz kapsamını, yan yüzlerin dışarıda kalmasını, gölge/örtüşme sınırını ve çizim hassasiyetini kontrol edip insan kararını kaydedin.",
P3,image-0041-instance-002,41,20260729_102229(0).jpg,2,4,0.00288093,UNVERIFIED_HUMAN_ANNOTATION,"Bu insan çizimi polygon, görünür ön yüz kurallarına göre henüz doğrulanmadı.","Ön yüz kapsamını, yan yüzlerin dışarıda kalmasını, gölge/örtüşme sınırını ve çizim hassasiyetini kontrol edip insan kararını kaydedin.",
P3,image-0041-instance-003,41,20260729_102229(0).jpg,3,4,0.00263731,UNVERIFIED_HUMAN_ANNOTATION,"Bu insan çizimi polygon, görünür ön yüz kurallarına göre henüz doğrulanmadı.","Ön yüz kapsamını, yan yüzlerin dışarıda kalmasını, gölge/örtüşme sınırını ve çizim hassasiyetini kontrol edip insan kararını kaydedin.",
P3,image-0041-instance-004,41,20260729_102229(0).jpg,4,4,0.00280920,UNVERIFIED_HUMAN_ANNOTATION,"Bu insan çizimi polygon, görünür ön yüz kurallarına göre henüz doğrulanmadı.","Ön yüz kapsamını, yan yüzlerin dışarıda kalmasını, gölge/örtüşme sınırını ve çizim hassasiyetini kontrol edip insan kararını kaydedin.",
P2,image-0041-instance-005,41,20260729_102229(0).jpg,5,5,0.00150597,FRAME_BOUNDARY_TRUNCATION_REVIEW|MULTISIDED_VISIBLE_REGION_REVIEW|UNVERIFIED_HUMAN_ANNOTATION,Şekil veya görüntü sınırında kesilme fiziksel olarak yorumlanmalı; köşe sayısı tek başına hata değildir.,"Polygonun yalnızca görünen ön yüzü izlediğini, örtücü nesnede/görüntü kenarında durduğunu ve gizli geometri uydurmadığını doğrulayın.",
P2,image-0041-instance-006,41,20260729_102229(0).jpg,6,4,0.00153537,FRAME_BOUNDARY_TRUNCATION_REVIEW|UNVERIFIED_HUMAN_ANNOTATION,Şekil veya görüntü sınırında kesilme fiziksel olarak yorumlanmalı; köşe sayısı tek başına hata değildir.,"Polygonun yalnızca görünen ön yüzü izlediğini, örtücü nesnede/görüntü kenarında durduğunu ve gizli geometri uydurmadığını doğrulayın.",
P3,image-0042-instance-001,42,20260729_102230(0).jpg,1,4,0.00292846,UNVERIFIED_HUMAN_ANNOTATION,"Bu insan çizimi polygon, görünür ön yüz kurallarına göre henüz doğrulanmadı.","Ön yüz kapsamını, yan yüzlerin dışarıda kalmasını, gölge/örtüşme sınırını ve çizim hassasiyetini kontrol edip insan kararını kaydedin.",
P3,image-0042-instance-002,42,20260729_102230(0).jpg,2,4,0.00311043,UNVERIFIED_HUMAN_ANNOTATION,"Bu insan çizimi polygon, görünür ön yüz kurallarına göre henüz doğrulanmadı.","Ön yüz kapsamını, yan yüzlerin dışarıda kalmasını, gölge/örtüşme sınırını ve çizim hassasiyetini kontrol edip insan kararını kaydedin.",
P3,image-0042-instance-003,42,20260729_102230(0).jpg,3,4,0.00265841,UNVERIFIED_HUMAN_ANNOTATION,"Bu insan çizimi polygon, görünür ön yüz kurallarına göre henüz doğrulanmadı.","Ön yüz kapsamını, yan yüzlerin dışarıda kalmasını, gölge/örtüşme sınırını ve çizim hassasiyetini kontrol edip insan kararını kaydedin.",
P3,image-0042-instance-004,42,20260729_102230(0).jpg,4,4,0.00275540,UNVERIFIED_HUMAN_ANNOTATION,"Bu insan çizimi polygon, görünür ön yüz kurallarına göre henüz doğrulanmadı.","Ön yüz kapsamını, yan yüzlerin dışarıda kalmasını, gölge/örtüşme sınırını ve çizim hassasiyetini kontrol edip insan kararını kaydedin.",
P3,image-0042-instance-005,42,20260729_102230(0).jpg,5,4,0.00261500,UNVERIFIED_HUMAN_ANNOTATION,"Bu insan çizimi polygon, görünür ön yüz kurallarına göre henüz doğrulanmadı.","Ön yüz kapsamını, yan yüzlerin dışarıda kalmasını, gölge/örtüşme sınırını ve çizim hassasiyetini kontrol edip insan kararını kaydedin.",
P2,image-0043-instance-001,43,20260729_102253.jpg,1,5,0.00389376,MULTISIDED_VISIBLE_REGION_REVIEW|UNVERIFIED_HUMAN_ANNOTATION,Şekil veya görüntü sınırında kesilme fiziksel olarak yorumlanmalı; köşe sayısı tek başına hata değildir.,"Polygonun yalnızca görünen ön yüzü izlediğini, örtücü nesnede/görüntü kenarında durduğunu ve gizli geometri uydurmadığını doğrulayın.",
P3,image-0043-instance-002,43,20260729_102253.jpg,2,4,0.00439577,UNVERIFIED_HUMAN_ANNOTATION,"Bu insan çizimi polygon, görünür ön yüz kurallarına göre henüz doğrulanmadı.","Ön yüz kapsamını, yan yüzlerin dışarıda kalmasını, gölge/örtüşme sınırını ve çizim hassasiyetini kontrol edip insan kararını kaydedin.",
P2,image-0043-instance-003,43,20260729_102253.jpg,3,5,0.00451379,MULTISIDED_VISIBLE_REGION_REVIEW|UNVERIFIED_HUMAN_ANNOTATION,Şekil veya görüntü sınırında kesilme fiziksel olarak yorumlanmalı; köşe sayısı tek başına hata değildir.,"Polygonun yalnızca görünen ön yüzü izlediğini, örtücü nesnede/görüntü kenarında durduğunu ve gizli geometri uydurmadığını doğrulayın.",
P2,image-0043-instance-004,43,20260729_102253.jpg,4,5,0.00367359,CONCAVE_VISIBLE_REGION_REVIEW|MULTISIDED_VISIBLE_REGION_REVIEW|UNVERIFIED_HUMAN_ANNOTATION,Şekil veya görüntü sınırında kesilme fiziksel olarak yorumlanmalı; köşe sayısı tek başına hata değildir.,"Polygonun yalnızca görünen ön yüzü izlediğini, örtücü nesnede/görüntü kenarında durduğunu ve gizli geometri uydurmadığını doğrulayın.",
P3,image-0044-instance-001,44,20260729_102258.jpg,1,4,0.00389422,UNVERIFIED_HUMAN_ANNOTATION,"Bu insan çizimi polygon, görünür ön yüz kurallarına göre henüz doğrulanmadı.","Ön yüz kapsamını, yan yüzlerin dışarıda kalmasını, gölge/örtüşme sınırını ve çizim hassasiyetini kontrol edip insan kararını kaydedin.",
P3,image-0044-instance-002,44,20260729_102258.jpg,2,4,0.00424596,UNVERIFIED_HUMAN_ANNOTATION,"Bu insan çizimi polygon, görünür ön yüz kurallarına göre henüz doğrulanmadı.","Ön yüz kapsamını, yan yüzlerin dışarıda kalmasını, gölge/örtüşme sınırını ve çizim hassasiyetini kontrol edip insan kararını kaydedin.",
P2,image-0044-instance-003,44,20260729_102258.jpg,3,6,0.00390897,CONCAVE_VISIBLE_REGION_REVIEW|MULTISIDED_VISIBLE_REGION_REVIEW|UNVERIFIED_HUMAN_ANNOTATION,Şekil veya görüntü sınırında kesilme fiziksel olarak yorumlanmalı; köşe sayısı tek başına hata değildir.,"Polygonun yalnızca görünen ön yüzü izlediğini, örtücü nesnede/görüntü kenarında durduğunu ve gizli geometri uydurmadığını doğrulayın.",
P2,image-0044-instance-004,44,20260729_102258.jpg,4,6,0.00390277,CONCAVE_VISIBLE_REGION_REVIEW|MULTISIDED_VISIBLE_REGION_REVIEW|UNVERIFIED_HUMAN_ANNOTATION,Şekil veya görüntü sınırında kesilme fiziksel olarak yorumlanmalı; köşe sayısı tek başına hata değildir.,"Polygonun yalnızca görünen ön yüzü izlediğini, örtücü nesnede/görüntü kenarında durduğunu ve gizli geometri uydurmadığını doğrulayın.",
P2,image-0045-instance-001,45,20260729_102302(0).jpg,1,6,0.00312674,FRAME_BOUNDARY_TRUNCATION_REVIEW|MULTISIDED_VISIBLE_REGION_REVIEW|UNVERIFIED_HUMAN_ANNOTATION,Şekil veya görüntü sınırında kesilme fiziksel olarak yorumlanmalı; köşe sayısı tek başına hata değildir.,"Polygonun yalnızca görünen ön yüzü izlediğini, örtücü nesnede/görüntü kenarında durduğunu ve gizli geometri uydurmadığını doğrulayın.",
P3,image-0045-instance-002,45,20260729_102302(0).jpg,2,4,0.00412164,UNVERIFIED_HUMAN_ANNOTATION,"Bu insan çizimi polygon, görünür ön yüz kurallarına göre henüz doğrulanmadı.","Ön yüz kapsamını, yan yüzlerin dışarıda kalmasını, gölge/örtüşme sınırını ve çizim hassasiyetini kontrol edip insan kararını kaydedin.",
P3,image-0045-instance-003,45,20260729_102302(0).jpg,3,4,0.00425872,UNVERIFIED_HUMAN_ANNOTATION,"Bu insan çizimi polygon, görünür ön yüz kurallarına göre henüz doğrulanmadı.","Ön yüz kapsamını, yan yüzlerin dışarıda kalmasını, gölge/örtüşme sınırını ve çizim hassasiyetini kontrol edip insan kararını kaydedin.",
P2,image-0045-instance-004,45,20260729_102302(0).jpg,4,5,0.00428020,MULTISIDED_VISIBLE_REGION_REVIEW|UNVERIFIED_HUMAN_ANNOTATION,Şekil veya görüntü sınırında kesilme fiziksel olarak yorumlanmalı; köşe sayısı tek başına hata değildir.,"Polygonun yalnızca görünen ön yüzü izlediğini, örtücü nesnede/görüntü kenarında durduğunu ve gizli geometri uydurmadığını doğrulayın.",
P3,image-0045-instance-005,45,20260729_102302(0).jpg,5,4,0.00454701,UNVERIFIED_HUMAN_ANNOTATION,"Bu insan çizimi polygon, görünür ön yüz kurallarına göre henüz doğrulanmadı.","Ön yüz kapsamını, yan yüzlerin dışarıda kalmasını, gölge/örtüşme sınırını ve çizim hassasiyetini kontrol edip insan kararını kaydedin.",
P3,image-0045-instance-006,45,20260729_102302(0).jpg,6,4,0.00476017,UNVERIFIED_HUMAN_ANNOTATION,"Bu insan çizimi polygon, görünür ön yüz kurallarına göre henüz doğrulanmadı.","Ön yüz kapsamını, yan yüzlerin dışarıda kalmasını, gölge/örtüşme sınırını ve çizim hassasiyetini kontrol edip insan kararını kaydedin.",
P2,image-0046-instance-001,46,20260729_102321.jpg,1,7,0.00708134,CONCAVE_VISIBLE_REGION_REVIEW|FRAME_BOUNDARY_TRUNCATION_REVIEW|MULTISIDED_VISIBLE_REGION_REVIEW|UNVERIFIED_HUMAN_ANNOTATION,Şekil veya görüntü sınırında kesilme fiziksel olarak yorumlanmalı; köşe sayısı tek başına hata değildir.,"Polygonun yalnızca görünen ön yüzü izlediğini, örtücü nesnede/görüntü kenarında durduğunu ve gizli geometri uydurmadığını doğrulayın.",
P3,image-0046-instance-002,46,20260729_102321.jpg,2,4,0.00884063,UNVERIFIED_HUMAN_ANNOTATION,"Bu insan çizimi polygon, görünür ön yüz kurallarına göre henüz doğrulanmadı.","Ön yüz kapsamını, yan yüzlerin dışarıda kalmasını, gölge/örtüşme sınırını ve çizim hassasiyetini kontrol edip insan kararını kaydedin.",
P2,image-0046-instance-003,46,20260729_102321.jpg,3,5,0.00835547,MULTISIDED_VISIBLE_REGION_REVIEW|UNVERIFIED_HUMAN_ANNOTATION,Şekil veya görüntü sınırında kesilme fiziksel olarak yorumlanmalı; köşe sayısı tek başına hata değildir.,"Polygonun yalnızca görünen ön yüzü izlediğini, örtücü nesnede/görüntü kenarında durduğunu ve gizli geometri uydurmadığını doğrulayın.",
P2,image-0046-instance-004,46,20260729_102321.jpg,4,5,0.00776929,MULTISIDED_VISIBLE_REGION_REVIEW|UNVERIFIED_HUMAN_ANNOTATION,Şekil veya görüntü sınırında kesilme fiziksel olarak yorumlanmalı; köşe sayısı tek başına hata değildir.,"Polygonun yalnızca görünen ön yüzü izlediğini, örtücü nesnede/görüntü kenarında durduğunu ve gizli geometri uydurmadığını doğrulayın.",
P0,image-0047-instance-001,47,20260729_102325.jpg,1,4,0.00707513,MISSING_SOURCE_IMAGE|UNVERIFIED_HUMAN_ANNOTATION,Kaynak görüntü bulunamadığı için maskenin görsel doğruluğu değerlendirilemiyor.,"Aynı kaynak görüntüyü geri yükleyin, boyutunu/sahneyi doğrulayın ve sonra CVAT'ta inceleyin. Görüntü gelmeden onaylamayın.",
P0,image-0047-instance-002,47,20260729_102325.jpg,2,6,0.00607874,CONCAVE_VISIBLE_REGION_REVIEW|MISSING_SOURCE_IMAGE|MULTISIDED_VISIBLE_REGION_REVIEW|UNVERIFIED_HUMAN_ANNOTATION,Kaynak görüntü bulunamadığı için maskenin görsel doğruluğu değerlendirilemiyor.,"Aynı kaynak görüntüyü geri yükleyin, boyutunu/sahneyi doğrulayın ve sonra CVAT'ta inceleyin. Görüntü gelmeden onaylamayın.",
P0,image-0047-instance-003,47,20260729_102325.jpg,3,4,0.00600554,MISSING_SOURCE_IMAGE|UNVERIFIED_HUMAN_ANNOTATION,Kaynak görüntü bulunamadığı için maskenin görsel doğruluğu değerlendirilemiyor.,"Aynı kaynak görüntüyü geri yükleyin, boyutunu/sahneyi doğrulayın ve sonra CVAT'ta inceleyin. Görüntü gelmeden onaylamayın.",
P0,image-0047-instance-004,47,20260729_102325.jpg,4,4,0.00615460,MISSING_SOURCE_IMAGE|UNVERIFIED_HUMAN_ANNOTATION,Kaynak görüntü bulunamadığı için maskenin görsel doğruluğu değerlendirilemiyor.,"Aynı kaynak görüntüyü geri yükleyin, boyutunu/sahneyi doğrulayın ve sonra CVAT'ta inceleyin. Görüntü gelmeden onaylamayın.",
P2,image-0048-instance-001,48,20260729_102432.jpg,1,6,0.02090631,FRAME_BOUNDARY_TRUNCATION_REVIEW|MULTISIDED_VISIBLE_REGION_REVIEW|UNVERIFIED_HUMAN_ANNOTATION,Şekil veya görüntü sınırında kesilme fiziksel olarak yorumlanmalı; köşe sayısı tek başına hata değildir.,"Polygonun yalnızca görünen ön yüzü izlediğini, örtücü nesnede/görüntü kenarında durduğunu ve gizli geometri uydurmadığını doğrulayın.",
P3,image-0048-instance-002,48,20260729_102432.jpg,2,4,0.02152802,UNVERIFIED_HUMAN_ANNOTATION,"Bu insan çizimi polygon, görünür ön yüz kurallarına göre henüz doğrulanmadı.","Ön yüz kapsamını, yan yüzlerin dışarıda kalmasını, gölge/örtüşme sınırını ve çizim hassasiyetini kontrol edip insan kararını kaydedin.",
P3,image-0048-instance-003,48,20260729_102432.jpg,3,4,0.02216786,UNVERIFIED_HUMAN_ANNOTATION,"Bu insan çizimi polygon, görünür ön yüz kurallarına göre henüz doğrulanmadı.","Ön yüz kapsamını, yan yüzlerin dışarıda kalmasını, gölge/örtüşme sınırını ve çizim hassasiyetini kontrol edip insan kararını kaydedin.",
P2,image-0048-instance-004,48,20260729_102432.jpg,4,5,0.01838202,CONCAVE_VISIBLE_REGION_REVIEW|MULTISIDED_VISIBLE_REGION_REVIEW|UNVERIFIED_HUMAN_ANNOTATION,Şekil veya görüntü sınırında kesilme fiziksel olarak yorumlanmalı; köşe sayısı tek başına hata değildir.,"Polygonun yalnızca görünen ön yüzü izlediğini, örtücü nesnede/görüntü kenarında durduğunu ve gizli geometri uydurmadığını doğrulayın.",
P3,image-0049-instance-001,49,20260729_102439(0).jpg,1,4,0.01957416,UNVERIFIED_HUMAN_ANNOTATION,"Bu insan çizimi polygon, görünür ön yüz kurallarına göre henüz doğrulanmadı.","Ön yüz kapsamını, yan yüzlerin dışarıda kalmasını, gölge/örtüşme sınırını ve çizim hassasiyetini kontrol edip insan kararını kaydedin.",
P2,image-0049-instance-002,49,20260729_102439(0).jpg,2,5,0.01925224,MULTISIDED_VISIBLE_REGION_REVIEW|UNVERIFIED_HUMAN_ANNOTATION,Şekil veya görüntü sınırında kesilme fiziksel olarak yorumlanmalı; köşe sayısı tek başına hata değildir.,"Polygonun yalnızca görünen ön yüzü izlediğini, örtücü nesnede/görüntü kenarında durduğunu ve gizli geometri uydurmadığını doğrulayın.",
P3,image-0049-instance-003,49,20260729_102439(0).jpg,3,4,0.01918686,UNVERIFIED_HUMAN_ANNOTATION,"Bu insan çizimi polygon, görünür ön yüz kurallarına göre henüz doğrulanmadı.","Ön yüz kapsamını, yan yüzlerin dışarıda kalmasını, gölge/örtüşme sınırını ve çizim hassasiyetini kontrol edip insan kararını kaydedin.",
P2,image-0049-instance-004,49,20260729_102439(0).jpg,4,6,0.01891949,FRAME_BOUNDARY_TRUNCATION_REVIEW|MULTISIDED_VISIBLE_REGION_REVIEW|UNVERIFIED_HUMAN_ANNOTATION,Şekil veya görüntü sınırında kesilme fiziksel olarak yorumlanmalı; köşe sayısı tek başına hata değildir.,"Polygonun yalnızca görünen ön yüzü izlediğini, örtücü nesnede/görüntü kenarında durduğunu ve gizli geometri uydurmadığını doğrulayın.",
P3,image-0050-instance-001,50,20260729_102444(0).jpg,1,4,0.02016688,UNVERIFIED_HUMAN_ANNOTATION,"Bu insan çizimi polygon, görünür ön yüz kurallarına göre henüz doğrulanmadı.","Ön yüz kapsamını, yan yüzlerin dışarıda kalmasını, gölge/örtüşme sınırını ve çizim hassasiyetini kontrol edip insan kararını kaydedin.",
P3,image-0050-instance-002,50,20260729_102444(0).jpg,2,4,0.02051584,UNVERIFIED_HUMAN_ANNOTATION,"Bu insan çizimi polygon, görünür ön yüz kurallarına göre henüz doğrulanmadı.","Ön yüz kapsamını, yan yüzlerin dışarıda kalmasını, gölge/örtüşme sınırını ve çizim hassasiyetini kontrol edip insan kararını kaydedin.",
P2,image-0050-instance-003,50,20260729_102444(0).jpg,3,6,0.01828649,FRAME_BOUNDARY_TRUNCATION_REVIEW|MULTISIDED_VISIBLE_REGION_REVIEW|UNVERIFIED_HUMAN_ANNOTATION,Şekil veya görüntü sınırında kesilme fiziksel olarak yorumlanmalı; köşe sayısı tek başına hata değildir.,"Polygonun yalnızca görünen ön yüzü izlediğini, örtücü nesnede/görüntü kenarında durduğunu ve gizli geometri uydurmadığını doğrulayın.",
P2,image-0051-instance-001,51,20260729_102445.jpg,1,5,0.01009966,FRAME_BOUNDARY_TRUNCATION_REVIEW|MULTISIDED_VISIBLE_REGION_REVIEW|UNVERIFIED_HUMAN_ANNOTATION,Şekil veya görüntü sınırında kesilme fiziksel olarak yorumlanmalı; köşe sayısı tek başına hata değildir.,"Polygonun yalnızca görünen ön yüzü izlediğini, örtücü nesnede/görüntü kenarında durduğunu ve gizli geometri uydurmadığını doğrulayın.",
P3,image-0051-instance-002,51,20260729_102445.jpg,2,4,0.02011019,UNVERIFIED_HUMAN_ANNOTATION,"Bu insan çizimi polygon, görünür ön yüz kurallarına göre henüz doğrulanmadı.","Ön yüz kapsamını, yan yüzlerin dışarıda kalmasını, gölge/örtüşme sınırını ve çizim hassasiyetini kontrol edip insan kararını kaydedin.",
P3,image-0051-instance-003,51,20260729_102445.jpg,3,4,0.02025293,UNVERIFIED_HUMAN_ANNOTATION,"Bu insan çizimi polygon, görünür ön yüz kurallarına göre henüz doğrulanmadı.","Ön yüz kapsamını, yan yüzlerin dışarıda kalmasını, gölge/örtüşme sınırını ve çizim hassasiyetini kontrol edip insan kararını kaydedin.",
P2,image-0051-instance-004,51,20260729_102445.jpg,4,5,0.01329879,FRAME_BOUNDARY_TRUNCATION_REVIEW|MULTISIDED_VISIBLE_REGION_REVIEW|UNVERIFIED_HUMAN_ANNOTATION,Şekil veya görüntü sınırında kesilme fiziksel olarak yorumlanmalı; köşe sayısı tek başına hata değildir.,"Polygonun yalnızca görünen ön yüzü izlediğini, örtücü nesnede/görüntü kenarında durduğunu ve gizli geometri uydurmadığını doğrulayın.",
P2,image-0052-instance-001,52,20260729_102446.jpg,1,6,0.01933393,FRAME_BOUNDARY_TRUNCATION_REVIEW|MULTISIDED_VISIBLE_REGION_REVIEW|UNVERIFIED_HUMAN_ANNOTATION,Şekil veya görüntü sınırında kesilme fiziksel olarak yorumlanmalı; köşe sayısı tek başına hata değildir.,"Polygonun yalnızca görünen ön yüzü izlediğini, örtücü nesnede/görüntü kenarında durduğunu ve gizli geometri uydurmadığını doğrulayın.",
P3,image-0052-instance-002,52,20260729_102446.jpg,2,4,0.02026693,UNVERIFIED_HUMAN_ANNOTATION,"Bu insan çizimi polygon, görünür ön yüz kurallarına göre henüz doğrulanmadı.","Ön yüz kapsamını, yan yüzlerin dışarıda kalmasını, gölge/örtüşme sınırını ve çizim hassasiyetini kontrol edip insan kararını kaydedin.",
P3,image-0052-instance-003,52,20260729_102446.jpg,3,4,0.02015780,UNVERIFIED_HUMAN_ANNOTATION,"Bu insan çizimi polygon, görünür ön yüz kurallarına göre henüz doğrulanmadı.","Ön yüz kapsamını, yan yüzlerin dışarıda kalmasını, gölge/örtüşme sınırını ve çizim hassasiyetini kontrol edip insan kararını kaydedin.",
P2,image-0053-instance-001,53,20260729_102447.jpg,1,6,0.01898542,CONCAVE_VISIBLE_REGION_REVIEW|MULTISIDED_VISIBLE_REGION_REVIEW|UNVERIFIED_HUMAN_ANNOTATION,Şekil veya görüntü sınırında kesilme fiziksel olarak yorumlanmalı; köşe sayısı tek başına hata değildir.,"Polygonun yalnızca görünen ön yüzü izlediğini, örtücü nesnede/görüntü kenarında durduğunu ve gizli geometri uydurmadığını doğrulayın.",
P2,image-0053-instance-002,53,20260729_102447.jpg,2,5,0.01298747,FRAME_BOUNDARY_TRUNCATION_REVIEW|MULTISIDED_VISIBLE_REGION_REVIEW|UNVERIFIED_HUMAN_ANNOTATION,Şekil veya görüntü sınırında kesilme fiziksel olarak yorumlanmalı; köşe sayısı tek başına hata değildir.,"Polygonun yalnızca görünen ön yüzü izlediğini, örtücü nesnede/görüntü kenarında durduğunu ve gizli geometri uydurmadığını doğrulayın.",
P3,image-0053-instance-003,53,20260729_102447.jpg,3,4,0.02053577,UNVERIFIED_HUMAN_ANNOTATION,"Bu insan çizimi polygon, görünür ön yüz kurallarına göre henüz doğrulanmadı.","Ön yüz kapsamını, yan yüzlerin dışarıda kalmasını, gölge/örtüşme sınırını ve çizim hassasiyetini kontrol edip insan kararını kaydedin.",
P2,image-0054-instance-001,54,20260729_102509.jpg,1,6,0.00229648,FRAME_BOUNDARY_TRUNCATION_REVIEW|MULTISIDED_VISIBLE_REGION_REVIEW|UNVERIFIED_HUMAN_ANNOTATION,Şekil veya görüntü sınırında kesilme fiziksel olarak yorumlanmalı; köşe sayısı tek başına hata değildir.,"Polygonun yalnızca görünen ön yüzü izlediğini, örtücü nesnede/görüntü kenarında durduğunu ve gizli geometri uydurmadığını doğrulayın.",
P3,image-0054-instance-002,54,20260729_102509.jpg,2,4,0.00218986,UNVERIFIED_HUMAN_ANNOTATION,"Bu insan çizimi polygon, görünür ön yüz kurallarına göre henüz doğrulanmadı.","Ön yüz kapsamını, yan yüzlerin dışarıda kalmasını, gölge/örtüşme sınırını ve çizim hassasiyetini kontrol edip insan kararını kaydedin.",
P3,image-0054-instance-003,54,20260729_102509.jpg,3,4,0.00215049,UNVERIFIED_HUMAN_ANNOTATION,"Bu insan çizimi polygon, görünür ön yüz kurallarına göre henüz doğrulanmadı.","Ön yüz kapsamını, yan yüzlerin dışarıda kalmasını, gölge/örtüşme sınırını ve çizim hassasiyetini kontrol edip insan kararını kaydedin.",
P3,image-0054-instance-004,54,20260729_102509.jpg,4,4,0.00205488,UNVERIFIED_HUMAN_ANNOTATION,"Bu insan çizimi polygon, görünür ön yüz kurallarına göre henüz doğrulanmadı.","Ön yüz kapsamını, yan yüzlerin dışarıda kalmasını, gölge/örtüşme sınırını ve çizim hassasiyetini kontrol edip insan kararını kaydedin.",
P3,image-0054-instance-005,54,20260729_102509.jpg,5,4,0.00193159,UNVERIFIED_HUMAN_ANNOTATION,"Bu insan çizimi polygon, görünür ön yüz kurallarına göre henüz doğrulanmadı.","Ön yüz kapsamını, yan yüzlerin dışarıda kalmasını, gölge/örtüşme sınırını ve çizim hassasiyetini kontrol edip insan kararını kaydedin.",
P3,image-0054-instance-006,54,20260729_102509.jpg,6,4,0.00186539,UNVERIFIED_HUMAN_ANNOTATION,"Bu insan çizimi polygon, görünür ön yüz kurallarına göre henüz doğrulanmadı.","Ön yüz kapsamını, yan yüzlerin dışarıda kalmasını, gölge/örtüşme sınırını ve çizim hassasiyetini kontrol edip insan kararını kaydedin.",
P3,image-0054-instance-007,54,20260729_102509.jpg,7,4,0.00177854,UNVERIFIED_HUMAN_ANNOTATION,"Bu insan çizimi polygon, görünür ön yüz kurallarına göre henüz doğrulanmadı.","Ön yüz kapsamını, yan yüzlerin dışarıda kalmasını, gölge/örtüşme sınırını ve çizim hassasiyetini kontrol edip insan kararını kaydedin.",
P0,image-0056-instance-001,56,20260729_102810(0).jpg,1,4,0.00466512,MISSING_SOURCE_IMAGE|UNVERIFIED_HUMAN_ANNOTATION,Kaynak görüntü bulunamadığı için maskenin görsel doğruluğu değerlendirilemiyor.,"Aynı kaynak görüntüyü geri yükleyin, boyutunu/sahneyi doğrulayın ve sonra CVAT'ta inceleyin. Görüntü gelmeden onaylamayın.",
P3,image-0057-instance-001,57,20260729_102835(0).jpg,1,4,0.00668460,UNVERIFIED_HUMAN_ANNOTATION,"Bu insan çizimi polygon, görünür ön yüz kurallarına göre henüz doğrulanmadı.","Ön yüz kapsamını, yan yüzlerin dışarıda kalmasını, gölge/örtüşme sınırını ve çizim hassasiyetini kontrol edip insan kararını kaydedin.",
P3,image-0057-instance-002,57,20260729_102835(0).jpg,2,4,0.00526680,UNVERIFIED_HUMAN_ANNOTATION,"Bu insan çizimi polygon, görünür ön yüz kurallarına göre henüz doğrulanmadı.","Ön yüz kapsamını, yan yüzlerin dışarıda kalmasını, gölge/örtüşme sınırını ve çizim hassasiyetini kontrol edip insan kararını kaydedin.",
P2,image-0057-instance-003,57,20260729_102835(0).jpg,3,5,0.00626158,MULTISIDED_VISIBLE_REGION_REVIEW|UNVERIFIED_HUMAN_ANNOTATION,Şekil veya görüntü sınırında kesilme fiziksel olarak yorumlanmalı; köşe sayısı tek başına hata değildir.,"Polygonun yalnızca görünen ön yüzü izlediğini, örtücü nesnede/görüntü kenarında durduğunu ve gizli geometri uydurmadığını doğrulayın.",
P3,image-0057-instance-004,57,20260729_102835(0).jpg,4,4,0.00591165,UNVERIFIED_HUMAN_ANNOTATION,"Bu insan çizimi polygon, görünür ön yüz kurallarına göre henüz doğrulanmadı.","Ön yüz kapsamını, yan yüzlerin dışarıda kalmasını, gölge/örtüşme sınırını ve çizim hassasiyetini kontrol edip insan kararını kaydedin.",
P2,image-0058-instance-001,58,20260729_102837.jpg,1,5,0.00652256,MULTISIDED_VISIBLE_REGION_REVIEW|UNVERIFIED_HUMAN_ANNOTATION,Şekil veya görüntü sınırında kesilme fiziksel olarak yorumlanmalı; köşe sayısı tek başına hata değildir.,"Polygonun yalnızca görünen ön yüzü izlediğini, örtücü nesnede/görüntü kenarında durduğunu ve gizli geometri uydurmadığını doğrulayın.",
P3,image-0058-instance-002,58,20260729_102837.jpg,2,4,0.00617265,UNVERIFIED_HUMAN_ANNOTATION,"Bu insan çizimi polygon, görünür ön yüz kurallarına göre henüz doğrulanmadı.","Ön yüz kapsamını, yan yüzlerin dışarıda kalmasını, gölge/örtüşme sınırını ve çizim hassasiyetini kontrol edip insan kararını kaydedin.",
P3,image-0058-instance-003,58,20260729_102837.jpg,3,4,0.00685778,UNVERIFIED_HUMAN_ANNOTATION,"Bu insan çizimi polygon, görünür ön yüz kurallarına göre henüz doğrulanmadı.","Ön yüz kapsamını, yan yüzlerin dışarıda kalmasını, gölge/örtüşme sınırını ve çizim hassasiyetini kontrol edip insan kararını kaydedin.",
P3,image-0058-instance-004,58,20260729_102837.jpg,4,4,0.00509866,UNVERIFIED_HUMAN_ANNOTATION,"Bu insan çizimi polygon, görünür ön yüz kurallarına göre henüz doğrulanmadı.","Ön yüz kapsamını, yan yüzlerin dışarıda kalmasını, gölge/örtüşme sınırını ve çizim hassasiyetini kontrol edip insan kararını kaydedin.",
P0,image-0059-instance-001,59,20260729_102848.jpg,1,4,0.00630710,MISSING_SOURCE_IMAGE|UNVERIFIED_HUMAN_ANNOTATION,Kaynak görüntü bulunamadığı için maskenin görsel doğruluğu değerlendirilemiyor.,"Aynı kaynak görüntüyü geri yükleyin, boyutunu/sahneyi doğrulayın ve sonra CVAT'ta inceleyin. Görüntü gelmeden onaylamayın.",
P0,image-0059-instance-002,59,20260729_102848.jpg,2,4,0.00576647,MISSING_SOURCE_IMAGE|UNVERIFIED_HUMAN_ANNOTATION,Kaynak görüntü bulunamadığı için maskenin görsel doğruluğu değerlendirilemiyor.,"Aynı kaynak görüntüyü geri yükleyin, boyutunu/sahneyi doğrulayın ve sonra CVAT'ta inceleyin. Görüntü gelmeden onaylamayın.",
P3,image-0060-instance-001,60,20260729_103531(0).jpg,1,4,0.02677277,UNVERIFIED_HUMAN_ANNOTATION,"Bu insan çizimi polygon, görünür ön yüz kurallarına göre henüz doğrulanmadı.","Ön yüz kapsamını, yan yüzlerin dışarıda kalmasını, gölge/örtüşme sınırını ve çizim hassasiyetini kontrol edip insan kararını kaydedin.",
P2,image-0060-instance-002,60,20260729_103531(0).jpg,2,5,0.02506751,FRAME_BOUNDARY_TRUNCATION_REVIEW|MULTISIDED_VISIBLE_REGION_REVIEW|UNVERIFIED_HUMAN_ANNOTATION,Şekil veya görüntü sınırında kesilme fiziksel olarak yorumlanmalı; köşe sayısı tek başına hata değildir.,"Polygonun yalnızca görünen ön yüzü izlediğini, örtücü nesnede/görüntü kenarında durduğunu ve gizli geometri uydurmadığını doğrulayın.",
P2,image-0060-instance-003,60,20260729_103531(0).jpg,3,6,0.02830222,FRAME_BOUNDARY_TRUNCATION_REVIEW|MULTISIDED_VISIBLE_REGION_REVIEW|UNVERIFIED_HUMAN_ANNOTATION,Şekil veya görüntü sınırında kesilme fiziksel olarak yorumlanmalı; köşe sayısı tek başına hata değildir.,"Polygonun yalnızca görünen ön yüzü izlediğini, örtücü nesnede/görüntü kenarında durduğunu ve gizli geometri uydurmadığını doğrulayın.",
P2,image-0061-instance-001,61,20260729_103540(0).jpg,1,5,0.01764176,FRAME_BOUNDARY_TRUNCATION_REVIEW|MULTISIDED_VISIBLE_REGION_REVIEW|UNVERIFIED_HUMAN_ANNOTATION,Şekil veya görüntü sınırında kesilme fiziksel olarak yorumlanmalı; köşe sayısı tek başına hata değildir.,"Polygonun yalnızca görünen ön yüzü izlediğini, örtücü nesnede/görüntü kenarında durduğunu ve gizli geometri uydurmadığını doğrulayın.",
P3,image-0061-instance-002,61,20260729_103540(0).jpg,2,4,0.01842821,UNVERIFIED_HUMAN_ANNOTATION,"Bu insan çizimi polygon, görünür ön yüz kurallarına göre henüz doğrulanmadı.","Ön yüz kapsamını, yan yüzlerin dışarıda kalmasını, gölge/örtüşme sınırını ve çizim hassasiyetini kontrol edip insan kararını kaydedin.",
P2,image-0062-instance-001,62,20260729_103736.jpg,1,5,0.01460214,FRAME_BOUNDARY_TRUNCATION_REVIEW|MULTISIDED_VISIBLE_REGION_REVIEW|UNVERIFIED_HUMAN_ANNOTATION,Şekil veya görüntü sınırında kesilme fiziksel olarak yorumlanmalı; köşe sayısı tek başına hata değildir.,"Polygonun yalnızca görünen ön yüzü izlediğini, örtücü nesnede/görüntü kenarında durduğunu ve gizli geometri uydurmadığını doğrulayın.",
P2,image-0062-instance-002,62,20260729_103736.jpg,2,4,0.01536069,FRAME_BOUNDARY_TRUNCATION_REVIEW|UNVERIFIED_HUMAN_ANNOTATION,Şekil veya görüntü sınırında kesilme fiziksel olarak yorumlanmalı; köşe sayısı tek başına hata değildir.,"Polygonun yalnızca görünen ön yüzü izlediğini, örtücü nesnede/görüntü kenarında durduğunu ve gizli geometri uydurmadığını doğrulayın.",
P3,image-0062-instance-003,62,20260729_103736.jpg,3,4,0.01529565,UNVERIFIED_HUMAN_ANNOTATION,"Bu insan çizimi polygon, görünür ön yüz kurallarına göre henüz doğrulanmadı.","Ön yüz kapsamını, yan yüzlerin dışarıda kalmasını, gölge/örtüşme sınırını ve çizim hassasiyetini kontrol edip insan kararını kaydedin.",
P3,image-0062-instance-004,62,20260729_103736.jpg,4,4,0.01376980,UNVERIFIED_HUMAN_ANNOTATION,"Bu insan çizimi polygon, görünür ön yüz kurallarına göre henüz doğrulanmadı.","Ön yüz kapsamını, yan yüzlerin dışarıda kalmasını, gölge/örtüşme sınırını ve çizim hassasiyetini kontrol edip insan kararını kaydedin.",
P3,image-0062-instance-005,62,20260729_103736.jpg,5,4,0.01725431,UNVERIFIED_HUMAN_ANNOTATION,"Bu insan çizimi polygon, görünür ön yüz kurallarına göre henüz doğrulanmadı.","Ön yüz kapsamını, yan yüzlerin dışarıda kalmasını, gölge/örtüşme sınırını ve çizim hassasiyetini kontrol edip insan kararını kaydedin.",
P3,image-0062-instance-006,62,20260729_103736.jpg,6,4,0.01392474,UNVERIFIED_HUMAN_ANNOTATION,"Bu insan çizimi polygon, görünür ön yüz kurallarına göre henüz doğrulanmadı.","Ön yüz kapsamını, yan yüzlerin dışarıda kalmasını, gölge/örtüşme sınırını ve çizim hassasiyetini kontrol edip insan kararını kaydedin.",
P3,image-0062-instance-007,62,20260729_103736.jpg,7,4,0.01614865,UNVERIFIED_HUMAN_ANNOTATION,"Bu insan çizimi polygon, görünür ön yüz kurallarına göre henüz doğrulanmadı.","Ön yüz kapsamını, yan yüzlerin dışarıda kalmasını, gölge/örtüşme sınırını ve çizim hassasiyetini kontrol edip insan kararını kaydedin.",
P3,image-0062-instance-008,62,20260729_103736.jpg,8,4,0.01496587,UNVERIFIED_HUMAN_ANNOTATION,"Bu insan çizimi polygon, görünür ön yüz kurallarına göre henüz doğrulanmadı.","Ön yüz kapsamını, yan yüzlerin dışarıda kalmasını, gölge/örtüşme sınırını ve çizim hassasiyetini kontrol edip insan kararını kaydedin.",
P3,image-0062-instance-009,62,20260729_103736.jpg,9,4,0.01541451,UNVERIFIED_HUMAN_ANNOTATION,"Bu insan çizimi polygon, görünür ön yüz kurallarına göre henüz doğrulanmadı.","Ön yüz kapsamını, yan yüzlerin dışarıda kalmasını, gölge/örtüşme sınırını ve çizim hassasiyetini kontrol edip insan kararını kaydedin.",
P3,image-0062-instance-010,62,20260729_103736.jpg,10,4,0.01459189,UNVERIFIED_HUMAN_ANNOTATION,"Bu insan çizimi polygon, görünür ön yüz kurallarına göre henüz doğrulanmadı.","Ön yüz kapsamını, yan yüzlerin dışarıda kalmasını, gölge/örtüşme sınırını ve çizim hassasiyetini kontrol edip insan kararını kaydedin.",
P3,image-0062-instance-011,62,20260729_103736.jpg,11,4,0.01454315,UNVERIFIED_HUMAN_ANNOTATION,"Bu insan çizimi polygon, görünür ön yüz kurallarına göre henüz doğrulanmadı.","Ön yüz kapsamını, yan yüzlerin dışarıda kalmasını, gölge/örtüşme sınırını ve çizim hassasiyetini kontrol edip insan kararını kaydedin.",
P2,image-0062-instance-012,62,20260729_103736.jpg,12,5,0.01066914,FRAME_BOUNDARY_TRUNCATION_REVIEW|MULTISIDED_VISIBLE_REGION_REVIEW|UNVERIFIED_HUMAN_ANNOTATION,Şekil veya görüntü sınırında kesilme fiziksel olarak yorumlanmalı; köşe sayısı tek başına hata değildir.,"Polygonun yalnızca görünen ön yüzü izlediğini, örtücü nesnede/görüntü kenarında durduğunu ve gizli geometri uydurmadığını doğrulayın.",
P2,image-0062-instance-013,62,20260729_103736.jpg,13,5,0.01402755,FRAME_BOUNDARY_TRUNCATION_REVIEW|MULTISIDED_VISIBLE_REGION_REVIEW|UNVERIFIED_HUMAN_ANNOTATION,Şekil veya görüntü sınırında kesilme fiziksel olarak yorumlanmalı; köşe sayısı tek başına hata değildir.,"Polygonun yalnızca görünen ön yüzü izlediğini, örtücü nesnede/görüntü kenarında durduğunu ve gizli geometri uydurmadığını doğrulayın.",
P3,image-0062-instance-014,62,20260729_103736.jpg,14,4,0.01526206,UNVERIFIED_HUMAN_ANNOTATION,"Bu insan çizimi polygon, görünür ön yüz kurallarına göre henüz doğrulanmadı.","Ön yüz kapsamını, yan yüzlerin dışarıda kalmasını, gölge/örtüşme sınırını ve çizim hassasiyetini kontrol edip insan kararını kaydedin.",
P3,image-0062-instance-015,62,20260729_103736.jpg,15,4,0.01597423,UNVERIFIED_HUMAN_ANNOTATION,"Bu insan çizimi polygon, görünür ön yüz kurallarına göre henüz doğrulanmadı.","Ön yüz kapsamını, yan yüzlerin dışarıda kalmasını, gölge/örtüşme sınırını ve çizim hassasiyetini kontrol edip insan kararını kaydedin.",
P3,image-0062-instance-016,62,20260729_103736.jpg,16,4,0.01660542,UNVERIFIED_HUMAN_ANNOTATION,"Bu insan çizimi polygon, görünür ön yüz kurallarına göre henüz doğrulanmadı.","Ön yüz kapsamını, yan yüzlerin dışarıda kalmasını, gölge/örtüşme sınırını ve çizim hassasiyetini kontrol edip insan kararını kaydedin.",
P3,image-0062-instance-017,62,20260729_103736.jpg,17,4,0.01657292,UNVERIFIED_HUMAN_ANNOTATION,"Bu insan çizimi polygon, görünür ön yüz kurallarına göre henüz doğrulanmadı.","Ön yüz kapsamını, yan yüzlerin dışarıda kalmasını, gölge/örtüşme sınırını ve çizim hassasiyetini kontrol edip insan kararını kaydedin.",
P3,image-0062-instance-018,62,20260729_103736.jpg,18,4,0.01673748,UNVERIFIED_HUMAN_ANNOTATION,"Bu insan çizimi polygon, görünür ön yüz kurallarına göre henüz doğrulanmadı.","Ön yüz kapsamını, yan yüzlerin dışarıda kalmasını, gölge/örtüşme sınırını ve çizim hassasiyetini kontrol edip insan kararını kaydedin.",
P2,image-0062-instance-019,62,20260729_103736.jpg,19,5,0.01742397,FRAME_BOUNDARY_TRUNCATION_REVIEW|MULTISIDED_VISIBLE_REGION_REVIEW|UNVERIFIED_HUMAN_ANNOTATION,Şekil veya görüntü sınırında kesilme fiziksel olarak yorumlanmalı; köşe sayısı tek başına hata değildir.,"Polygonun yalnızca görünen ön yüzü izlediğini, örtücü nesnede/görüntü kenarında durduğunu ve gizli geometri uydurmadığını doğrulayın.",
P3,image-0062-instance-020,62,20260729_103736.jpg,20,4,0.01736088,UNVERIFIED_HUMAN_ANNOTATION,"Bu insan çizimi polygon, görünür ön yüz kurallarına göre henüz doğrulanmadı.","Ön yüz kapsamını, yan yüzlerin dışarıda kalmasını, gölge/örtüşme sınırını ve çizim hassasiyetini kontrol edip insan kararını kaydedin.",
P3,image-0062-instance-021,62,20260729_103736.jpg,21,4,0.01754207,UNVERIFIED_HUMAN_ANNOTATION,"Bu insan çizimi polygon, görünür ön yüz kurallarına göre henüz doğrulanmadı.","Ön yüz kapsamını, yan yüzlerin dışarıda kalmasını, gölge/örtüşme sınırını ve çizim hassasiyetini kontrol edip insan kararını kaydedin.",
P3,image-0062-instance-022,62,20260729_103736.jpg,22,4,0.01734687,UNVERIFIED_HUMAN_ANNOTATION,"Bu insan çizimi polygon, görünür ön yüz kurallarına göre henüz doğrulanmadı.","Ön yüz kapsamını, yan yüzlerin dışarıda kalmasını, gölge/örtüşme sınırını ve çizim hassasiyetini kontrol edip insan kararını kaydedin.",
P3,image-0062-instance-023,62,20260729_103736.jpg,23,4,0.01663236,UNVERIFIED_HUMAN_ANNOTATION,"Bu insan çizimi polygon, görünür ön yüz kurallarına göre henüz doğrulanmadı.","Ön yüz kapsamını, yan yüzlerin dışarıda kalmasını, gölge/örtüşme sınırını ve çizim hassasiyetini kontrol edip insan kararını kaydedin.",
P3,image-0062-instance-024,62,20260729_103736.jpg,24,4,0.01446091,UNVERIFIED_HUMAN_ANNOTATION,"Bu insan çizimi polygon, görünür ön yüz kurallarına göre henüz doğrulanmadı.","Ön yüz kapsamını, yan yüzlerin dışarıda kalmasını, gölge/örtüşme sınırını ve çizim hassasiyetini kontrol edip insan kararını kaydedin.",
P3,image-0063-instance-001,63,20260729_103754(0).jpg,1,4,0.01119394,UNVERIFIED_HUMAN_ANNOTATION,"Bu insan çizimi polygon, görünür ön yüz kurallarına göre henüz doğrulanmadı.","Ön yüz kapsamını, yan yüzlerin dışarıda kalmasını, gölge/örtüşme sınırını ve çizim hassasiyetini kontrol edip insan kararını kaydedin.",
P3,image-0063-instance-002,63,20260729_103754(0).jpg,2,4,0.00886244,UNVERIFIED_HUMAN_ANNOTATION,"Bu insan çizimi polygon, görünür ön yüz kurallarına göre henüz doğrulanmadı.","Ön yüz kapsamını, yan yüzlerin dışarıda kalmasını, gölge/örtüşme sınırını ve çizim hassasiyetini kontrol edip insan kararını kaydedin.",
P3,image-0063-instance-003,63,20260729_103754(0).jpg,3,4,0.00877016,UNVERIFIED_HUMAN_ANNOTATION,"Bu insan çizimi polygon, görünür ön yüz kurallarına göre henüz doğrulanmadı.","Ön yüz kapsamını, yan yüzlerin dışarıda kalmasını, gölge/örtüşme sınırını ve çizim hassasiyetini kontrol edip insan kararını kaydedin.",
P3,image-0063-instance-004,63,20260729_103754(0).jpg,4,4,0.00884828,UNVERIFIED_HUMAN_ANNOTATION,"Bu insan çizimi polygon, görünür ön yüz kurallarına göre henüz doğrulanmadı.","Ön yüz kapsamını, yan yüzlerin dışarıda kalmasını, gölge/örtüşme sınırını ve çizim hassasiyetini kontrol edip insan kararını kaydedin.",
P3,image-0063-instance-005,63,20260729_103754(0).jpg,5,4,0.00933551,UNVERIFIED_HUMAN_ANNOTATION,"Bu insan çizimi polygon, görünür ön yüz kurallarına göre henüz doğrulanmadı.","Ön yüz kapsamını, yan yüzlerin dışarıda kalmasını, gölge/örtüşme sınırını ve çizim hassasiyetini kontrol edip insan kararını kaydedin.",
P3,image-0063-instance-006,63,20260729_103754(0).jpg,6,4,0.00880252,UNVERIFIED_HUMAN_ANNOTATION,"Bu insan çizimi polygon, görünür ön yüz kurallarına göre henüz doğrulanmadı.","Ön yüz kapsamını, yan yüzlerin dışarıda kalmasını, gölge/örtüşme sınırını ve çizim hassasiyetini kontrol edip insan kararını kaydedin.",
P3,image-0063-instance-007,63,20260729_103754(0).jpg,7,4,0.00980106,UNVERIFIED_HUMAN_ANNOTATION,"Bu insan çizimi polygon, görünür ön yüz kurallarına göre henüz doğrulanmadı.","Ön yüz kapsamını, yan yüzlerin dışarıda kalmasını, gölge/örtüşme sınırını ve çizim hassasiyetini kontrol edip insan kararını kaydedin.",
P2,image-0063-instance-008,63,20260729_103754(0).jpg,8,5,0.00778853,CONCAVE_VISIBLE_REGION_REVIEW|MULTISIDED_VISIBLE_REGION_REVIEW|UNVERIFIED_HUMAN_ANNOTATION,Şekil veya görüntü sınırında kesilme fiziksel olarak yorumlanmalı; köşe sayısı tek başına hata değildir.,"Polygonun yalnızca görünen ön yüzü izlediğini, örtücü nesnede/görüntü kenarında durduğunu ve gizli geometri uydurmadığını doğrulayın.",
P3,image-0063-instance-009,63,20260729_103754(0).jpg,9,4,0.00980094,UNVERIFIED_HUMAN_ANNOTATION,"Bu insan çizimi polygon, görünür ön yüz kurallarına göre henüz doğrulanmadı.","Ön yüz kapsamını, yan yüzlerin dışarıda kalmasını, gölge/örtüşme sınırını ve çizim hassasiyetini kontrol edip insan kararını kaydedin.",
P3,image-0063-instance-010,63,20260729_103754(0).jpg,10,4,0.00969301,UNVERIFIED_HUMAN_ANNOTATION,"Bu insan çizimi polygon, görünür ön yüz kurallarına göre henüz doğrulanmadı.","Ön yüz kapsamını, yan yüzlerin dışarıda kalmasını, gölge/örtüşme sınırını ve çizim hassasiyetini kontrol edip insan kararını kaydedin.",
P3,image-0063-instance-011,63,20260729_103754(0).jpg,11,4,0.00985353,UNVERIFIED_HUMAN_ANNOTATION,"Bu insan çizimi polygon, görünür ön yüz kurallarına göre henüz doğrulanmadı.","Ön yüz kapsamını, yan yüzlerin dışarıda kalmasını, gölge/örtüşme sınırını ve çizim hassasiyetini kontrol edip insan kararını kaydedin.",
P3,image-0063-instance-012,63,20260729_103754(0).jpg,12,4,0.00909185,UNVERIFIED_HUMAN_ANNOTATION,"Bu insan çizimi polygon, görünür ön yüz kurallarına göre henüz doğrulanmadı.","Ön yüz kapsamını, yan yüzlerin dışarıda kalmasını, gölge/örtüşme sınırını ve çizim hassasiyetini kontrol edip insan kararını kaydedin.",
P3,image-0063-instance-013,63,20260729_103754(0).jpg,13,4,0.00982578,UNVERIFIED_HUMAN_ANNOTATION,"Bu insan çizimi polygon, görünür ön yüz kurallarına göre henüz doğrulanmadı.","Ön yüz kapsamını, yan yüzlerin dışarıda kalmasını, gölge/örtüşme sınırını ve çizim hassasiyetini kontrol edip insan kararını kaydedin.",
P3,image-0063-instance-014,63,20260729_103754(0).jpg,14,4,0.00932070,UNVERIFIED_HUMAN_ANNOTATION,"Bu insan çizimi polygon, görünür ön yüz kurallarına göre henüz doğrulanmadı.","Ön yüz kapsamını, yan yüzlerin dışarıda kalmasını, gölge/örtüşme sınırını ve çizim hassasiyetini kontrol edip insan kararını kaydedin.",
P3,image-0063-instance-015,63,20260729_103754(0).jpg,15,4,0.01006485,UNVERIFIED_HUMAN_ANNOTATION,"Bu insan çizimi polygon, görünür ön yüz kurallarına göre henüz doğrulanmadı.","Ön yüz kapsamını, yan yüzlerin dışarıda kalmasını, gölge/örtüşme sınırını ve çizim hassasiyetini kontrol edip insan kararını kaydedin.",
P3,image-0063-instance-016,63,20260729_103754(0).jpg,16,4,0.00940174,UNVERIFIED_HUMAN_ANNOTATION,"Bu insan çizimi polygon, görünür ön yüz kurallarına göre henüz doğrulanmadı.","Ön yüz kapsamını, yan yüzlerin dışarıda kalmasını, gölge/örtüşme sınırını ve çizim hassasiyetini kontrol edip insan kararını kaydedin.",
P3,image-0063-instance-017,63,20260729_103754(0).jpg,17,4,0.00966172,UNVERIFIED_HUMAN_ANNOTATION,"Bu insan çizimi polygon, görünür ön yüz kurallarına göre henüz doğrulanmadı.","Ön yüz kapsamını, yan yüzlerin dışarıda kalmasını, gölge/örtüşme sınırını ve çizim hassasiyetini kontrol edip insan kararını kaydedin.",
P3,image-0063-instance-018,63,20260729_103754(0).jpg,18,4,0.01123952,UNVERIFIED_HUMAN_ANNOTATION,"Bu insan çizimi polygon, görünür ön yüz kurallarına göre henüz doğrulanmadı.","Ön yüz kapsamını, yan yüzlerin dışarıda kalmasını, gölge/örtüşme sınırını ve çizim hassasiyetini kontrol edip insan kararını kaydedin.",
P3,image-0063-instance-019,63,20260729_103754(0).jpg,19,4,0.01095370,UNVERIFIED_HUMAN_ANNOTATION,"Bu insan çizimi polygon, görünür ön yüz kurallarına göre henüz doğrulanmadı.","Ön yüz kapsamını, yan yüzlerin dışarıda kalmasını, gölge/örtüşme sınırını ve çizim hassasiyetini kontrol edip insan kararını kaydedin.",
P3,image-0063-instance-020,63,20260729_103754(0).jpg,20,4,0.00930315,UNVERIFIED_HUMAN_ANNOTATION,"Bu insan çizimi polygon, görünür ön yüz kurallarına göre henüz doğrulanmadı.","Ön yüz kapsamını, yan yüzlerin dışarıda kalmasını, gölge/örtüşme sınırını ve çizim hassasiyetini kontrol edip insan kararını kaydedin.",
P3,image-0063-instance-021,63,20260729_103754(0).jpg,21,4,0.01073011,UNVERIFIED_HUMAN_ANNOTATION,"Bu insan çizimi polygon, görünür ön yüz kurallarına göre henüz doğrulanmadı.","Ön yüz kapsamını, yan yüzlerin dışarıda kalmasını, gölge/örtüşme sınırını ve çizim hassasiyetini kontrol edip insan kararını kaydedin.",
P3,image-0063-instance-022,63,20260729_103754(0).jpg,22,4,0.01047281,UNVERIFIED_HUMAN_ANNOTATION,"Bu insan çizimi polygon, görünür ön yüz kurallarına göre henüz doğrulanmadı.","Ön yüz kapsamını, yan yüzlerin dışarıda kalmasını, gölge/örtüşme sınırını ve çizim hassasiyetini kontrol edip insan kararını kaydedin.",
P3,image-0063-instance-023,63,20260729_103754(0).jpg,23,4,0.00983458,UNVERIFIED_HUMAN_ANNOTATION,"Bu insan çizimi polygon, görünür ön yüz kurallarına göre henüz doğrulanmadı.","Ön yüz kapsamını, yan yüzlerin dışarıda kalmasını, gölge/örtüşme sınırını ve çizim hassasiyetini kontrol edip insan kararını kaydedin.",
P3,image-0063-instance-024,63,20260729_103754(0).jpg,24,4,0.01112070,UNVERIFIED_HUMAN_ANNOTATION,"Bu insan çizimi polygon, görünür ön yüz kurallarına göre henüz doğrulanmadı.","Ön yüz kapsamını, yan yüzlerin dışarıda kalmasını, gölge/örtüşme sınırını ve çizim hassasiyetini kontrol edip insan kararını kaydedin.",
P3,image-0063-instance-025,63,20260729_103754(0).jpg,25,4,0.01040626,UNVERIFIED_HUMAN_ANNOTATION,"Bu insan çizimi polygon, görünür ön yüz kurallarına göre henüz doğrulanmadı.","Ön yüz kapsamını, yan yüzlerin dışarıda kalmasını, gölge/örtüşme sınırını ve çizim hassasiyetini kontrol edip insan kararını kaydedin.",
P3,image-0063-instance-026,63,20260729_103754(0).jpg,26,4,0.01064853,UNVERIFIED_HUMAN_ANNOTATION,"Bu insan çizimi polygon, görünür ön yüz kurallarına göre henüz doğrulanmadı.","Ön yüz kapsamını, yan yüzlerin dışarıda kalmasını, gölge/örtüşme sınırını ve çizim hassasiyetini kontrol edip insan kararını kaydedin.",
P3,image-0063-instance-027,63,20260729_103754(0).jpg,27,4,0.01113315,UNVERIFIED_HUMAN_ANNOTATION,"Bu insan çizimi polygon, görünür ön yüz kurallarına göre henüz doğrulanmadı.","Ön yüz kapsamını, yan yüzlerin dışarıda kalmasını, gölge/örtüşme sınırını ve çizim hassasiyetini kontrol edip insan kararını kaydedin.",
P3,image-0063-instance-028,63,20260729_103754(0).jpg,28,4,0.01074236,UNVERIFIED_HUMAN_ANNOTATION,"Bu insan çizimi polygon, görünür ön yüz kurallarına göre henüz doğrulanmadı.","Ön yüz kapsamını, yan yüzlerin dışarıda kalmasını, gölge/örtüşme sınırını ve çizim hassasiyetini kontrol edip insan kararını kaydedin.",
P3,image-0063-instance-029,63,20260729_103754(0).jpg,29,4,0.01043476,UNVERIFIED_HUMAN_ANNOTATION,"Bu insan çizimi polygon, görünür ön yüz kurallarına göre henüz doğrulanmadı.","Ön yüz kapsamını, yan yüzlerin dışarıda kalmasını, gölge/örtüşme sınırını ve çizim hassasiyetini kontrol edip insan kararını kaydedin.",
P3,image-0063-instance-030,63,20260729_103754(0).jpg,30,4,0.01126436,UNVERIFIED_HUMAN_ANNOTATION,"Bu insan çizimi polygon, görünür ön yüz kurallarına göre henüz doğrulanmadı.","Ön yüz kapsamını, yan yüzlerin dışarıda kalmasını, gölge/örtüşme sınırını ve çizim hassasiyetini kontrol edip insan kararını kaydedin.",
P2,image-0063-instance-031,63,20260729_103754(0).jpg,31,4,0.00663038,FRAME_BOUNDARY_TRUNCATION_REVIEW|UNVERIFIED_HUMAN_ANNOTATION,Şekil veya görüntü sınırında kesilme fiziksel olarak yorumlanmalı; köşe sayısı tek başına hata değildir.,"Polygonun yalnızca görünen ön yüzü izlediğini, örtücü nesnede/görüntü kenarında durduğunu ve gizli geometri uydurmadığını doğrulayın.",
P2,image-0063-instance-032,63,20260729_103754(0).jpg,32,5,0.01121261,FRAME_BOUNDARY_TRUNCATION_REVIEW|MULTISIDED_VISIBLE_REGION_REVIEW|UNVERIFIED_HUMAN_ANNOTATION,Şekil veya görüntü sınırında kesilme fiziksel olarak yorumlanmalı; köşe sayısı tek başına hata değildir.,"Polygonun yalnızca görünen ön yüzü izlediğini, örtücü nesnede/görüntü kenarında durduğunu ve gizli geometri uydurmadığını doğrulayın.",
P3,image-0063-instance-033,63,20260729_103754(0).jpg,33,4,0.01145457,UNVERIFIED_HUMAN_ANNOTATION,"Bu insan çizimi polygon, görünür ön yüz kurallarına göre henüz doğrulanmadı.","Ön yüz kapsamını, yan yüzlerin dışarıda kalmasını, gölge/örtüşme sınırını ve çizim hassasiyetini kontrol edip insan kararını kaydedin.",
P3,image-0063-instance-034,63,20260729_103754(0).jpg,34,4,0.01177235,UNVERIFIED_HUMAN_ANNOTATION,"Bu insan çizimi polygon, görünür ön yüz kurallarına göre henüz doğrulanmadı.","Ön yüz kapsamını, yan yüzlerin dışarıda kalmasını, gölge/örtüşme sınırını ve çizim hassasiyetini kontrol edip insan kararını kaydedin.",
P3,image-0063-instance-035,63,20260729_103754(0).jpg,35,4,0.01154992,UNVERIFIED_HUMAN_ANNOTATION,"Bu insan çizimi polygon, görünür ön yüz kurallarına göre henüz doğrulanmadı.","Ön yüz kapsamını, yan yüzlerin dışarıda kalmasını, gölge/örtüşme sınırını ve çizim hassasiyetini kontrol edip insan kararını kaydedin.",
P3,image-0063-instance-036,63,20260729_103754(0).jpg,36,4,0.01110315,UNVERIFIED_HUMAN_ANNOTATION,"Bu insan çizimi polygon, görünür ön yüz kurallarına göre henüz doğrulanmadı.","Ön yüz kapsamını, yan yüzlerin dışarıda kalmasını, gölge/örtüşme sınırını ve çizim hassasiyetini kontrol edip insan kararını kaydedin.",
P3,image-0063-instance-037,63,20260729_103754(0).jpg,37,4,0.01156808,UNVERIFIED_HUMAN_ANNOTATION,"Bu insan çizimi polygon, görünür ön yüz kurallarına göre henüz doğrulanmadı.","Ön yüz kapsamını, yan yüzlerin dışarıda kalmasını, gölge/örtüşme sınırını ve çizim hassasiyetini kontrol edip insan kararını kaydedin.",
P3,image-0063-instance-038,63,20260729_103754(0).jpg,38,4,0.01138558,UNVERIFIED_HUMAN_ANNOTATION,"Bu insan çizimi polygon, görünür ön yüz kurallarına göre henüz doğrulanmadı.","Ön yüz kapsamını, yan yüzlerin dışarıda kalmasını, gölge/örtüşme sınırını ve çizim hassasiyetini kontrol edip insan kararını kaydedin.",
P3,image-0063-instance-039,63,20260729_103754(0).jpg,39,4,0.00988383,UNVERIFIED_HUMAN_ANNOTATION,"Bu insan çizimi polygon, görünür ön yüz kurallarına göre henüz doğrulanmadı.","Ön yüz kapsamını, yan yüzlerin dışarıda kalmasını, gölge/örtüşme sınırını ve çizim hassasiyetini kontrol edip insan kararını kaydedin.",
P3,image-0064-instance-001,64,20260729_103803(0).jpg,1,4,0.01685045,UNVERIFIED_HUMAN_ANNOTATION,"Bu insan çizimi polygon, görünür ön yüz kurallarına göre henüz doğrulanmadı.","Ön yüz kapsamını, yan yüzlerin dışarıda kalmasını, gölge/örtüşme sınırını ve çizim hassasiyetini kontrol edip insan kararını kaydedin.",
P3,image-0064-instance-002,64,20260729_103803(0).jpg,2,4,0.01551308,UNVERIFIED_HUMAN_ANNOTATION,"Bu insan çizimi polygon, görünür ön yüz kurallarına göre henüz doğrulanmadı.","Ön yüz kapsamını, yan yüzlerin dışarıda kalmasını, gölge/örtüşme sınırını ve çizim hassasiyetini kontrol edip insan kararını kaydedin.",
P3,image-0064-instance-003,64,20260729_103803(0).jpg,3,4,0.01782849,UNVERIFIED_HUMAN_ANNOTATION,"Bu insan çizimi polygon, görünür ön yüz kurallarına göre henüz doğrulanmadı.","Ön yüz kapsamını, yan yüzlerin dışarıda kalmasını, gölge/örtüşme sınırını ve çizim hassasiyetini kontrol edip insan kararını kaydedin.",
P3,image-0064-instance-004,64,20260729_103803(0).jpg,4,4,0.01801476,UNVERIFIED_HUMAN_ANNOTATION,"Bu insan çizimi polygon, görünür ön yüz kurallarına göre henüz doğrulanmadı.","Ön yüz kapsamını, yan yüzlerin dışarıda kalmasını, gölge/örtüşme sınırını ve çizim hassasiyetini kontrol edip insan kararını kaydedin.",
P3,image-0064-instance-005,64,20260729_103803(0).jpg,5,4,0.01784124,UNVERIFIED_HUMAN_ANNOTATION,"Bu insan çizimi polygon, görünür ön yüz kurallarına göre henüz doğrulanmadı.","Ön yüz kapsamını, yan yüzlerin dışarıda kalmasını, gölge/örtüşme sınırını ve çizim hassasiyetini kontrol edip insan kararını kaydedin.",
P2,image-0064-instance-006,64,20260729_103803(0).jpg,6,4,0.01280367,FRAME_BOUNDARY_TRUNCATION_REVIEW|UNVERIFIED_HUMAN_ANNOTATION,Şekil veya görüntü sınırında kesilme fiziksel olarak yorumlanmalı; köşe sayısı tek başına hata değildir.,"Polygonun yalnızca görünen ön yüzü izlediğini, örtücü nesnede/görüntü kenarında durduğunu ve gizli geometri uydurmadığını doğrulayın.",
P3,image-0064-instance-007,64,20260729_103803(0).jpg,7,4,0.01460781,UNVERIFIED_HUMAN_ANNOTATION,"Bu insan çizimi polygon, görünür ön yüz kurallarına göre henüz doğrulanmadı.","Ön yüz kapsamını, yan yüzlerin dışarıda kalmasını, gölge/örtüşme sınırını ve çizim hassasiyetini kontrol edip insan kararını kaydedin.",
P3,image-0064-instance-008,64,20260729_103803(0).jpg,8,4,0.01423515,UNVERIFIED_HUMAN_ANNOTATION,"Bu insan çizimi polygon, görünür ön yüz kurallarına göre henüz doğrulanmadı.","Ön yüz kapsamını, yan yüzlerin dışarıda kalmasını, gölge/örtüşme sınırını ve çizim hassasiyetini kontrol edip insan kararını kaydedin.",
P3,image-0064-instance-009,64,20260729_103803(0).jpg,9,4,0.01414323,UNVERIFIED_HUMAN_ANNOTATION,"Bu insan çizimi polygon, görünür ön yüz kurallarına göre henüz doğrulanmadı.","Ön yüz kapsamını, yan yüzlerin dışarıda kalmasını, gölge/örtüşme sınırını ve çizim hassasiyetini kontrol edip insan kararını kaydedin.",
P3,image-0064-instance-010,64,20260729_103803(0).jpg,10,4,0.01521117,UNVERIFIED_HUMAN_ANNOTATION,"Bu insan çizimi polygon, görünür ön yüz kurallarına göre henüz doğrulanmadı.","Ön yüz kapsamını, yan yüzlerin dışarıda kalmasını, gölge/örtüşme sınırını ve çizim hassasiyetini kontrol edip insan kararını kaydedin.",
P3,image-0064-instance-011,64,20260729_103803(0).jpg,11,4,0.01709647,UNVERIFIED_HUMAN_ANNOTATION,"Bu insan çizimi polygon, görünür ön yüz kurallarına göre henüz doğrulanmadı.","Ön yüz kapsamını, yan yüzlerin dışarıda kalmasını, gölge/örtüşme sınırını ve çizim hassasiyetini kontrol edip insan kararını kaydedin.",
P3,image-0064-instance-012,64,20260729_103803(0).jpg,12,4,0.01666962,UNVERIFIED_HUMAN_ANNOTATION,"Bu insan çizimi polygon, görünür ön yüz kurallarına göre henüz doğrulanmadı.","Ön yüz kapsamını, yan yüzlerin dışarıda kalmasını, gölge/örtüşme sınırını ve çizim hassasiyetini kontrol edip insan kararını kaydedin.",
P3,image-0064-instance-013,64,20260729_103803(0).jpg,13,4,0.01552117,UNVERIFIED_HUMAN_ANNOTATION,"Bu insan çizimi polygon, görünür ön yüz kurallarına göre henüz doğrulanmadı.","Ön yüz kapsamını, yan yüzlerin dışarıda kalmasını, gölge/örtüşme sınırını ve çizim hassasiyetini kontrol edip insan kararını kaydedin.",
P3,image-0064-instance-014,64,20260729_103803(0).jpg,14,4,0.01559923,UNVERIFIED_HUMAN_ANNOTATION,"Bu insan çizimi polygon, görünür ön yüz kurallarına göre henüz doğrulanmadı.","Ön yüz kapsamını, yan yüzlerin dışarıda kalmasını, gölge/örtüşme sınırını ve çizim hassasiyetini kontrol edip insan kararını kaydedin.",
P3,image-0064-instance-015,64,20260729_103803(0).jpg,15,4,0.01658166,UNVERIFIED_HUMAN_ANNOTATION,"Bu insan çizimi polygon, görünür ön yüz kurallarına göre henüz doğrulanmadı.","Ön yüz kapsamını, yan yüzlerin dışarıda kalmasını, gölge/örtüşme sınırını ve çizim hassasiyetini kontrol edip insan kararını kaydedin.",
P3,image-0064-instance-016,64,20260729_103803(0).jpg,16,4,0.01665329,UNVERIFIED_HUMAN_ANNOTATION,"Bu insan çizimi polygon, görünür ön yüz kurallarına göre henüz doğrulanmadı.","Ön yüz kapsamını, yan yüzlerin dışarıda kalmasını, gölge/örtüşme sınırını ve çizim hassasiyetini kontrol edip insan kararını kaydedin.",
P3,image-0064-instance-017,64,20260729_103803(0).jpg,17,4,0.01760729,UNVERIFIED_HUMAN_ANNOTATION,"Bu insan çizimi polygon, görünür ön yüz kurallarına göre henüz doğrulanmadı.","Ön yüz kapsamını, yan yüzlerin dışarıda kalmasını, gölge/örtüşme sınırını ve çizim hassasiyetini kontrol edip insan kararını kaydedin.",
P3,image-0064-instance-018,64,20260729_103803(0).jpg,18,4,0.01706084,UNVERIFIED_HUMAN_ANNOTATION,"Bu insan çizimi polygon, görünür ön yüz kurallarına göre henüz doğrulanmadı.","Ön yüz kapsamını, yan yüzlerin dışarıda kalmasını, gölge/örtüşme sınırını ve çizim hassasiyetini kontrol edip insan kararını kaydedin.",
P2,image-0064-instance-019,64,20260729_103803(0).jpg,19,5,0.01374461,CONCAVE_VISIBLE_REGION_REVIEW|MULTISIDED_VISIBLE_REGION_REVIEW|UNVERIFIED_HUMAN_ANNOTATION,Şekil veya görüntü sınırında kesilme fiziksel olarak yorumlanmalı; köşe sayısı tek başına hata değildir.,"Polygonun yalnızca görünen ön yüzü izlediğini, örtücü nesnede/görüntü kenarında durduğunu ve gizli geometri uydurmadığını doğrulayın.",
P3,image-0064-instance-020,64,20260729_103803(0).jpg,20,4,0.02199428,UNVERIFIED_HUMAN_ANNOTATION,"Bu insan çizimi polygon, görünür ön yüz kurallarına göre henüz doğrulanmadı.","Ön yüz kapsamını, yan yüzlerin dışarıda kalmasını, gölge/örtüşme sınırını ve çizim hassasiyetini kontrol edip insan kararını kaydedin.",
P2,image-0064-instance-021,64,20260729_103803(0).jpg,21,4,0.02234892,FRAME_BOUNDARY_TRUNCATION_REVIEW|UNVERIFIED_HUMAN_ANNOTATION,Şekil veya görüntü sınırında kesilme fiziksel olarak yorumlanmalı; köşe sayısı tek başına hata değildir.,"Polygonun yalnızca görünen ön yüzü izlediğini, örtücü nesnede/görüntü kenarında durduğunu ve gizli geometri uydurmadığını doğrulayın.",
P2,image-0064-instance-022,64,20260729_103803(0).jpg,22,5,0.02133205,FRAME_BOUNDARY_TRUNCATION_REVIEW|MULTISIDED_VISIBLE_REGION_REVIEW|UNVERIFIED_HUMAN_ANNOTATION,Şekil veya görüntü sınırında kesilme fiziksel olarak yorumlanmalı; köşe sayısı tek başına hata değildir.,"Polygonun yalnızca görünen ön yüzü izlediğini, örtücü nesnede/görüntü kenarında durduğunu ve gizli geometri uydurmadığını doğrulayın.",
P3,image-0065-instance-001,65,20260729_103806.jpg,1,4,0.01680716,UNVERIFIED_HUMAN_ANNOTATION,"Bu insan çizimi polygon, görünür ön yüz kurallarına göre henüz doğrulanmadı.","Ön yüz kapsamını, yan yüzlerin dışarıda kalmasını, gölge/örtüşme sınırını ve çizim hassasiyetini kontrol edip insan kararını kaydedin.",
P3,image-0065-instance-002,65,20260729_103806.jpg,2,4,0.01546785,UNVERIFIED_HUMAN_ANNOTATION,"Bu insan çizimi polygon, görünür ön yüz kurallarına göre henüz doğrulanmadı.","Ön yüz kapsamını, yan yüzlerin dışarıda kalmasını, gölge/örtüşme sınırını ve çizim hassasiyetini kontrol edip insan kararını kaydedin.",
P3,image-0065-instance-003,65,20260729_103806.jpg,3,4,0.01717465,UNVERIFIED_HUMAN_ANNOTATION,"Bu insan çizimi polygon, görünür ön yüz kurallarına göre henüz doğrulanmadı.","Ön yüz kapsamını, yan yüzlerin dışarıda kalmasını, gölge/örtüşme sınırını ve çizim hassasiyetini kontrol edip insan kararını kaydedin.",
P3,image-0065-instance-004,65,20260729_103806.jpg,4,4,0.01700377,UNVERIFIED_HUMAN_ANNOTATION,"Bu insan çizimi polygon, görünür ön yüz kurallarına göre henüz doğrulanmadı.","Ön yüz kapsamını, yan yüzlerin dışarıda kalmasını, gölge/örtüşme sınırını ve çizim hassasiyetini kontrol edip insan kararını kaydedin.",
P3,image-0065-instance-005,65,20260729_103806.jpg,5,4,0.01657329,UNVERIFIED_HUMAN_ANNOTATION,"Bu insan çizimi polygon, görünür ön yüz kurallarına göre henüz doğrulanmadı.","Ön yüz kapsamını, yan yüzlerin dışarıda kalmasını, gölge/örtüşme sınırını ve çizim hassasiyetini kontrol edip insan kararını kaydedin.",
P2,image-0065-instance-006,65,20260729_103806.jpg,6,4,0.01903000,FRAME_BOUNDARY_TRUNCATION_REVIEW|UNVERIFIED_HUMAN_ANNOTATION,Şekil veya görüntü sınırında kesilme fiziksel olarak yorumlanmalı; köşe sayısı tek başına hata değildir.,"Polygonun yalnızca görünen ön yüzü izlediğini, örtücü nesnede/görüntü kenarında durduğunu ve gizli geometri uydurmadığını doğrulayın.",
P3,image-0065-instance-007,65,20260729_103806.jpg,7,4,0.01495818,UNVERIFIED_HUMAN_ANNOTATION,"Bu insan çizimi polygon, görünür ön yüz kurallarına göre henüz doğrulanmadı.","Ön yüz kapsamını, yan yüzlerin dışarıda kalmasını, gölge/örtüşme sınırını ve çizim hassasiyetini kontrol edip insan kararını kaydedin.",
P3,image-0065-instance-008,65,20260729_103806.jpg,8,4,0.01420527,UNVERIFIED_HUMAN_ANNOTATION,"Bu insan çizimi polygon, görünür ön yüz kurallarına göre henüz doğrulanmadı.","Ön yüz kapsamını, yan yüzlerin dışarıda kalmasını, gölge/örtüşme sınırını ve çizim hassasiyetini kontrol edip insan kararını kaydedin.",
P3,image-0065-instance-009,65,20260729_103806.jpg,9,4,0.01431334,UNVERIFIED_HUMAN_ANNOTATION,"Bu insan çizimi polygon, görünür ön yüz kurallarına göre henüz doğrulanmadı.","Ön yüz kapsamını, yan yüzlerin dışarıda kalmasını, gölge/örtüşme sınırını ve çizim hassasiyetini kontrol edip insan kararını kaydedin.",
P3,image-0065-instance-010,65,20260729_103806.jpg,10,4,0.01483235,UNVERIFIED_HUMAN_ANNOTATION,"Bu insan çizimi polygon, görünür ön yüz kurallarına göre henüz doğrulanmadı.","Ön yüz kapsamını, yan yüzlerin dışarıda kalmasını, gölge/örtüşme sınırını ve çizim hassasiyetini kontrol edip insan kararını kaydedin.",
P3,image-0065-instance-011,65,20260729_103806.jpg,11,4,0.01602998,UNVERIFIED_HUMAN_ANNOTATION,"Bu insan çizimi polygon, görünür ön yüz kurallarına göre henüz doğrulanmadı.","Ön yüz kapsamını, yan yüzlerin dışarıda kalmasını, gölge/örtüşme sınırını ve çizim hassasiyetini kontrol edip insan kararını kaydedin.",
P3,image-0065-instance-012,65,20260729_103806.jpg,12,4,0.01532273,UNVERIFIED_HUMAN_ANNOTATION,"Bu insan çizimi polygon, görünür ön yüz kurallarına göre henüz doğrulanmadı.","Ön yüz kapsamını, yan yüzlerin dışarıda kalmasını, gölge/örtüşme sınırını ve çizim hassasiyetini kontrol edip insan kararını kaydedin.",
P2,image-0065-instance-013,65,20260729_103806.jpg,13,5,0.01216731,FRAME_BOUNDARY_TRUNCATION_REVIEW|MULTISIDED_VISIBLE_REGION_REVIEW|UNVERIFIED_HUMAN_ANNOTATION,Şekil veya görüntü sınırında kesilme fiziksel olarak yorumlanmalı; köşe sayısı tek başına hata değildir.,"Polygonun yalnızca görünen ön yüzü izlediğini, örtücü nesnede/görüntü kenarında durduğunu ve gizli geometri uydurmadığını doğrulayın.",
P3,image-0065-instance-014,65,20260729_103806.jpg,14,4,0.01588791,UNVERIFIED_HUMAN_ANNOTATION,"Bu insan çizimi polygon, görünür ön yüz kurallarına göre henüz doğrulanmadı.","Ön yüz kapsamını, yan yüzlerin dışarıda kalmasını, gölge/örtüşme sınırını ve çizim hassasiyetini kontrol edip insan kararını kaydedin.",
P3,image-0065-instance-015,65,20260729_103806.jpg,15,4,0.01591039,UNVERIFIED_HUMAN_ANNOTATION,"Bu insan çizimi polygon, görünür ön yüz kurallarına göre henüz doğrulanmadı.","Ön yüz kapsamını, yan yüzlerin dışarıda kalmasını, gölge/örtüşme sınırını ve çizim hassasiyetini kontrol edip insan kararını kaydedin.",
P3,image-0065-instance-016,65,20260729_103806.jpg,16,4,0.01670339,UNVERIFIED_HUMAN_ANNOTATION,"Bu insan çizimi polygon, görünür ön yüz kurallarına göre henüz doğrulanmadı.","Ön yüz kapsamını, yan yüzlerin dışarıda kalmasını, gölge/örtüşme sınırını ve çizim hassasiyetini kontrol edip insan kararını kaydedin.",
P3,image-0065-instance-017,65,20260729_103806.jpg,17,4,0.01605054,UNVERIFIED_HUMAN_ANNOTATION,"Bu insan çizimi polygon, görünür ön yüz kurallarına göre henüz doğrulanmadı.","Ön yüz kapsamını, yan yüzlerin dışarıda kalmasını, gölge/örtüşme sınırını ve çizim hassasiyetini kontrol edip insan kararını kaydedin.",
P3,image-0065-instance-018,65,20260729_103806.jpg,18,4,0.01650316,UNVERIFIED_HUMAN_ANNOTATION,"Bu insan çizimi polygon, görünür ön yüz kurallarına göre henüz doğrulanmadı.","Ön yüz kapsamını, yan yüzlerin dışarıda kalmasını, gölge/örtüşme sınırını ve çizim hassasiyetini kontrol edip insan kararını kaydedin.",
P3,image-0065-instance-019,65,20260729_103806.jpg,19,4,0.01744567,UNVERIFIED_HUMAN_ANNOTATION,"Bu insan çizimi polygon, görünür ön yüz kurallarına göre henüz doğrulanmadı.","Ön yüz kapsamını, yan yüzlerin dışarıda kalmasını, gölge/örtüşme sınırını ve çizim hassasiyetini kontrol edip insan kararını kaydedin.",
P3,image-0066-instance-001,66,20260729_103816.jpg,1,4,0.01142703,UNVERIFIED_HUMAN_ANNOTATION,"Bu insan çizimi polygon, görünür ön yüz kurallarına göre henüz doğrulanmadı.","Ön yüz kapsamını, yan yüzlerin dışarıda kalmasını, gölge/örtüşme sınırını ve çizim hassasiyetini kontrol edip insan kararını kaydedin.",
P3,image-0066-instance-002,66,20260729_103816.jpg,2,4,0.01162753,UNVERIFIED_HUMAN_ANNOTATION,"Bu insan çizimi polygon, görünür ön yüz kurallarına göre henüz doğrulanmadı.","Ön yüz kapsamını, yan yüzlerin dışarıda kalmasını, gölge/örtüşme sınırını ve çizim hassasiyetini kontrol edip insan kararını kaydedin.",
P3,image-0066-instance-003,66,20260729_103816.jpg,3,4,0.01230378,UNVERIFIED_HUMAN_ANNOTATION,"Bu insan çizimi polygon, görünür ön yüz kurallarına göre henüz doğrulanmadı.","Ön yüz kapsamını, yan yüzlerin dışarıda kalmasını, gölge/örtüşme sınırını ve çizim hassasiyetini kontrol edip insan kararını kaydedin.",
P3,image-0066-instance-004,66,20260729_103816.jpg,4,4,0.01182117,UNVERIFIED_HUMAN_ANNOTATION,"Bu insan çizimi polygon, görünür ön yüz kurallarına göre henüz doğrulanmadı.","Ön yüz kapsamını, yan yüzlerin dışarıda kalmasını, gölge/örtüşme sınırını ve çizim hassasiyetini kontrol edip insan kararını kaydedin.",
P3,image-0066-instance-005,66,20260729_103816.jpg,5,4,0.01272525,UNVERIFIED_HUMAN_ANNOTATION,"Bu insan çizimi polygon, görünür ön yüz kurallarına göre henüz doğrulanmadı.","Ön yüz kapsamını, yan yüzlerin dışarıda kalmasını, gölge/örtüşme sınırını ve çizim hassasiyetini kontrol edip insan kararını kaydedin.",
P3,image-0066-instance-006,66,20260729_103816.jpg,6,4,0.01286427,UNVERIFIED_HUMAN_ANNOTATION,"Bu insan çizimi polygon, görünür ön yüz kurallarına göre henüz doğrulanmadı.","Ön yüz kapsamını, yan yüzlerin dışarıda kalmasını, gölge/örtüşme sınırını ve çizim hassasiyetini kontrol edip insan kararını kaydedin.",
P3,image-0066-instance-007,66,20260729_103816.jpg,7,4,0.01252957,UNVERIFIED_HUMAN_ANNOTATION,"Bu insan çizimi polygon, görünür ön yüz kurallarına göre henüz doğrulanmadı.","Ön yüz kapsamını, yan yüzlerin dışarıda kalmasını, gölge/örtüşme sınırını ve çizim hassasiyetini kontrol edip insan kararını kaydedin.",
P3,image-0066-instance-008,66,20260729_103816.jpg,8,4,0.01039200,UNVERIFIED_HUMAN_ANNOTATION,"Bu insan çizimi polygon, görünür ön yüz kurallarına göre henüz doğrulanmadı.","Ön yüz kapsamını, yan yüzlerin dışarıda kalmasını, gölge/örtüşme sınırını ve çizim hassasiyetini kontrol edip insan kararını kaydedin.",
P3,image-0066-instance-009,66,20260729_103816.jpg,9,4,0.01140217,UNVERIFIED_HUMAN_ANNOTATION,"Bu insan çizimi polygon, görünür ön yüz kurallarına göre henüz doğrulanmadı.","Ön yüz kapsamını, yan yüzlerin dışarıda kalmasını, gölge/örtüşme sınırını ve çizim hassasiyetini kontrol edip insan kararını kaydedin.",
P1,image-0066-instance-010,66,20260729_103816.jpg,10,5,0.01163396,DUPLICATE_VERTEX|MULTISIDED_VISIBLE_REGION_REVIEW|SELF_INTERSECTION|UNVERIFIED_HUMAN_ANNOTATION,Polygon yapısında geçerlilik uyarısı var; gerçek bir etiketleme hatası olabilir.,Noktaları CVAT'ta inceleyin. Görünen fiziksel sınırı koruyarak tekrarlanan veya kesişen hatalı noktaları düzeltin.,
P3,image-0066-instance-011,66,20260729_103816.jpg,11,4,0.01139923,UNVERIFIED_HUMAN_ANNOTATION,"Bu insan çizimi polygon, görünür ön yüz kurallarına göre henüz doğrulanmadı.","Ön yüz kapsamını, yan yüzlerin dışarıda kalmasını, gölge/örtüşme sınırını ve çizim hassasiyetini kontrol edip insan kararını kaydedin.",
P3,image-0066-instance-012,66,20260729_103816.jpg,12,4,0.01208881,UNVERIFIED_HUMAN_ANNOTATION,"Bu insan çizimi polygon, görünür ön yüz kurallarına göre henüz doğrulanmadı.","Ön yüz kapsamını, yan yüzlerin dışarıda kalmasını, gölge/örtüşme sınırını ve çizim hassasiyetini kontrol edip insan kararını kaydedin.",
P3,image-0066-instance-013,66,20260729_103816.jpg,13,4,0.01169933,UNVERIFIED_HUMAN_ANNOTATION,"Bu insan çizimi polygon, görünür ön yüz kurallarına göre henüz doğrulanmadı.","Ön yüz kapsamını, yan yüzlerin dışarıda kalmasını, gölge/örtüşme sınırını ve çizim hassasiyetini kontrol edip insan kararını kaydedin.",
P3,image-0066-instance-014,66,20260729_103816.jpg,14,4,0.01199389,UNVERIFIED_HUMAN_ANNOTATION,"Bu insan çizimi polygon, görünür ön yüz kurallarına göre henüz doğrulanmadı.","Ön yüz kapsamını, yan yüzlerin dışarıda kalmasını, gölge/örtüşme sınırını ve çizim hassasiyetini kontrol edip insan kararını kaydedin.",
P3,image-0066-instance-015,66,20260729_103816.jpg,15,4,0.01341535,UNVERIFIED_HUMAN_ANNOTATION,"Bu insan çizimi polygon, görünür ön yüz kurallarına göre henüz doğrulanmadı.","Ön yüz kapsamını, yan yüzlerin dışarıda kalmasını, gölge/örtüşme sınırını ve çizim hassasiyetini kontrol edip insan kararını kaydedin.",
P3,image-0066-instance-016,66,20260729_103816.jpg,16,4,0.01091643,UNVERIFIED_HUMAN_ANNOTATION,"Bu insan çizimi polygon, görünür ön yüz kurallarına göre henüz doğrulanmadı.","Ön yüz kapsamını, yan yüzlerin dışarıda kalmasını, gölge/örtüşme sınırını ve çizim hassasiyetini kontrol edip insan kararını kaydedin.",
P3,image-0066-instance-017,66,20260729_103816.jpg,17,4,0.01531899,UNVERIFIED_HUMAN_ANNOTATION,"Bu insan çizimi polygon, görünür ön yüz kurallarına göre henüz doğrulanmadı.","Ön yüz kapsamını, yan yüzlerin dışarıda kalmasını, gölge/örtüşme sınırını ve çizim hassasiyetini kontrol edip insan kararını kaydedin.",
P3,image-0066-instance-018,66,20260729_103816.jpg,18,4,0.01396311,UNVERIFIED_HUMAN_ANNOTATION,"Bu insan çizimi polygon, görünür ön yüz kurallarına göre henüz doğrulanmadı.","Ön yüz kapsamını, yan yüzlerin dışarıda kalmasını, gölge/örtüşme sınırını ve çizim hassasiyetini kontrol edip insan kararını kaydedin.",
P3,image-0066-instance-019,66,20260729_103816.jpg,19,4,0.01523218,UNVERIFIED_HUMAN_ANNOTATION,"Bu insan çizimi polygon, görünür ön yüz kurallarına göre henüz doğrulanmadı.","Ön yüz kapsamını, yan yüzlerin dışarıda kalmasını, gölge/örtüşme sınırını ve çizim hassasiyetini kontrol edip insan kararını kaydedin.",
P3,image-0066-instance-020,66,20260729_103816.jpg,20,4,0.01520298,UNVERIFIED_HUMAN_ANNOTATION,"Bu insan çizimi polygon, görünür ön yüz kurallarına göre henüz doğrulanmadı.","Ön yüz kapsamını, yan yüzlerin dışarıda kalmasını, gölge/örtüşme sınırını ve çizim hassasiyetini kontrol edip insan kararını kaydedin.",
P2,image-0066-instance-021,66,20260729_103816.jpg,21,4,0.01305532,FRAME_BOUNDARY_TRUNCATION_REVIEW|UNVERIFIED_HUMAN_ANNOTATION,Şekil veya görüntü sınırında kesilme fiziksel olarak yorumlanmalı; köşe sayısı tek başına hata değildir.,"Polygonun yalnızca görünen ön yüzü izlediğini, örtücü nesnede/görüntü kenarında durduğunu ve gizli geometri uydurmadığını doğrulayın.",
P2,image-0066-instance-022,66,20260729_103816.jpg,22,5,0.01169492,CONCAVE_VISIBLE_REGION_REVIEW|MULTISIDED_VISIBLE_REGION_REVIEW|UNVERIFIED_HUMAN_ANNOTATION,Şekil veya görüntü sınırında kesilme fiziksel olarak yorumlanmalı; köşe sayısı tek başına hata değildir.,"Polygonun yalnızca görünen ön yüzü izlediğini, örtücü nesnede/görüntü kenarında durduğunu ve gizli geometri uydurmadığını doğrulayın.",
P3,image-0066-instance-023,66,20260729_103816.jpg,23,4,0.01477337,UNVERIFIED_HUMAN_ANNOTATION,"Bu insan çizimi polygon, görünür ön yüz kurallarına göre henüz doğrulanmadı.","Ön yüz kapsamını, yan yüzlerin dışarıda kalmasını, gölge/örtüşme sınırını ve çizim hassasiyetini kontrol edip insan kararını kaydedin.",
P3,image-0066-instance-024,66,20260729_103816.jpg,24,4,0.01405544,UNVERIFIED_HUMAN_ANNOTATION,"Bu insan çizimi polygon, görünür ön yüz kurallarına göre henüz doğrulanmadı.","Ön yüz kapsamını, yan yüzlerin dışarıda kalmasını, gölge/örtüşme sınırını ve çizim hassasiyetini kontrol edip insan kararını kaydedin.",
P3,image-0066-instance-025,66,20260729_103816.jpg,25,4,0.01402283,UNVERIFIED_HUMAN_ANNOTATION,"Bu insan çizimi polygon, görünür ön yüz kurallarına göre henüz doğrulanmadı.","Ön yüz kapsamını, yan yüzlerin dışarıda kalmasını, gölge/örtüşme sınırını ve çizim hassasiyetini kontrol edip insan kararını kaydedin.",
P3,image-0066-instance-026,66,20260729_103816.jpg,26,4,0.01473997,UNVERIFIED_HUMAN_ANNOTATION,"Bu insan çizimi polygon, görünür ön yüz kurallarına göre henüz doğrulanmadı.","Ön yüz kapsamını, yan yüzlerin dışarıda kalmasını, gölge/örtüşme sınırını ve çizim hassasiyetini kontrol edip insan kararını kaydedin.",
P3,image-0066-instance-027,66,20260729_103816.jpg,27,4,0.01609415,UNVERIFIED_HUMAN_ANNOTATION,"Bu insan çizimi polygon, görünür ön yüz kurallarına göre henüz doğrulanmadı.","Ön yüz kapsamını, yan yüzlerin dışarıda kalmasını, gölge/örtüşme sınırını ve çizim hassasiyetini kontrol edip insan kararını kaydedin.",
P0,image-0071-instance-001,71,20260729_103914(0).jpg,1,4,0.00455418,MISSING_SOURCE_IMAGE|UNVERIFIED_HUMAN_ANNOTATION,Kaynak görüntü bulunamadığı için maskenin görsel doğruluğu değerlendirilemiyor.,"Aynı kaynak görüntüyü geri yükleyin, boyutunu/sahneyi doğrulayın ve sonra CVAT'ta inceleyin. Görüntü gelmeden onaylamayın.",
P0,image-0071-instance-002,71,20260729_103914(0).jpg,2,4,0.00511631,MISSING_SOURCE_IMAGE|UNVERIFIED_HUMAN_ANNOTATION,Kaynak görüntü bulunamadığı için maskenin görsel doğruluğu değerlendirilemiyor.,"Aynı kaynak görüntüyü geri yükleyin, boyutunu/sahneyi doğrulayın ve sonra CVAT'ta inceleyin. Görüntü gelmeden onaylamayın.",
P0,image-0071-instance-003,71,20260729_103914(0).jpg,3,4,0.00468426,MISSING_SOURCE_IMAGE|UNVERIFIED_HUMAN_ANNOTATION,Kaynak görüntü bulunamadığı için maskenin görsel doğruluğu değerlendirilemiyor.,"Aynı kaynak görüntüyü geri yükleyin, boyutunu/sahneyi doğrulayın ve sonra CVAT'ta inceleyin. Görüntü gelmeden onaylamayın.",
P0,image-0071-instance-004,71,20260729_103914(0).jpg,4,4,0.00418594,MISSING_SOURCE_IMAGE|UNVERIFIED_HUMAN_ANNOTATION,Kaynak görüntü bulunamadığı için maskenin görsel doğruluğu değerlendirilemiyor.,"Aynı kaynak görüntüyü geri yükleyin, boyutunu/sahneyi doğrulayın ve sonra CVAT'ta inceleyin. Görüntü gelmeden onaylamayın.",
P0,image-0071-instance-005,71,20260729_103914(0).jpg,5,4,0.00358204,MISSING_SOURCE_IMAGE|UNVERIFIED_HUMAN_ANNOTATION,Kaynak görüntü bulunamadığı için maskenin görsel doğruluğu değerlendirilemiyor.,"Aynı kaynak görüntüyü geri yükleyin, boyutunu/sahneyi doğrulayın ve sonra CVAT'ta inceleyin. Görüntü gelmeden onaylamayın.",
P0,image-0071-instance-006,71,20260729_103914(0).jpg,6,4,0.00398803,MISSING_SOURCE_IMAGE|UNVERIFIED_HUMAN_ANNOTATION,Kaynak görüntü bulunamadığı için maskenin görsel doğruluğu değerlendirilemiyor.,"Aynı kaynak görüntüyü geri yükleyin, boyutunu/sahneyi doğrulayın ve sonra CVAT'ta inceleyin. Görüntü gelmeden onaylamayın.",
P0,image-0071-instance-007,71,20260729_103914(0).jpg,7,4,0.00392542,MISSING_SOURCE_IMAGE|UNVERIFIED_HUMAN_ANNOTATION,Kaynak görüntü bulunamadığı için maskenin görsel doğruluğu değerlendirilemiyor.,"Aynı kaynak görüntüyü geri yükleyin, boyutunu/sahneyi doğrulayın ve sonra CVAT'ta inceleyin. Görüntü gelmeden onaylamayın.",
P0,image-0071-instance-008,71,20260729_103914(0).jpg,8,4,0.00443165,MISSING_SOURCE_IMAGE|UNVERIFIED_HUMAN_ANNOTATION,Kaynak görüntü bulunamadığı için maskenin görsel doğruluğu değerlendirilemiyor.,"Aynı kaynak görüntüyü geri yükleyin, boyutunu/sahneyi doğrulayın ve sonra CVAT'ta inceleyin. Görüntü gelmeden onaylamayın.",
P0,image-0071-instance-009,71,20260729_103914(0).jpg,9,4,0.00428965,MISSING_SOURCE_IMAGE|UNVERIFIED_HUMAN_ANNOTATION,Kaynak görüntü bulunamadığı için maskenin görsel doğruluğu değerlendirilemiyor.,"Aynı kaynak görüntüyü geri yükleyin, boyutunu/sahneyi doğrulayın ve sonra CVAT'ta inceleyin. Görüntü gelmeden onaylamayın.",
P0,image-0071-instance-010,71,20260729_103914(0).jpg,10,4,0.00450753,MISSING_SOURCE_IMAGE|UNVERIFIED_HUMAN_ANNOTATION,Kaynak görüntü bulunamadığı için maskenin görsel doğruluğu değerlendirilemiyor.,"Aynı kaynak görüntüyü geri yükleyin, boyutunu/sahneyi doğrulayın ve sonra CVAT'ta inceleyin. Görüntü gelmeden onaylamayın.",
P0,image-0071-instance-011,71,20260729_103914(0).jpg,11,4,0.00525975,MISSING_SOURCE_IMAGE|UNVERIFIED_HUMAN_ANNOTATION,Kaynak görüntü bulunamadığı için maskenin görsel doğruluğu değerlendirilemiyor.,"Aynı kaynak görüntüyü geri yükleyin, boyutunu/sahneyi doğrulayın ve sonra CVAT'ta inceleyin. Görüntü gelmeden onaylamayın.",
P0,image-0071-instance-012,71,20260729_103914(0).jpg,12,4,0.00501983,MISSING_SOURCE_IMAGE|UNVERIFIED_HUMAN_ANNOTATION,Kaynak görüntü bulunamadığı için maskenin görsel doğruluğu değerlendirilemiyor.,"Aynı kaynak görüntüyü geri yükleyin, boyutunu/sahneyi doğrulayın ve sonra CVAT'ta inceleyin. Görüntü gelmeden onaylamayın.",
P0,image-0071-instance-013,71,20260729_103914(0).jpg,13,4,0.00447353,MISSING_SOURCE_IMAGE|UNVERIFIED_HUMAN_ANNOTATION,Kaynak görüntü bulunamadığı için maskenin görsel doğruluğu değerlendirilemiyor.,"Aynı kaynak görüntüyü geri yükleyin, boyutunu/sahneyi doğrulayın ve sonra CVAT'ta inceleyin. Görüntü gelmeden onaylamayın.",
P0,image-0071-instance-014,71,20260729_103914(0).jpg,14,4,0.00492579,MISSING_SOURCE_IMAGE|UNVERIFIED_HUMAN_ANNOTATION,Kaynak görüntü bulunamadığı için maskenin görsel doğruluğu değerlendirilemiyor.,"Aynı kaynak görüntüyü geri yükleyin, boyutunu/sahneyi doğrulayın ve sonra CVAT'ta inceleyin. Görüntü gelmeden onaylamayın.",
P0,image-0071-instance-015,71,20260729_103914(0).jpg,15,4,0.00358126,MISSING_SOURCE_IMAGE|UNVERIFIED_HUMAN_ANNOTATION,Kaynak görüntü bulunamadığı için maskenin görsel doğruluğu değerlendirilemiyor.,"Aynı kaynak görüntüyü geri yükleyin, boyutunu/sahneyi doğrulayın ve sonra CVAT'ta inceleyin. Görüntü gelmeden onaylamayın.",
P0,image-0071-instance-016,71,20260729_103914(0).jpg,16,4,0.00418970,MISSING_SOURCE_IMAGE|UNVERIFIED_HUMAN_ANNOTATION,Kaynak görüntü bulunamadığı için maskenin görsel doğruluğu değerlendirilemiyor.,"Aynı kaynak görüntüyü geri yükleyin, boyutunu/sahneyi doğrulayın ve sonra CVAT'ta inceleyin. Görüntü gelmeden onaylamayın.",
P0,image-0071-instance-017,71,20260729_103914(0).jpg,17,4,0.00403811,MISSING_SOURCE_IMAGE|UNVERIFIED_HUMAN_ANNOTATION,Kaynak görüntü bulunamadığı için maskenin görsel doğruluğu değerlendirilemiyor.,"Aynı kaynak görüntüyü geri yükleyin, boyutunu/sahneyi doğrulayın ve sonra CVAT'ta inceleyin. Görüntü gelmeden onaylamayın.",
P0,image-0071-instance-018,71,20260729_103914(0).jpg,18,4,0.00410356,MISSING_SOURCE_IMAGE|UNVERIFIED_HUMAN_ANNOTATION,Kaynak görüntü bulunamadığı için maskenin görsel doğruluğu değerlendirilemiyor.,"Aynı kaynak görüntüyü geri yükleyin, boyutunu/sahneyi doğrulayın ve sonra CVAT'ta inceleyin. Görüntü gelmeden onaylamayın.",
P0,image-0071-instance-019,71,20260729_103914(0).jpg,19,4,0.00412012,MISSING_SOURCE_IMAGE|UNVERIFIED_HUMAN_ANNOTATION,Kaynak görüntü bulunamadığı için maskenin görsel doğruluğu değerlendirilemiyor.,"Aynı kaynak görüntüyü geri yükleyin, boyutunu/sahneyi doğrulayın ve sonra CVAT'ta inceleyin. Görüntü gelmeden onaylamayın.",
P0,image-0071-instance-020,71,20260729_103914(0).jpg,20,4,0.00443429,MISSING_SOURCE_IMAGE|UNVERIFIED_HUMAN_ANNOTATION,Kaynak görüntü bulunamadığı için maskenin görsel doğruluğu değerlendirilemiyor.,"Aynı kaynak görüntüyü geri yükleyin, boyutunu/sahneyi doğrulayın ve sonra CVAT'ta inceleyin. Görüntü gelmeden onaylamayın.",
P0,image-0071-instance-021,71,20260729_103914(0).jpg,21,4,0.00455084,MISSING_SOURCE_IMAGE|UNVERIFIED_HUMAN_ANNOTATION,Kaynak görüntü bulunamadığı için maskenin görsel doğruluğu değerlendirilemiyor.,"Aynı kaynak görüntüyü geri yükleyin, boyutunu/sahneyi doğrulayın ve sonra CVAT'ta inceleyin. Görüntü gelmeden onaylamayın.",
P0,image-0071-instance-022,71,20260729_103914(0).jpg,22,4,0.00461617,MISSING_SOURCE_IMAGE|UNVERIFIED_HUMAN_ANNOTATION,Kaynak görüntü bulunamadığı için maskenin görsel doğruluğu değerlendirilemiyor.,"Aynı kaynak görüntüyü geri yükleyin, boyutunu/sahneyi doğrulayın ve sonra CVAT'ta inceleyin. Görüntü gelmeden onaylamayın.",
P0,image-0071-instance-023,71,20260729_103914(0).jpg,23,4,0.00504089,MISSING_SOURCE_IMAGE|UNVERIFIED_HUMAN_ANNOTATION,Kaynak görüntü bulunamadığı için maskenin görsel doğruluğu değerlendirilemiyor.,"Aynı kaynak görüntüyü geri yükleyin, boyutunu/sahneyi doğrulayın ve sonra CVAT'ta inceleyin. Görüntü gelmeden onaylamayın.",
P0,image-0071-instance-024,71,20260729_103914(0).jpg,24,4,0.00564830,MISSING_SOURCE_IMAGE|UNVERIFIED_HUMAN_ANNOTATION,Kaynak görüntü bulunamadığı için maskenin görsel doğruluğu değerlendirilemiyor.,"Aynı kaynak görüntüyü geri yükleyin, boyutunu/sahneyi doğrulayın ve sonra CVAT'ta inceleyin. Görüntü gelmeden onaylamayın.",
P0,image-0071-instance-025,71,20260729_103914(0).jpg,25,4,0.00386572,MISSING_SOURCE_IMAGE|UNVERIFIED_HUMAN_ANNOTATION,Kaynak görüntü bulunamadığı için maskenin görsel doğruluğu değerlendirilemiyor.,"Aynı kaynak görüntüyü geri yükleyin, boyutunu/sahneyi doğrulayın ve sonra CVAT'ta inceleyin. Görüntü gelmeden onaylamayın.",
P0,image-0071-instance-026,71,20260729_103914(0).jpg,26,5,0.00251380,CONCAVE_VISIBLE_REGION_REVIEW|MISSING_SOURCE_IMAGE|MULTISIDED_VISIBLE_REGION_REVIEW|UNVERIFIED_HUMAN_ANNOTATION,Kaynak görüntü bulunamadığı için maskenin görsel doğruluğu değerlendirilemiyor.,"Aynı kaynak görüntüyü geri yükleyin, boyutunu/sahneyi doğrulayın ve sonra CVAT'ta inceleyin. Görüntü gelmeden onaylamayın.",
P0,image-0071-instance-027,71,20260729_103914(0).jpg,27,4,0.00266245,FRAME_BOUNDARY_TRUNCATION_REVIEW|MISSING_SOURCE_IMAGE|UNVERIFIED_HUMAN_ANNOTATION,Kaynak görüntü bulunamadığı için maskenin görsel doğruluğu değerlendirilemiyor.,"Aynı kaynak görüntüyü geri yükleyin, boyutunu/sahneyi doğrulayın ve sonra CVAT'ta inceleyin. Görüntü gelmeden onaylamayın.",
P0,image-0071-instance-028,71,20260729_103914(0).jpg,28,4,0.00405470,MISSING_SOURCE_IMAGE|UNVERIFIED_HUMAN_ANNOTATION,Kaynak görüntü bulunamadığı için maskenin görsel doğruluğu değerlendirilemiyor.,"Aynı kaynak görüntüyü geri yükleyin, boyutunu/sahneyi doğrulayın ve sonra CVAT'ta inceleyin. Görüntü gelmeden onaylamayın.",
P0,image-0071-instance-029,71,20260729_103914(0).jpg,29,4,0.00427157,MISSING_SOURCE_IMAGE|UNVERIFIED_HUMAN_ANNOTATION,Kaynak görüntü bulunamadığı için maskenin görsel doğruluğu değerlendirilemiyor.,"Aynı kaynak görüntüyü geri yükleyin, boyutunu/sahneyi doğrulayın ve sonra CVAT'ta inceleyin. Görüntü gelmeden onaylamayın.",
P0,image-0071-instance-030,71,20260729_103914(0).jpg,30,4,0.00525058,MISSING_SOURCE_IMAGE|UNVERIFIED_HUMAN_ANNOTATION,Kaynak görüntü bulunamadığı için maskenin görsel doğruluğu değerlendirilemiyor.,"Aynı kaynak görüntüyü geri yükleyin, boyutunu/sahneyi doğrulayın ve sonra CVAT'ta inceleyin. Görüntü gelmeden onaylamayın.",
P0,image-0071-instance-031,71,20260729_103914(0).jpg,31,4,0.00356655,MISSING_SOURCE_IMAGE|UNVERIFIED_HUMAN_ANNOTATION,Kaynak görüntü bulunamadığı için maskenin görsel doğruluğu değerlendirilemiyor.,"Aynı kaynak görüntüyü geri yükleyin, boyutunu/sahneyi doğrulayın ve sonra CVAT'ta inceleyin. Görüntü gelmeden onaylamayın.",
P0,image-0071-instance-032,71,20260729_103914(0).jpg,32,5,0.00195795,CONCAVE_VISIBLE_REGION_REVIEW|MISSING_SOURCE_IMAGE|MULTISIDED_VISIBLE_REGION_REVIEW|UNVERIFIED_HUMAN_ANNOTATION,Kaynak görüntü bulunamadığı için maskenin görsel doğruluğu değerlendirilemiyor.,"Aynı kaynak görüntüyü geri yükleyin, boyutunu/sahneyi doğrulayın ve sonra CVAT'ta inceleyin. Görüntü gelmeden onaylamayın.",
P0,image-0071-instance-033,71,20260729_103914(0).jpg,33,4,0.00247142,MISSING_SOURCE_IMAGE|UNVERIFIED_HUMAN_ANNOTATION,Kaynak görüntü bulunamadığı için maskenin görsel doğruluğu değerlendirilemiyor.,"Aynı kaynak görüntüyü geri yükleyin, boyutunu/sahneyi doğrulayın ve sonra CVAT'ta inceleyin. Görüntü gelmeden onaylamayın.",
P0,image-0071-instance-034,71,20260729_103914(0).jpg,34,5,0.00309450,CONCAVE_VISIBLE_REGION_REVIEW|MISSING_SOURCE_IMAGE|MULTISIDED_VISIBLE_REGION_REVIEW|UNVERIFIED_HUMAN_ANNOTATION,Kaynak görüntü bulunamadığı için maskenin görsel doğruluğu değerlendirilemiyor.,"Aynı kaynak görüntüyü geri yükleyin, boyutunu/sahneyi doğrulayın ve sonra CVAT'ta inceleyin. Görüntü gelmeden onaylamayın.",
P0,image-0071-instance-035,71,20260729_103914(0).jpg,35,4,0.00378282,MISSING_SOURCE_IMAGE|UNVERIFIED_HUMAN_ANNOTATION,Kaynak görüntü bulunamadığı için maskenin görsel doğruluğu değerlendirilemiyor.,"Aynı kaynak görüntüyü geri yükleyin, boyutunu/sahneyi doğrulayın ve sonra CVAT'ta inceleyin. Görüntü gelmeden onaylamayın.",
P0,image-0071-instance-036,71,20260729_103914(0).jpg,36,4,0.00388937,MISSING_SOURCE_IMAGE|UNVERIFIED_HUMAN_ANNOTATION,Kaynak görüntü bulunamadığı için maskenin görsel doğruluğu değerlendirilemiyor.,"Aynı kaynak görüntüyü geri yükleyin, boyutunu/sahneyi doğrulayın ve sonra CVAT'ta inceleyin. Görüntü gelmeden onaylamayın.",
P0,image-0071-instance-037,71,20260729_103914(0).jpg,37,4,0.00392817,MISSING_SOURCE_IMAGE|UNVERIFIED_HUMAN_ANNOTATION,Kaynak görüntü bulunamadığı için maskenin görsel doğruluğu değerlendirilemiyor.,"Aynı kaynak görüntüyü geri yükleyin, boyutunu/sahneyi doğrulayın ve sonra CVAT'ta inceleyin. Görüntü gelmeden onaylamayın.",
P0,image-0071-instance-038,71,20260729_103914(0).jpg,38,4,0.00391785,MISSING_SOURCE_IMAGE|UNVERIFIED_HUMAN_ANNOTATION,Kaynak görüntü bulunamadığı için maskenin görsel doğruluğu değerlendirilemiyor.,"Aynı kaynak görüntüyü geri yükleyin, boyutunu/sahneyi doğrulayın ve sonra CVAT'ta inceleyin. Görüntü gelmeden onaylamayın.",
P0,image-0071-instance-039,71,20260729_103914(0).jpg,39,4,0.00433136,MISSING_SOURCE_IMAGE|UNVERIFIED_HUMAN_ANNOTATION,Kaynak görüntü bulunamadığı için maskenin görsel doğruluğu değerlendirilemiyor.,"Aynı kaynak görüntüyü geri yükleyin, boyutunu/sahneyi doğrulayın ve sonra CVAT'ta inceleyin. Görüntü gelmeden onaylamayın.",
P0,image-0071-instance-040,71,20260729_103914(0).jpg,40,4,0.00446738,MISSING_SOURCE_IMAGE|UNVERIFIED_HUMAN_ANNOTATION,Kaynak görüntü bulunamadığı için maskenin görsel doğruluğu değerlendirilemiyor.,"Aynı kaynak görüntüyü geri yükleyin, boyutunu/sahneyi doğrulayın ve sonra CVAT'ta inceleyin. Görüntü gelmeden onaylamayın.",
P0,image-0071-instance-041,71,20260729_103914(0).jpg,41,4,0.00502541,MISSING_SOURCE_IMAGE|UNVERIFIED_HUMAN_ANNOTATION,Kaynak görüntü bulunamadığı için maskenin görsel doğruluğu değerlendirilemiyor.,"Aynı kaynak görüntüyü geri yükleyin, boyutunu/sahneyi doğrulayın ve sonra CVAT'ta inceleyin. Görüntü gelmeden onaylamayın.",
P0,image-0071-instance-042,71,20260729_103914(0).jpg,42,4,0.00488403,MISSING_SOURCE_IMAGE|UNVERIFIED_HUMAN_ANNOTATION,Kaynak görüntü bulunamadığı için maskenin görsel doğruluğu değerlendirilemiyor.,"Aynı kaynak görüntüyü geri yükleyin, boyutunu/sahneyi doğrulayın ve sonra CVAT'ta inceleyin. Görüntü gelmeden onaylamayın.",
P0,image-0071-instance-043,71,20260729_103914(0).jpg,43,4,0.00479227,MISSING_SOURCE_IMAGE|UNVERIFIED_HUMAN_ANNOTATION,Kaynak görüntü bulunamadığı için maskenin görsel doğruluğu değerlendirilemiyor.,"Aynı kaynak görüntüyü geri yükleyin, boyutunu/sahneyi doğrulayın ve sonra CVAT'ta inceleyin. Görüntü gelmeden onaylamayın.",
P0,image-0071-instance-044,71,20260729_103914(0).jpg,44,4,0.00386092,MISSING_SOURCE_IMAGE|UNVERIFIED_HUMAN_ANNOTATION,Kaynak görüntü bulunamadığı için maskenin görsel doğruluğu değerlendirilemiyor.,"Aynı kaynak görüntüyü geri yükleyin, boyutunu/sahneyi doğrulayın ve sonra CVAT'ta inceleyin. Görüntü gelmeden onaylamayın.",
P0,image-0071-instance-045,71,20260729_103914(0).jpg,45,4,0.00365892,MISSING_SOURCE_IMAGE|UNVERIFIED_HUMAN_ANNOTATION,Kaynak görüntü bulunamadığı için maskenin görsel doğruluğu değerlendirilemiyor.,"Aynı kaynak görüntüyü geri yükleyin, boyutunu/sahneyi doğrulayın ve sonra CVAT'ta inceleyin. Görüntü gelmeden onaylamayın.",
P0,image-0071-instance-046,71,20260729_103914(0).jpg,46,5,0.00262343,CONCAVE_VISIBLE_REGION_REVIEW|MISSING_SOURCE_IMAGE|MULTISIDED_VISIBLE_REGION_REVIEW|UNVERIFIED_HUMAN_ANNOTATION,Kaynak görüntü bulunamadığı için maskenin görsel doğruluğu değerlendirilemiyor.,"Aynı kaynak görüntüyü geri yükleyin, boyutunu/sahneyi doğrulayın ve sonra CVAT'ta inceleyin. Görüntü gelmeden onaylamayın.",
P0,image-0071-instance-047,71,20260729_103914(0).jpg,47,4,0.00339296,MISSING_SOURCE_IMAGE|UNVERIFIED_HUMAN_ANNOTATION,Kaynak görüntü bulunamadığı için maskenin görsel doğruluğu değerlendirilemiyor.,"Aynı kaynak görüntüyü geri yükleyin, boyutunu/sahneyi doğrulayın ve sonra CVAT'ta inceleyin. Görüntü gelmeden onaylamayın.",
P0,image-0071-instance-048,71,20260729_103914(0).jpg,48,4,0.00405202,MISSING_SOURCE_IMAGE|UNVERIFIED_HUMAN_ANNOTATION,Kaynak görüntü bulunamadığı için maskenin görsel doğruluğu değerlendirilemiyor.,"Aynı kaynak görüntüyü geri yükleyin, boyutunu/sahneyi doğrulayın ve sonra CVAT'ta inceleyin. Görüntü gelmeden onaylamayın.",
P0,image-0071-instance-049,71,20260729_103914(0).jpg,49,4,0.00344980,MISSING_SOURCE_IMAGE|UNVERIFIED_HUMAN_ANNOTATION,Kaynak görüntü bulunamadığı için maskenin görsel doğruluğu değerlendirilemiyor.,"Aynı kaynak görüntüyü geri yükleyin, boyutunu/sahneyi doğrulayın ve sonra CVAT'ta inceleyin. Görüntü gelmeden onaylamayın.",
P0,image-0071-instance-050,71,20260729_103914(0).jpg,50,4,0.00395620,MISSING_SOURCE_IMAGE|UNVERIFIED_HUMAN_ANNOTATION,Kaynak görüntü bulunamadığı için maskenin görsel doğruluğu değerlendirilemiyor.,"Aynı kaynak görüntüyü geri yükleyin, boyutunu/sahneyi doğrulayın ve sonra CVAT'ta inceleyin. Görüntü gelmeden onaylamayın.",
P0,image-0071-instance-051,71,20260729_103914(0).jpg,51,4,0.00453845,MISSING_SOURCE_IMAGE|UNVERIFIED_HUMAN_ANNOTATION,Kaynak görüntü bulunamadığı için maskenin görsel doğruluğu değerlendirilemiyor.,"Aynı kaynak görüntüyü geri yükleyin, boyutunu/sahneyi doğrulayın ve sonra CVAT'ta inceleyin. Görüntü gelmeden onaylamayın.",
P0,image-0071-instance-052,71,20260729_103914(0).jpg,52,4,0.00434061,MISSING_SOURCE_IMAGE|UNVERIFIED_HUMAN_ANNOTATION,Kaynak görüntü bulunamadığı için maskenin görsel doğruluğu değerlendirilemiyor.,"Aynı kaynak görüntüyü geri yükleyin, boyutunu/sahneyi doğrulayın ve sonra CVAT'ta inceleyin. Görüntü gelmeden onaylamayın.",
P0,image-0071-instance-053,71,20260729_103914(0).jpg,53,4,0.00440863,MISSING_SOURCE_IMAGE|UNVERIFIED_HUMAN_ANNOTATION,Kaynak görüntü bulunamadığı için maskenin görsel doğruluğu değerlendirilemiyor.,"Aynı kaynak görüntüyü geri yükleyin, boyutunu/sahneyi doğrulayın ve sonra CVAT'ta inceleyin. Görüntü gelmeden onaylamayın.",
P3,image-0072-instance-001,72,20260729_103944(0).jpg,1,4,0.00269835,UNVERIFIED_HUMAN_ANNOTATION,"Bu insan çizimi polygon, görünür ön yüz kurallarına göre henüz doğrulanmadı.","Ön yüz kapsamını, yan yüzlerin dışarıda kalmasını, gölge/örtüşme sınırını ve çizim hassasiyetini kontrol edip insan kararını kaydedin.",
P3,image-0072-instance-002,72,20260729_103944(0).jpg,2,4,0.00273203,UNVERIFIED_HUMAN_ANNOTATION,"Bu insan çizimi polygon, görünür ön yüz kurallarına göre henüz doğrulanmadı.","Ön yüz kapsamını, yan yüzlerin dışarıda kalmasını, gölge/örtüşme sınırını ve çizim hassasiyetini kontrol edip insan kararını kaydedin.",
P3,image-0072-instance-003,72,20260729_103944(0).jpg,3,4,0.00275956,UNVERIFIED_HUMAN_ANNOTATION,"Bu insan çizimi polygon, görünür ön yüz kurallarına göre henüz doğrulanmadı.","Ön yüz kapsamını, yan yüzlerin dışarıda kalmasını, gölge/örtüşme sınırını ve çizim hassasiyetini kontrol edip insan kararını kaydedin.",
P3,image-0072-instance-004,72,20260729_103944(0).jpg,4,4,0.00296978,UNVERIFIED_HUMAN_ANNOTATION,"Bu insan çizimi polygon, görünür ön yüz kurallarına göre henüz doğrulanmadı.","Ön yüz kapsamını, yan yüzlerin dışarıda kalmasını, gölge/örtüşme sınırını ve çizim hassasiyetini kontrol edip insan kararını kaydedin.",
P3,image-0072-instance-005,72,20260729_103944(0).jpg,5,4,0.00334612,UNVERIFIED_HUMAN_ANNOTATION,"Bu insan çizimi polygon, görünür ön yüz kurallarına göre henüz doğrulanmadı.","Ön yüz kapsamını, yan yüzlerin dışarıda kalmasını, gölge/örtüşme sınırını ve çizim hassasiyetini kontrol edip insan kararını kaydedin.",
P3,image-0072-instance-006,72,20260729_103944(0).jpg,6,4,0.00279448,UNVERIFIED_HUMAN_ANNOTATION,"Bu insan çizimi polygon, görünür ön yüz kurallarına göre henüz doğrulanmadı.","Ön yüz kapsamını, yan yüzlerin dışarıda kalmasını, gölge/örtüşme sınırını ve çizim hassasiyetini kontrol edip insan kararını kaydedin.",
P3,image-0072-instance-007,72,20260729_103944(0).jpg,7,4,0.00321587,UNVERIFIED_HUMAN_ANNOTATION,"Bu insan çizimi polygon, görünür ön yüz kurallarına göre henüz doğrulanmadı.","Ön yüz kapsamını, yan yüzlerin dışarıda kalmasını, gölge/örtüşme sınırını ve çizim hassasiyetini kontrol edip insan kararını kaydedin.",
P3,image-0072-instance-008,72,20260729_103944(0).jpg,8,4,0.00292597,UNVERIFIED_HUMAN_ANNOTATION,"Bu insan çizimi polygon, görünür ön yüz kurallarına göre henüz doğrulanmadı.","Ön yüz kapsamını, yan yüzlerin dışarıda kalmasını, gölge/örtüşme sınırını ve çizim hassasiyetini kontrol edip insan kararını kaydedin.",
P3,image-0072-instance-009,72,20260729_103944(0).jpg,9,4,0.00255562,UNVERIFIED_HUMAN_ANNOTATION,"Bu insan çizimi polygon, görünür ön yüz kurallarına göre henüz doğrulanmadı.","Ön yüz kapsamını, yan yüzlerin dışarıda kalmasını, gölge/örtüşme sınırını ve çizim hassasiyetini kontrol edip insan kararını kaydedin.",
P3,image-0072-instance-010,72,20260729_103944(0).jpg,10,4,0.00296806,UNVERIFIED_HUMAN_ANNOTATION,"Bu insan çizimi polygon, görünür ön yüz kurallarına göre henüz doğrulanmadı.","Ön yüz kapsamını, yan yüzlerin dışarıda kalmasını, gölge/örtüşme sınırını ve çizim hassasiyetini kontrol edip insan kararını kaydedin.",
P2,image-0072-instance-011,72,20260729_103944(0).jpg,11,5,0.00202350,CONCAVE_VISIBLE_REGION_REVIEW|MULTISIDED_VISIBLE_REGION_REVIEW|UNVERIFIED_HUMAN_ANNOTATION,Şekil veya görüntü sınırında kesilme fiziksel olarak yorumlanmalı; köşe sayısı tek başına hata değildir.,"Polygonun yalnızca görünen ön yüzü izlediğini, örtücü nesnede/görüntü kenarında durduğunu ve gizli geometri uydurmadığını doğrulayın.",
P3,image-0072-instance-012,72,20260729_103944(0).jpg,12,4,0.00296532,UNVERIFIED_HUMAN_ANNOTATION,"Bu insan çizimi polygon, görünür ön yüz kurallarına göre henüz doğrulanmadı.","Ön yüz kapsamını, yan yüzlerin dışarıda kalmasını, gölge/örtüşme sınırını ve çizim hassasiyetini kontrol edip insan kararını kaydedin.",
P3,image-0072-instance-013,72,20260729_103944(0).jpg,13,4,0.00312924,UNVERIFIED_HUMAN_ANNOTATION,"Bu insan çizimi polygon, görünür ön yüz kurallarına göre henüz doğrulanmadı.","Ön yüz kapsamını, yan yüzlerin dışarıda kalmasını, gölge/örtüşme sınırını ve çizim hassasiyetini kontrol edip insan kararını kaydedin.",
P3,image-0072-instance-014,72,20260729_103944(0).jpg,14,4,0.00341555,UNVERIFIED_HUMAN_ANNOTATION,"Bu insan çizimi polygon, görünür ön yüz kurallarına göre henüz doğrulanmadı.","Ön yüz kapsamını, yan yüzlerin dışarıda kalmasını, gölge/örtüşme sınırını ve çizim hassasiyetini kontrol edip insan kararını kaydedin.",
P3,image-0072-instance-015,72,20260729_103944(0).jpg,15,4,0.00356953,UNVERIFIED_HUMAN_ANNOTATION,"Bu insan çizimi polygon, görünür ön yüz kurallarına göre henüz doğrulanmadı.","Ön yüz kapsamını, yan yüzlerin dışarıda kalmasını, gölge/örtüşme sınırını ve çizim hassasiyetini kontrol edip insan kararını kaydedin.",
P3,image-0072-instance-016,72,20260729_103944(0).jpg,16,4,0.00354240,UNVERIFIED_HUMAN_ANNOTATION,"Bu insan çizimi polygon, görünür ön yüz kurallarına göre henüz doğrulanmadı.","Ön yüz kapsamını, yan yüzlerin dışarıda kalmasını, gölge/örtüşme sınırını ve çizim hassasiyetini kontrol edip insan kararını kaydedin.",
P3,image-0072-instance-017,72,20260729_103944(0).jpg,17,4,0.00375280,UNVERIFIED_HUMAN_ANNOTATION,"Bu insan çizimi polygon, görünür ön yüz kurallarına göre henüz doğrulanmadı.","Ön yüz kapsamını, yan yüzlerin dışarıda kalmasını, gölge/örtüşme sınırını ve çizim hassasiyetini kontrol edip insan kararını kaydedin.",
P3,image-0072-instance-018,72,20260729_103944(0).jpg,18,4,0.00325771,UNVERIFIED_HUMAN_ANNOTATION,"Bu insan çizimi polygon, görünür ön yüz kurallarına göre henüz doğrulanmadı.","Ön yüz kapsamını, yan yüzlerin dışarıda kalmasını, gölge/örtüşme sınırını ve çizim hassasiyetini kontrol edip insan kararını kaydedin.",
P3,image-0072-instance-019,72,20260729_103944(0).jpg,19,4,0.00323425,UNVERIFIED_HUMAN_ANNOTATION,"Bu insan çizimi polygon, görünür ön yüz kurallarına göre henüz doğrulanmadı.","Ön yüz kapsamını, yan yüzlerin dışarıda kalmasını, gölge/örtüşme sınırını ve çizim hassasiyetini kontrol edip insan kararını kaydedin.",
P3,image-0072-instance-020,72,20260729_103944(0).jpg,20,4,0.00302605,UNVERIFIED_HUMAN_ANNOTATION,"Bu insan çizimi polygon, görünür ön yüz kurallarına göre henüz doğrulanmadı.","Ön yüz kapsamını, yan yüzlerin dışarıda kalmasını, gölge/örtüşme sınırını ve çizim hassasiyetini kontrol edip insan kararını kaydedin.",
P3,image-0072-instance-021,72,20260729_103944(0).jpg,21,4,0.00356022,UNVERIFIED_HUMAN_ANNOTATION,"Bu insan çizimi polygon, görünür ön yüz kurallarına göre henüz doğrulanmadı.","Ön yüz kapsamını, yan yüzlerin dışarıda kalmasını, gölge/örtüşme sınırını ve çizim hassasiyetini kontrol edip insan kararını kaydedin.",
P3,image-0072-instance-022,72,20260729_103944(0).jpg,22,4,0.00351620,UNVERIFIED_HUMAN_ANNOTATION,"Bu insan çizimi polygon, görünür ön yüz kurallarına göre henüz doğrulanmadı.","Ön yüz kapsamını, yan yüzlerin dışarıda kalmasını, gölge/örtüşme sınırını ve çizim hassasiyetini kontrol edip insan kararını kaydedin.",
P3,image-0072-instance-023,72,20260729_103944(0).jpg,23,4,0.00337045,UNVERIFIED_HUMAN_ANNOTATION,"Bu insan çizimi polygon, görünür ön yüz kurallarına göre henüz doğrulanmadı.","Ön yüz kapsamını, yan yüzlerin dışarıda kalmasını, gölge/örtüşme sınırını ve çizim hassasiyetini kontrol edip insan kararını kaydedin.",
P3,image-0072-instance-024,72,20260729_103944(0).jpg,24,4,0.00356257,UNVERIFIED_HUMAN_ANNOTATION,"Bu insan çizimi polygon, görünür ön yüz kurallarına göre henüz doğrulanmadı.","Ön yüz kapsamını, yan yüzlerin dışarıda kalmasını, gölge/örtüşme sınırını ve çizim hassasiyetini kontrol edip insan kararını kaydedin.",
P3,image-0072-instance-025,72,20260729_103944(0).jpg,25,4,0.00344731,UNVERIFIED_HUMAN_ANNOTATION,"Bu insan çizimi polygon, görünür ön yüz kurallarına göre henüz doğrulanmadı.","Ön yüz kapsamını, yan yüzlerin dışarıda kalmasını, gölge/örtüşme sınırını ve çizim hassasiyetini kontrol edip insan kararını kaydedin.",
P3,image-0072-instance-026,72,20260729_103944(0).jpg,26,4,0.00386505,UNVERIFIED_HUMAN_ANNOTATION,"Bu insan çizimi polygon, görünür ön yüz kurallarına göre henüz doğrulanmadı.","Ön yüz kapsamını, yan yüzlerin dışarıda kalmasını, gölge/örtüşme sınırını ve çizim hassasiyetini kontrol edip insan kararını kaydedin.",
P3,image-0072-instance-027,72,20260729_103944(0).jpg,27,4,0.00428010,UNVERIFIED_HUMAN_ANNOTATION,"Bu insan çizimi polygon, görünür ön yüz kurallarına göre henüz doğrulanmadı.","Ön yüz kapsamını, yan yüzlerin dışarıda kalmasını, gölge/örtüşme sınırını ve çizim hassasiyetini kontrol edip insan kararını kaydedin.",
P3,image-0072-instance-028,72,20260729_103944(0).jpg,28,4,0.00402627,UNVERIFIED_HUMAN_ANNOTATION,"Bu insan çizimi polygon, görünür ön yüz kurallarına göre henüz doğrulanmadı.","Ön yüz kapsamını, yan yüzlerin dışarıda kalmasını, gölge/örtüşme sınırını ve çizim hassasiyetini kontrol edip insan kararını kaydedin.",
P3,image-0072-instance-029,72,20260729_103944(0).jpg,29,4,0.00433224,UNVERIFIED_HUMAN_ANNOTATION,"Bu insan çizimi polygon, görünür ön yüz kurallarına göre henüz doğrulanmadı.","Ön yüz kapsamını, yan yüzlerin dışarıda kalmasını, gölge/örtüşme sınırını ve çizim hassasiyetini kontrol edip insan kararını kaydedin.",
P3,image-0072-instance-030,72,20260729_103944(0).jpg,30,4,0.00337383,UNVERIFIED_HUMAN_ANNOTATION,"Bu insan çizimi polygon, görünür ön yüz kurallarına göre henüz doğrulanmadı.","Ön yüz kapsamını, yan yüzlerin dışarıda kalmasını, gölge/örtüşme sınırını ve çizim hassasiyetini kontrol edip insan kararını kaydedin.",
P3,image-0072-instance-031,72,20260729_103944(0).jpg,31,4,0.00342641,UNVERIFIED_HUMAN_ANNOTATION,"Bu insan çizimi polygon, görünür ön yüz kurallarına göre henüz doğrulanmadı.","Ön yüz kapsamını, yan yüzlerin dışarıda kalmasını, gölge/örtüşme sınırını ve çizim hassasiyetini kontrol edip insan kararını kaydedin.",
P3,image-0072-instance-032,72,20260729_103944(0).jpg,32,4,0.00360805,UNVERIFIED_HUMAN_ANNOTATION,"Bu insan çizimi polygon, görünür ön yüz kurallarına göre henüz doğrulanmadı.","Ön yüz kapsamını, yan yüzlerin dışarıda kalmasını, gölge/örtüşme sınırını ve çizim hassasiyetini kontrol edip insan kararını kaydedin.",
P3,image-0072-instance-033,72,20260729_103944(0).jpg,33,4,0.00347747,UNVERIFIED_HUMAN_ANNOTATION,"Bu insan çizimi polygon, görünür ön yüz kurallarına göre henüz doğrulanmadı.","Ön yüz kapsamını, yan yüzlerin dışarıda kalmasını, gölge/örtüşme sınırını ve çizim hassasiyetini kontrol edip insan kararını kaydedin.",
P3,image-0072-instance-034,72,20260729_103944(0).jpg,34,4,0.00446990,UNVERIFIED_HUMAN_ANNOTATION,"Bu insan çizimi polygon, görünür ön yüz kurallarına göre henüz doğrulanmadı.","Ön yüz kapsamını, yan yüzlerin dışarıda kalmasını, gölge/örtüşme sınırını ve çizim hassasiyetini kontrol edip insan kararını kaydedin.",
P2,image-0072-instance-035,72,20260729_103944(0).jpg,35,5,0.00319228,CONCAVE_VISIBLE_REGION_REVIEW|MULTISIDED_VISIBLE_REGION_REVIEW|UNVERIFIED_HUMAN_ANNOTATION,Şekil veya görüntü sınırında kesilme fiziksel olarak yorumlanmalı; köşe sayısı tek başına hata değildir.,"Polygonun yalnızca görünen ön yüzü izlediğini, örtücü nesnede/görüntü kenarında durduğunu ve gizli geometri uydurmadığını doğrulayın.",
P3,image-0072-instance-036,72,20260729_103944(0).jpg,36,4,0.00638094,UNVERIFIED_HUMAN_ANNOTATION,"Bu insan çizimi polygon, görünür ön yüz kurallarına göre henüz doğrulanmadı.","Ön yüz kapsamını, yan yüzlerin dışarıda kalmasını, gölge/örtüşme sınırını ve çizim hassasiyetini kontrol edip insan kararını kaydedin.",
P2,image-0072-instance-037,72,20260729_103944(0).jpg,37,5,0.00590878,CONCAVE_VISIBLE_REGION_REVIEW|MULTISIDED_VISIBLE_REGION_REVIEW|UNVERIFIED_HUMAN_ANNOTATION,Şekil veya görüntü sınırında kesilme fiziksel olarak yorumlanmalı; köşe sayısı tek başına hata değildir.,"Polygonun yalnızca görünen ön yüzü izlediğini, örtücü nesnede/görüntü kenarında durduğunu ve gizli geometri uydurmadığını doğrulayın.",
P3,image-0072-instance-038,72,20260729_103944(0).jpg,38,4,0.00753082,UNVERIFIED_HUMAN_ANNOTATION,"Bu insan çizimi polygon, görünür ön yüz kurallarına göre henüz doğrulanmadı.","Ön yüz kapsamını, yan yüzlerin dışarıda kalmasını, gölge/örtüşme sınırını ve çizim hassasiyetini kontrol edip insan kararını kaydedin.",
P3,image-0072-instance-039,72,20260729_103944(0).jpg,39,4,0.00793697,UNVERIFIED_HUMAN_ANNOTATION,"Bu insan çizimi polygon, görünür ön yüz kurallarına göre henüz doğrulanmadı.","Ön yüz kapsamını, yan yüzlerin dışarıda kalmasını, gölge/örtüşme sınırını ve çizim hassasiyetini kontrol edip insan kararını kaydedin.",
P3,image-0072-instance-040,72,20260729_103944(0).jpg,40,4,0.00669061,UNVERIFIED_HUMAN_ANNOTATION,"Bu insan çizimi polygon, görünür ön yüz kurallarına göre henüz doğrulanmadı.","Ön yüz kapsamını, yan yüzlerin dışarıda kalmasını, gölge/örtüşme sınırını ve çizim hassasiyetini kontrol edip insan kararını kaydedin.",
P3,image-0072-instance-041,72,20260729_103944(0).jpg,41,4,0.00743511,UNVERIFIED_HUMAN_ANNOTATION,"Bu insan çizimi polygon, görünür ön yüz kurallarına göre henüz doğrulanmadı.","Ön yüz kapsamını, yan yüzlerin dışarıda kalmasını, gölge/örtüşme sınırını ve çizim hassasiyetini kontrol edip insan kararını kaydedin.",
P3,image-0072-instance-042,72,20260729_103944(0).jpg,42,4,0.00449527,UNVERIFIED_HUMAN_ANNOTATION,"Bu insan çizimi polygon, görünür ön yüz kurallarına göre henüz doğrulanmadı.","Ön yüz kapsamını, yan yüzlerin dışarıda kalmasını, gölge/örtüşme sınırını ve çizim hassasiyetini kontrol edip insan kararını kaydedin.",
P2,image-0072-instance-043,72,20260729_103944(0).jpg,43,7,0.00326276,CONCAVE_VISIBLE_REGION_REVIEW|FRAME_BOUNDARY_TRUNCATION_REVIEW|MULTISIDED_VISIBLE_REGION_REVIEW|UNVERIFIED_HUMAN_ANNOTATION,Şekil veya görüntü sınırında kesilme fiziksel olarak yorumlanmalı; köşe sayısı tek başına hata değildir.,"Polygonun yalnızca görünen ön yüzü izlediğini, örtücü nesnede/görüntü kenarında durduğunu ve gizli geometri uydurmadığını doğrulayın.",
P2,image-0072-instance-044,72,20260729_103944(0).jpg,44,5,0.00239109,CONCAVE_VISIBLE_REGION_REVIEW|MULTISIDED_VISIBLE_REGION_REVIEW|UNVERIFIED_HUMAN_ANNOTATION,Şekil veya görüntü sınırında kesilme fiziksel olarak yorumlanmalı; köşe sayısı tek başına hata değildir.,"Polygonun yalnızca görünen ön yüzü izlediğini, örtücü nesnede/görüntü kenarında durduğunu ve gizli geometri uydurmadığını doğrulayın.",
P3,image-0072-instance-045,72,20260729_103944(0).jpg,45,4,0.00280902,UNVERIFIED_HUMAN_ANNOTATION,"Bu insan çizimi polygon, görünür ön yüz kurallarına göre henüz doğrulanmadı.","Ön yüz kapsamını, yan yüzlerin dışarıda kalmasını, gölge/örtüşme sınırını ve çizim hassasiyetini kontrol edip insan kararını kaydedin.",
P2,image-0072-instance-046,72,20260729_103944(0).jpg,46,6,0.00195933,CONCAVE_VISIBLE_REGION_REVIEW|MULTISIDED_VISIBLE_REGION_REVIEW|UNVERIFIED_HUMAN_ANNOTATION,Şekil veya görüntü sınırında kesilme fiziksel olarak yorumlanmalı; köşe sayısı tek başına hata değildir.,"Polygonun yalnızca görünen ön yüzü izlediğini, örtücü nesnede/görüntü kenarında durduğunu ve gizli geometri uydurmadığını doğrulayın.",
P3,image-0073-instance-001,73,20260729_103947.jpg,1,4,0.00255093,UNVERIFIED_HUMAN_ANNOTATION,"Bu insan çizimi polygon, görünür ön yüz kurallarına göre henüz doğrulanmadı.","Ön yüz kapsamını, yan yüzlerin dışarıda kalmasını, gölge/örtüşme sınırını ve çizim hassasiyetini kontrol edip insan kararını kaydedin.",
P3,image-0073-instance-002,73,20260729_103947.jpg,2,4,0.00260642,UNVERIFIED_HUMAN_ANNOTATION,"Bu insan çizimi polygon, görünür ön yüz kurallarına göre henüz doğrulanmadı.","Ön yüz kapsamını, yan yüzlerin dışarıda kalmasını, gölge/örtüşme sınırını ve çizim hassasiyetini kontrol edip insan kararını kaydedin.",
P3,image-0073-instance-003,73,20260729_103947.jpg,3,4,0.00265813,UNVERIFIED_HUMAN_ANNOTATION,"Bu insan çizimi polygon, görünür ön yüz kurallarına göre henüz doğrulanmadı.","Ön yüz kapsamını, yan yüzlerin dışarıda kalmasını, gölge/örtüşme sınırını ve çizim hassasiyetini kontrol edip insan kararını kaydedin.",
P3,image-0073-instance-004,73,20260729_103947.jpg,4,4,0.00285873,UNVERIFIED_HUMAN_ANNOTATION,"Bu insan çizimi polygon, görünür ön yüz kurallarına göre henüz doğrulanmadı.","Ön yüz kapsamını, yan yüzlerin dışarıda kalmasını, gölge/örtüşme sınırını ve çizim hassasiyetini kontrol edip insan kararını kaydedin.",
P3,image-0073-instance-005,73,20260729_103947.jpg,5,4,0.00282131,UNVERIFIED_HUMAN_ANNOTATION,"Bu insan çizimi polygon, görünür ön yüz kurallarına göre henüz doğrulanmadı.","Ön yüz kapsamını, yan yüzlerin dışarıda kalmasını, gölge/örtüşme sınırını ve çizim hassasiyetini kontrol edip insan kararını kaydedin.",
P3,image-0073-instance-006,73,20260729_103947.jpg,6,4,0.00313590,UNVERIFIED_HUMAN_ANNOTATION,"Bu insan çizimi polygon, görünür ön yüz kurallarına göre henüz doğrulanmadı.","Ön yüz kapsamını, yan yüzlerin dışarıda kalmasını, gölge/örtüşme sınırını ve çizim hassasiyetini kontrol edip insan kararını kaydedin.",
P3,image-0073-instance-007,73,20260729_103947.jpg,7,4,0.00307887,UNVERIFIED_HUMAN_ANNOTATION,"Bu insan çizimi polygon, görünür ön yüz kurallarına göre henüz doğrulanmadı.","Ön yüz kapsamını, yan yüzlerin dışarıda kalmasını, gölge/örtüşme sınırını ve çizim hassasiyetini kontrol edip insan kararını kaydedin.",
P3,image-0073-instance-008,73,20260729_103947.jpg,8,4,0.00288157,UNVERIFIED_HUMAN_ANNOTATION,"Bu insan çizimi polygon, görünür ön yüz kurallarına göre henüz doğrulanmadı.","Ön yüz kapsamını, yan yüzlerin dışarıda kalmasını, gölge/örtüşme sınırını ve çizim hassasiyetini kontrol edip insan kararını kaydedin.",
P3,image-0073-instance-009,73,20260729_103947.jpg,9,4,0.00253515,UNVERIFIED_HUMAN_ANNOTATION,"Bu insan çizimi polygon, görünür ön yüz kurallarına göre henüz doğrulanmadı.","Ön yüz kapsamını, yan yüzlerin dışarıda kalmasını, gölge/örtüşme sınırını ve çizim hassasiyetini kontrol edip insan kararını kaydedin.",
P3,image-0073-instance-010,73,20260729_103947.jpg,10,4,0.00287416,UNVERIFIED_HUMAN_ANNOTATION,"Bu insan çizimi polygon, görünür ön yüz kurallarına göre henüz doğrulanmadı.","Ön yüz kapsamını, yan yüzlerin dışarıda kalmasını, gölge/örtüşme sınırını ve çizim hassasiyetini kontrol edip insan kararını kaydedin.",
P2,image-0073-instance-011,73,20260729_103947.jpg,11,5,0.00213011,CONCAVE_VISIBLE_REGION_REVIEW|MULTISIDED_VISIBLE_REGION_REVIEW|UNVERIFIED_HUMAN_ANNOTATION,Şekil veya görüntü sınırında kesilme fiziksel olarak yorumlanmalı; köşe sayısı tek başına hata değildir.,"Polygonun yalnızca görünen ön yüzü izlediğini, örtücü nesnede/görüntü kenarında durduğunu ve gizli geometri uydurmadığını doğrulayın.",
P3,image-0073-instance-012,73,20260729_103947.jpg,12,4,0.00277478,UNVERIFIED_HUMAN_ANNOTATION,"Bu insan çizimi polygon, görünür ön yüz kurallarına göre henüz doğrulanmadı.","Ön yüz kapsamını, yan yüzlerin dışarıda kalmasını, gölge/örtüşme sınırını ve çizim hassasiyetini kontrol edip insan kararını kaydedin.",
P3,image-0073-instance-013,73,20260729_103947.jpg,13,4,0.00289452,UNVERIFIED_HUMAN_ANNOTATION,"Bu insan çizimi polygon, görünür ön yüz kurallarına göre henüz doğrulanmadı.","Ön yüz kapsamını, yan yüzlerin dışarıda kalmasını, gölge/örtüşme sınırını ve çizim hassasiyetini kontrol edip insan kararını kaydedin.",
P3,image-0073-instance-014,73,20260729_103947.jpg,14,4,0.00321963,UNVERIFIED_HUMAN_ANNOTATION,"Bu insan çizimi polygon, görünür ön yüz kurallarına göre henüz doğrulanmadı.","Ön yüz kapsamını, yan yüzlerin dışarıda kalmasını, gölge/örtüşme sınırını ve çizim hassasiyetini kontrol edip insan kararını kaydedin.",
P3,image-0073-instance-015,73,20260729_103947.jpg,15,4,0.00329814,UNVERIFIED_HUMAN_ANNOTATION,"Bu insan çizimi polygon, görünür ön yüz kurallarına göre henüz doğrulanmadı.","Ön yüz kapsamını, yan yüzlerin dışarıda kalmasını, gölge/örtüşme sınırını ve çizim hassasiyetini kontrol edip insan kararını kaydedin.",
P3,image-0073-instance-016,73,20260729_103947.jpg,16,4,0.00326329,UNVERIFIED_HUMAN_ANNOTATION,"Bu insan çizimi polygon, görünür ön yüz kurallarına göre henüz doğrulanmadı.","Ön yüz kapsamını, yan yüzlerin dışarıda kalmasını, gölge/örtüşme sınırını ve çizim hassasiyetini kontrol edip insan kararını kaydedin.",
P2,image-0073-instance-017,73,20260729_103947.jpg,17,5,0.00216411,FRAME_BOUNDARY_TRUNCATION_REVIEW|MULTISIDED_VISIBLE_REGION_REVIEW|UNVERIFIED_HUMAN_ANNOTATION,Şekil veya görüntü sınırında kesilme fiziksel olarak yorumlanmalı; köşe sayısı tek başına hata değildir.,"Polygonun yalnızca görünen ön yüzü izlediğini, örtücü nesnede/görüntü kenarında durduğunu ve gizli geometri uydurmadığını doğrulayın.",
P3,image-0073-instance-018,73,20260729_103947.jpg,18,4,0.00317166,UNVERIFIED_HUMAN_ANNOTATION,"Bu insan çizimi polygon, görünür ön yüz kurallarına göre henüz doğrulanmadı.","Ön yüz kapsamını, yan yüzlerin dışarıda kalmasını, gölge/örtüşme sınırını ve çizim hassasiyetini kontrol edip insan kararını kaydedin.",
P3,image-0073-instance-019,73,20260729_103947.jpg,19,4,0.00302536,UNVERIFIED_HUMAN_ANNOTATION,"Bu insan çizimi polygon, görünür ön yüz kurallarına göre henüz doğrulanmadı.","Ön yüz kapsamını, yan yüzlerin dışarıda kalmasını, gölge/örtüşme sınırını ve çizim hassasiyetini kontrol edip insan kararını kaydedin.",
P3,image-0073-instance-020,73,20260729_103947.jpg,20,4,0.00286250,UNVERIFIED_HUMAN_ANNOTATION,"Bu insan çizimi polygon, görünür ön yüz kurallarına göre henüz doğrulanmadı.","Ön yüz kapsamını, yan yüzlerin dışarıda kalmasını, gölge/örtüşme sınırını ve çizim hassasiyetini kontrol edip insan kararını kaydedin.",
P3,image-0073-instance-021,73,20260729_103947.jpg,21,4,0.00333200,UNVERIFIED_HUMAN_ANNOTATION,"Bu insan çizimi polygon, görünür ön yüz kurallarına göre henüz doğrulanmadı.","Ön yüz kapsamını, yan yüzlerin dışarıda kalmasını, gölge/örtüşme sınırını ve çizim hassasiyetini kontrol edip insan kararını kaydedin.",
P2,image-0073-instance-022,73,20260729_103947.jpg,22,4,0.00241539,FRAME_BOUNDARY_TRUNCATION_REVIEW|UNVERIFIED_HUMAN_ANNOTATION,Şekil veya görüntü sınırında kesilme fiziksel olarak yorumlanmalı; köşe sayısı tek başına hata değildir.,"Polygonun yalnızca görünen ön yüzü izlediğini, örtücü nesnede/görüntü kenarında durduğunu ve gizli geometri uydurmadığını doğrulayın.",
P3,image-0073-instance-023,73,20260729_103947.jpg,23,4,0.00407332,UNVERIFIED_HUMAN_ANNOTATION,"Bu insan çizimi polygon, görünür ön yüz kurallarına göre henüz doğrulanmadı.","Ön yüz kapsamını, yan yüzlerin dışarıda kalmasını, gölge/örtüşme sınırını ve çizim hassasiyetini kontrol edip insan kararını kaydedin.",
P3,image-0073-instance-024,73,20260729_103947.jpg,24,4,0.00366959,UNVERIFIED_HUMAN_ANNOTATION,"Bu insan çizimi polygon, görünür ön yüz kurallarına göre henüz doğrulanmadı.","Ön yüz kapsamını, yan yüzlerin dışarıda kalmasını, gölge/örtüşme sınırını ve çizim hassasiyetini kontrol edip insan kararını kaydedin.",
P3,image-0073-instance-025,73,20260729_103947.jpg,25,4,0.00401574,UNVERIFIED_HUMAN_ANNOTATION,"Bu insan çizimi polygon, görünür ön yüz kurallarına göre henüz doğrulanmadı.","Ön yüz kapsamını, yan yüzlerin dışarıda kalmasını, gölge/örtüşme sınırını ve çizim hassasiyetini kontrol edip insan kararını kaydedin.",
P3,image-0073-instance-026,73,20260729_103947.jpg,26,4,0.00374601,UNVERIFIED_HUMAN_ANNOTATION,"Bu insan çizimi polygon, görünür ön yüz kurallarına göre henüz doğrulanmadı.","Ön yüz kapsamını, yan yüzlerin dışarıda kalmasını, gölge/örtüşme sınırını ve çizim hassasiyetini kontrol edip insan kararını kaydedin.",
P3,image-0073-instance-027,73,20260729_103947.jpg,27,4,0.00332634,UNVERIFIED_HUMAN_ANNOTATION,"Bu insan çizimi polygon, görünür ön yüz kurallarına göre henüz doğrulanmadı.","Ön yüz kapsamını, yan yüzlerin dışarıda kalmasını, gölge/örtüşme sınırını ve çizim hassasiyetini kontrol edip insan kararını kaydedin.",
P3,image-0073-instance-028,73,20260729_103947.jpg,28,4,0.00331354,UNVERIFIED_HUMAN_ANNOTATION,"Bu insan çizimi polygon, görünür ön yüz kurallarına göre henüz doğrulanmadı.","Ön yüz kapsamını, yan yüzlerin dışarıda kalmasını, gölge/örtüşme sınırını ve çizim hassasiyetini kontrol edip insan kararını kaydedin.",
P3,image-0073-instance-029,73,20260729_103947.jpg,29,4,0.00321010,UNVERIFIED_HUMAN_ANNOTATION,"Bu insan çizimi polygon, görünür ön yüz kurallarına göre henüz doğrulanmadı.","Ön yüz kapsamını, yan yüzlerin dışarıda kalmasını, gölge/örtüşme sınırını ve çizim hassasiyetini kontrol edip insan kararını kaydedin.",
P3,image-0073-instance-030,73,20260729_103947.jpg,30,4,0.00442532,UNVERIFIED_HUMAN_ANNOTATION,"Bu insan çizimi polygon, görünür ön yüz kurallarına göre henüz doğrulanmadı.","Ön yüz kapsamını, yan yüzlerin dışarıda kalmasını, gölge/örtüşme sınırını ve çizim hassasiyetini kontrol edip insan kararını kaydedin.",
P2,image-0073-instance-031,73,20260729_103947.jpg,31,5,0.00324928,CONCAVE_VISIBLE_REGION_REVIEW|MULTISIDED_VISIBLE_REGION_REVIEW|UNVERIFIED_HUMAN_ANNOTATION,Şekil veya görüntü sınırında kesilme fiziksel olarak yorumlanmalı; köşe sayısı tek başına hata değildir.,"Polygonun yalnızca görünen ön yüzü izlediğini, örtücü nesnede/görüntü kenarında durduğunu ve gizli geometri uydurmadığını doğrulayın.",
P3,image-0073-instance-032,73,20260729_103947.jpg,32,4,0.00353509,UNVERIFIED_HUMAN_ANNOTATION,"Bu insan çizimi polygon, görünür ön yüz kurallarına göre henüz doğrulanmadı.","Ön yüz kapsamını, yan yüzlerin dışarıda kalmasını, gölge/örtüşme sınırını ve çizim hassasiyetini kontrol edip insan kararını kaydedin.",
P3,image-0073-instance-033,73,20260729_103947.jpg,33,4,0.00335142,UNVERIFIED_HUMAN_ANNOTATION,"Bu insan çizimi polygon, görünür ön yüz kurallarına göre henüz doğrulanmadı.","Ön yüz kapsamını, yan yüzlerin dışarıda kalmasını, gölge/örtüşme sınırını ve çizim hassasiyetini kontrol edip insan kararını kaydedin.",
P3,image-0073-instance-034,73,20260729_103947.jpg,34,4,0.00340930,UNVERIFIED_HUMAN_ANNOTATION,"Bu insan çizimi polygon, görünür ön yüz kurallarına göre henüz doğrulanmadı.","Ön yüz kapsamını, yan yüzlerin dışarıda kalmasını, gölge/örtüşme sınırını ve çizim hassasiyetini kontrol edip insan kararını kaydedin.",
P3,image-0073-instance-035,73,20260729_103947.jpg,35,4,0.00342005,UNVERIFIED_HUMAN_ANNOTATION,"Bu insan çizimi polygon, görünür ön yüz kurallarına göre henüz doğrulanmadı.","Ön yüz kapsamını, yan yüzlerin dışarıda kalmasını, gölge/örtüşme sınırını ve çizim hassasiyetini kontrol edip insan kararını kaydedin.",
P2,image-0073-instance-036,73,20260729_103947.jpg,36,5,0.00261180,CONCAVE_VISIBLE_REGION_REVIEW|MULTISIDED_VISIBLE_REGION_REVIEW|UNVERIFIED_HUMAN_ANNOTATION,Şekil veya görüntü sınırında kesilme fiziksel olarak yorumlanmalı; köşe sayısı tek başına hata değildir.,"Polygonun yalnızca görünen ön yüzü izlediğini, örtücü nesnede/görüntü kenarında durduğunu ve gizli geometri uydurmadığını doğrulayın.",
P3,image-0073-instance-037,73,20260729_103947.jpg,37,4,0.00635780,UNVERIFIED_HUMAN_ANNOTATION,"Bu insan çizimi polygon, görünür ön yüz kurallarına göre henüz doğrulanmadı.","Ön yüz kapsamını, yan yüzlerin dışarıda kalmasını, gölge/örtüşme sınırını ve çizim hassasiyetini kontrol edip insan kararını kaydedin.",
P2,image-0073-instance-038,73,20260729_103947.jpg,38,5,0.00607460,CONCAVE_VISIBLE_REGION_REVIEW|MULTISIDED_VISIBLE_REGION_REVIEW|UNVERIFIED_HUMAN_ANNOTATION,Şekil veya görüntü sınırında kesilme fiziksel olarak yorumlanmalı; köşe sayısı tek başına hata değildir.,"Polygonun yalnızca görünen ön yüzü izlediğini, örtücü nesnede/görüntü kenarında durduğunu ve gizli geometri uydurmadığını doğrulayın.",
P3,image-0073-instance-039,73,20260729_103947.jpg,39,4,0.00746017,UNVERIFIED_HUMAN_ANNOTATION,"Bu insan çizimi polygon, görünür ön yüz kurallarına göre henüz doğrulanmadı.","Ön yüz kapsamını, yan yüzlerin dışarıda kalmasını, gölge/örtüşme sınırını ve çizim hassasiyetini kontrol edip insan kararını kaydedin.",
P3,image-0073-instance-040,73,20260729_103947.jpg,40,4,0.00783300,UNVERIFIED_HUMAN_ANNOTATION,"Bu insan çizimi polygon, görünür ön yüz kurallarına göre henüz doğrulanmadı.","Ön yüz kapsamını, yan yüzlerin dışarıda kalmasını, gölge/örtüşme sınırını ve çizim hassasiyetini kontrol edip insan kararını kaydedin.",
P2,image-0073-instance-041,73,20260729_103947.jpg,41,6,0.00616212,CONCAVE_VISIBLE_REGION_REVIEW|MULTISIDED_VISIBLE_REGION_REVIEW|UNVERIFIED_HUMAN_ANNOTATION,Şekil veya görüntü sınırında kesilme fiziksel olarak yorumlanmalı; köşe sayısı tek başına hata değildir.,"Polygonun yalnızca görünen ön yüzü izlediğini, örtücü nesnede/görüntü kenarında durduğunu ve gizli geometri uydurmadığını doğrulayın.",
P3,image-0073-instance-042,73,20260729_103947.jpg,42,4,0.00629690,UNVERIFIED_HUMAN_ANNOTATION,"Bu insan çizimi polygon, görünür ön yüz kurallarına göre henüz doğrulanmadı.","Ön yüz kapsamını, yan yüzlerin dışarıda kalmasını, gölge/örtüşme sınırını ve çizim hassasiyetini kontrol edip insan kararını kaydedin.",
