annotation_instances,annotation_status,aspect_ratio,blur_laplacian_variance,bright_fraction,brightness_mean,bytes,capture_time,channels,confidence_mean,confidence_median,contrast_std,count_rank,crowding_iou_fraction,crowding_rank,dark_fraction,detection_count_low,detection_count_standard,distance_rank,error,filename,height,low_confidence_fraction,min_phash_distance_to_accepted,minimum_box_area_fraction,ood_rank,ood_score,phash_hex,readable,scene_group,selection_reason,selection_score,sha256,small_face_fraction,small_face_rank,split,uncertainty_rank,width
0,UNLABELED,0.75,687.764957362655,0.007445017496744792,70.73913701375325,2230589,2026-07-29T10:22:01,3,0.417523592710495,0.37676966190338135,57.706335238692674,0.32589285714285715,0.047619047619047616,0.71875,0.13076655069986978,22,7,0.6316964285714286,,20260729_102201.jpg,4000,0.6818181818181818,22,0.002336667850613594,0.9352678571428571,1.5043109303211673,24dc349ec66743a3,True,scene-0022,dusuk_guven;kucuk_uzak_yuzler;aykiri_aydinlatma_netlik_veya_kadraj,0.7734375,dd18f857116a77b817b5b86729e06bbf448ca46d43b47deb8b7df59f15a6349a,1.0,0.9977678571428571,unlabeled_pool,0.96875,3000
0,UNLABELED,0.75,715.1799935694368,0.00823974609375,70.12597274780273,2245994,2026-07-29T10:22:00,3,0.4941750168800354,0.4748188853263855,58.10779261597109,0.3705357142857143,0.07142857142857142,0.8147321428571429,0.13070042928059897,21,8,0.6294642857142857,,20260729_102200(0).jpg,4000,0.6190476190476191,22,0.0022336982656270266,0.9330357142857143,1.499566255346531,68d835f0c64743a7,True,scene-0022,dusuk_guven;kucuk_uzak_yuzler;ortusen_yuzler,0.7688392857142858,136a793e1531cdd53c3f3e0eae371c7b9a7c96d50513de994479fd2a1206aa8a,1.0,0.9933035714285714,unlabeled_pool,0.890625,3000
0,UNLABELED,0.75,115.3104578659598,0.009385426839192709,81.28712336222331,1572663,2026-07-29T10:38:03,3,0.4530141353607178,0.37555813789367676,56.11172880894592,0.6651785714285714,0.022792022792022793,0.6294642857142857,0.020056406656901043,55,27,0.9642857142857143,,20260729_103803.jpg,4000,0.509090909090909,24,0.01016449648886919,0.828125,1.0166212161483743,6d821d8f4cd91669,True,scene-0038,dusuk_guven;aykiri_aydinlatma_netlik_veya_kadraj;mevcut_etiketlerden_gorsel_olarak_uzak,0.7570089285714285,b3bba87cf1a901020575329d0861e5fbb0567826f54a457b00f3d34307fd9abc,0.0,0.6004464285714286,unlabeled_pool,0.8169642857142857,3000
0,UNLABELED,0.75,295.2479432427984,0.02802276611328125,97.7293332417806,1522967,2026-07-29T10:28:57,3,0.39416489005088806,0.3175659477710724,51.17348829810138,0.3482142857142857,0.14285714285714285,0.9397321428571429,0.018870035807291668,16,7,0.8950892857142857,,20260729_102857.jpg,4000,0.5625,24,0.0028781492728739977,0.49330357142857145,0.68028539105237,69a678f6eb9141c0,True,scene-0034,dusuk_guven;kucuk_uzak_yuzler;ortusen_yuzler,0.7330803571428571,52aa5110124768c5df1252a8e34c33df5c74f2c808a00d69dd9ed11b7d7ecfed,0.2857142857142857,0.8883928571428571,unlabeled_pool,0.9241071428571429,3000
0,UNLABELED,0.75,526.1216314738704,0.004430135091145833,61.849290211995445,2169413,2026-07-29T10:21:58,3,0.4390493333339691,0.4021434485912323,54.72899553899804,0.4799107142857143,0.05454545454545454,0.7455357142857143,0.1380335489908854,24,11,0.16517857142857142,,20260729_102158.jpg,4000,0.5416666666666666,16,0.0019898954778909683,0.9553571428571429,1.6711446810001669,2bf9d1a5d41825c3,True,scene-0022,dusuk_guven;kucuk_uzak_yuzler;aykiri_aydinlatma_netlik_veya_kadraj,0.7238392857142858,c340fbaa1b72d38399e9e53e7135c8736452b6cd7b4eb2c19c597c393c19ef00,1.0,0.9866071428571429,unlabeled_pool,0.8660714285714286,3000
0,UNLABELED,0.75,537.9463784171179,0.004002888997395833,60.37363306681315,1937620,2026-07-29T10:21:56,3,0.4480924904346466,0.43798723816871643,52.75789360032902,0.24553571428571427,0.06666666666666667,0.7678571428571429,0.1133588155110677,15,6,0.4174107142857143,,20260729_102156.jpg,4000,0.6,20,0.0017030044691637158,0.9709821428571429,1.7169133255182207,52c9a7849a1a2dd7,True,scene-0022,dusuk_guven;kucuk_uzak_yuzler;ortusen_yuzler,0.7229017857142858,01c0bd974116d97732f3cb3ecd8eef35c20244f2a0b279b87685dcc867fd707d,1.0,0.984375,unlabeled_pool,0.90625,3000
0,UNLABELED,0.75,363.69242780678724,0.04033025105794271,117.55225372314453,2487320,2026-07-29T10:37:43,3,0.6075976490974426,0.5496183037757874,55.55227571279322,0.65625,0.017094017094017096,0.5758928571428571,0.0,73,27,0.9397321428571429,,20260729_103743.jpg,4000,0.6301369863013698,24,0.0032593682408332825,0.8013392857142857,0.9335802995410509,776ac29c8188e1d7,True,scene-0038,dusuk_guven;aykiri_aydinlatma_netlik_veya_kadraj;mevcut_etiketlerden_gorsel_olarak_uzak,0.7185714285714286,ff11dfd4ba2dac3fe791b905d7d0f0a81f1f62b74426f1be3b3bd4ef76f0ff37,0.0,0.5223214285714286,unlabeled_pool,0.7700892857142857,3000
0,UNLABELED,0.75,218.9306181866882,0.015476226806640625,82.17404683430989,1732069,2026-07-29T10:38:02,3,0.499651700258255,0.4672859311103821,55.4418214826355,0.6361607142857143,0.014492753623188406,0.5200892857142857,0.005738576253255208,69,24,0.9620535714285714,,20260729_103802(0).jpg,4000,0.6521739130434783,24,0.007501207757741213,0.5111607142857143,0.686505513028862,15fa04fb26816e35,True,scene-0038,dusuk_guven;mevcut_etiketlerden_gorsel_olarak_uzak,0.7139732142857143,72d22264a76070658fb9de93e2779da5f9597a063f0784b60a1a6f4d8c7ebde5,0.0,0.59375,unlabeled_pool,0.9084821428571429,3000
0,UNLABELED,0.75,115.37633169321958,0.017759958902994793,84.17139561971028,1580131,2026-07-29T10:38:02,3,0.520127534866333,0.4498670995235443,55.53587490537821,0.6428571428571429,0.013333333333333334,0.47544642857142855,0.0036379496256510415,61,25,0.796875,,20260729_103802.jpg,4000,0.5901639344262295,22,0.006279901601374149,0.7834821428571429,0.9176012201648365,50bb54ab26e12e55,True,scene-0038,dusuk_guven;aykiri_aydinlatma_netlik_veya_kadraj;mevcut_etiketlerden_gorsel_olarak_uzak,0.7139732142857143,f0081f67513ab591bd34f58c4f68b9fbc24a0c4144100534d96c283443a7ab78,0.0,0.5982142857142857,unlabeled_pool,0.8325892857142857,3000
0,UNLABELED,0.75,2008.2730382274215,0.015612284342447916,81.5690066019694,4277265,2026-07-29T10:38:23,3,0.5305355191230774,0.5110805034637451,56.29243700714859,0.6741071428571429,0.021164021164021163,0.609375,0.029942830403645832,79,28,0.5178571428571429,,20260729_103823.jpg,4080,0.6455696202531646,20,0.011905570514500141,0.7633928571428571,0.8899007493266904,1271ad7700d79857,True,scene-0039,dusuk_guven;aykiri_aydinlatma_netlik_veya_kadraj,0.7134821428571428,7803c57708ede65a8de55c7ada9ccd93a6aad2bb7ed46c30e193c4c302a93208,0.0,0.6183035714285714,unlabeled_pool,0.8816964285714286,3060
0,UNLABELED,0.75,445.2221677048498,0.006412506103515625,62.1309560139974,1852659,2026-07-29T10:21:54,3,0.4736766517162323,0.4014661908149719,56.58737555193931,0.24330357142857142,0.06666666666666667,0.765625,0.12022654215494792,14,6,0.41294642857142855,,20260729_102154.jpg,4000,0.5714285714285714,20,0.002019895939156413,0.9754464285714286,1.7386335800148165,5b69a5dc1a1a25c3,True,scene-0022,dusuk_guven;kucuk_uzak_yuzler;ortusen_yuzler,0.7083482142857144,71ad218f17fd07273436fcd44fb0976ca5e341eb82abe6c7dfa72234e05a7eb2,1.0,0.9776785714285714,unlabeled_pool,0.859375,3000
0,UNLABELED,0.75,692.3173939527478,0.048428853352864586,105.11769994099934,3643933,2026-07-29T09:55:53,3,0.47461986541748047,0.40047487616539,56.12003305389754,0.6116071428571429,0.011857707509881422,0.43526785714285715,0.00467681884765625,54,23,0.8727678571428571,,20260729_095553.jpg,4000,0.5740740740740741,24,0.0008687671506777406,0.4107142857142857,0.6192523081154804,2c4436aefc4481fb,True,scene-0017,dusuk_guven;kucuk_uzak_yuzler;mevcut_etiketlerden_gorsel_olarak_uzak,0.707857142857143,1778272024cea115ee56dd1470fe4967821bd04e76677a800d29ea90efdab14c,0.43478260869565216,0.9308035714285714,unlabeled_pool,0.8616071428571429,3000
0,UNLABELED,0.75,487.5833672017846,0.006032307942708333,80.88014094034831,2713662,2026-07-29T10:35:56,3,0.0,0.0,54.97869001254646,0.002232142857142857,0.0,0.20535714285714285,0.11686960856119792,3,0,0.9977678571428571,,20260729_103556.jpg,4000,1.0,26,0.0,0.9196428571428571,1.4376770969275383,68b6c8f8b1b32cc8,True,scene-0037,dusuk_guven;kucuk_uzak_yuzler;aykiri_aydinlatma_netlik_veya_kadraj,0.7078571428571429,a1d3b1de4ed34543de1eaac8f744ae9948fc5f5852de9812b023f4c2376900fd,1.0,1.0,unlabeled_pool,1.0,3000
0,UNLABELED,0.75,657.820934674352,0.005503336588541667,65.46294403076172,2188258,2026-07-29T10:21:59,3,0.6588131785392761,0.6885896325111389,56.232450108223354,0.39732142857142855,0.027777777777777776,0.6517857142857143,0.1321868896484375,29,9,0.41964285714285715,,20260729_102159.jpg,4000,0.6896551724137931,20,0.0018245142418891191,0.9441964285714286,1.5756683905110194,01a949959e1e37cb,True,scene-0022,dusuk_guven;kucuk_uzak_yuzler;aykiri_aydinlatma_netlik_veya_kadraj,0.7048214285714286,976164f4dbc318144af6ef9be982e11869469157ea0d78c69314da51833dd272,1.0,0.9910714285714286,unlabeled_pool,0.7857142857142857,3000
0,UNLABELED,0.75,516.1838635806527,0.005182902018229167,58.09135945638021,2357932,2026-07-29T10:21:56,3,0.45647749304771423,0.4599551558494568,54.36002213144516,0.36607142857142855,0.03571428571428571,0.6830357142857143,0.16109212239583334,21,8,0.011160714285714286,,20260729_102156(0).jpg,4000,0.6190476190476191,8,0.001709523843601346,0.96875,1.7092510357988562,4be993cc9e0a4993,True,scene-0022,dusuk_guven;kucuk_uzak_yuzler;aykiri_aydinlatma_netlik_veya_kadraj,0.692232142857143,a1218660d20b1130f177836b138eacea7be45192750515c46237e6a43bc95ec6,1.0,0.9821428571428571,unlabeled_pool,0.9174107142857143,3000
0,UNLABELED,0.75,463.07122294107444,0.0035107930501302085,60.31775919596354,2426790,2026-07-29T10:22:02,3,0.514863908290863,0.49385401606559753,51.41463413989619,0.44419642857142855,0.06666666666666667,0.7700892857142857,0.12453206380208333,22,10,0.12723214285714285,,20260729_102202.jpg,4000,0.5454545454545454,14,0.001891362713649869,0.9799107142857143,1.8008460009980463,16ea91e5b4186b93,True,scene-0022,dusuk_guven;kucuk_uzak_yuzler;ortusen_yuzler,0.6910267857142859,183ab7f0bafc23b8243bc4abab66f8ab73d9ba6ec61ea4aafc5c5806b68ffa97,0.9,0.9553571428571429,unlabeled_pool,0.7834821428571429,3000
0,UNLABELED,0.75,1702.1960346057638,0.019002278645833332,86.59424718221028,4251947,2026-07-29T10:38:10,3,0.5603145956993103,0.4404885172843933,56.7363267521972,0.7901785714285714,0.009523809523809525,0.3638392857142857,0.004903157552083333,91,36,0.9665178571428571,,20260729_103810.jpg,4080,0.6043956043956044,24,0.0016979085048660636,0.375,0.6001307004823958,7348d7a97225870d,True,scene-0038,dusuk_guven;kalabalik_sahne;mevcut_etiketlerden_gorsel_olarak_uzak,0.6904017857142857,41ba99e0ae96de532fa634ec694b665c842129ce20b0378b540a83d53531164e,0.027777777777777776,0.6785714285714286,unlabeled_pool,0.8035714285714286,3060
0,UNLABELED,0.75,318.6017719941768,0.01952362060546875,86.97096761067708,2442127,2026-07-29T10:38:01,3,0.5098578929901123,0.42984697222709656,56.16990152507694,0.6897321428571429,0.014778325123152709,0.53125,0.0016415913899739583,69,29,0.9598214285714286,,20260729_103801(1).jpg,4000,0.5797101449275363,24,0.0090229706838727,0.42410714285714285,0.6236793071500745,1ce71ee91a9c130d,True,scene-0038,dusuk_guven;mevcut_etiketlerden_gorsel_olarak_uzak,0.6887946428571429,b49825ff6efc92972eccad39b0375a1cbfa1f5b29aa4502cc1f8a278cdc81bba,0.0,0.5870535714285714,unlabeled_pool,0.8303571428571429,3000
0,UNLABELED,0.75,883.3677597787319,0.017027537027994793,114.5288200378418,3205725,2026-07-29T09:55:58,3,0.4325580894947052,0.4080866575241089,50.737600516109346,0.53125,0.01098901098901099,0.40848214285714285,0.001674652099609375,41,14,0.875,,20260729_095558.jpg,4000,0.6585365853658537,24,0.0010499206837266684,0.21428571428571427,0.4969168255563144,2294de64a9ab6399,True,scene-0018,dusuk_guven;kucuk_uzak_yuzler;mevcut_etiketlerden_gorsel_olarak_uzak,0.6882589285714286,c1cd3c2959d0a8e9665f43f6e283372aa862084de43480272b3dc51cfb7bccb5,0.9285714285714286,0.9598214285714286,unlabeled_pool,0.9553571428571429,3000
0,UNLABELED,0.75,100.70742159419588,0.014614105224609375,83.48835754394531,1553639,2026-07-29T10:38:02,3,0.5455408692359924,0.5674474239349365,56.3286818749209,0.640625,0.013333333333333334,0.4732142857142857,0.012137095133463541,47,25,1.0,,20260729_103802(2).jpg,4000,0.46808510638297873,26,0.00780843012034893,0.7946428571428571,0.9276448869753027,25d30dcf6e895e01,True,scene-0038,aykiri_aydinlatma_netlik_veya_kadraj;mevcut_etiketlerden_gorsel_olarak_uzak,0.6841517857142857,9f9757a8b16cf21150edb747c7619b26e16da228f0c9765935650f19404d02ac,0.0,0.5959821428571429,unlabeled_pool,0.6361607142857143,3000
0,UNLABELED,0.75,155.2494567907012,0.019231160481770832,88.40891774495442,1601170,2026-07-29T10:38:01,3,0.5162348747253418,0.46539437770843506,55.969737297457016,0.49776785714285715,0.0,0.21651785714285715,0.0004475911458333333,44,12,0.7924107142857143,,20260729_103801(2).jpg,4000,0.7272727272727273,22,0.006269250530749559,0.7232142857142857,0.8383565499478354,788b3c8952f9037c,True,scene-0038,dusuk_guven;mevcut_etiketlerden_gorsel_olarak_uzak,0.6788839285714288,a5ed98a9b92eac469328142b2f0246a5700807b8131ca1a6a2ebcd8116018395,0.0,0.5892857142857143,unlabeled_pool,0.9441964285714286,3000
0,UNLABELED,0.75,1189.7609966002947,0.025727589925130207,105.6058972676595,3742591,2026-07-29T09:55:01,3,0.4420718252658844,0.3799028992652893,46.024997287643814,0.5558035714285714,0.016666666666666666,0.5691964285714286,0.0053253173828125,42,16,0.23214285714285715,,20260729_095501.jpg,4000,0.6190476190476191,18,0.0007408694364130497,0.45089285714285715,0.637724927888428,68eb0a12e2fe9c8c,True,scene-0015,dusuk_guven;kucuk_uzak_yuzler,0.6640178571428572,62bf207ecf4c129fd29e19530b9048f92733e379ed13dfc600a44de8c618ebe7,1.0,0.9709821428571429,unlabeled_pool,0.9285714285714286,3000
0,UNLABELED,0.75,145.6740641612495,0.03174718221028646,90.3758544921875,1370846,2026-07-29T10:28:49,3,0.5680270195007324,0.5111690759658813,52.23733108255596,0.21205357142857142,0.1,0.8705357142857143,0.03777949015299479,14,5,0.8928571428571429,,20260729_102849(0).jpg,4000,0.6428571428571429,24,0.00749181117862463,0.8861607142857143,1.25922963640613,0be0f6fab38151e0,True,scene-0034,dusuk_guven;ortusen_yuzler;aykiri_aydinlatma_netlik_veya_kadraj,0.6615178571428573,7c9c66dc252ac0e4ce7dd753b3a176011d3d32f36232b62a11cf12af311c838c,0.0,0.34375,unlabeled_pool,0.8392857142857143,3000
0,UNLABELED,0.75,1260.9476993164405,0.0385284423828125,97.33723322550456,4078409,2026-07-29T10:38:39,3,0.5745524764060974,0.544489324092865,63.49706849306605,0.8370535714285714,0.010796221322537112,0.39732142857142855,0.0116729736328125,82,39,0.5267857142857143,,20260729_103839(0).jpg,4080,0.524390243902439,20,0.002442157594487071,0.6183035714285714,0.7376676258697022,0613e817ede984cd,True,scene-0039,kalabalik_sahne,0.6614732142857143,6b1b35282c7a56f37bba0114378692c8ad703a42600771127ce12e3a8102d689,0.07692307692307693,0.7433035714285714,unlabeled_pool,0.671875,3060
0,UNLABELED,0.75,1325.907684089148,0.03575261433919271,98.92168680826823,4143230,2026-07-29T10:38:39,3,0.554044246673584,0.46003565192222595,62.31373057625267,0.7633928571428571,0.012477718360071301,0.45535714285714285,0.004830678304036458,83,34,0.5290178571428571,,20260729_103839.jpg,4080,0.5903614457831325,20,0.003747612936422229,0.5424107142857143,0.7006730456692272,2e03e813e9aba4cd,True,scene-0039,dusuk_guven;kalabalik_sahne,0.6600446428571429,9c63bf116c1d40d87e3481a7d70c8fef9d1bc675132aa5b1cefa192d69c6c820,0.0,0.640625,unlabeled_pool,0.7924107142857143,3060
0,UNLABELED,0.75,1853.0808079889393,0.010091145833333334,90.88688278198242,3654975,2026-07-29T10:38:56,3,0.6617563962936401,0.6649580597877502,60.80504926291752,0.984375,0.004754007739082366,0.24330357142857142,0.03209686279296875,246,135,0.8214285714285714,,20260729_103856.jpg,4000,0.45121951219512196,22,0.0012638452462852001,0.7388392857142857,0.8604118939143693,342a312a69dbc9d9,True,scene-0040,kalabalik_sahne;kucuk_uzak_yuzler;mevcut_etiketlerden_gorsel_olarak_uzak,0.6564285714285715,f5f212cbc59e62e016ef8233a2e43881d6918ba15f75393eb2f200b1e12e960f,0.37777777777777777,0.9174107142857143,unlabeled_pool,0.32142857142857145,3000
0,UNLABELED,0.75,285.2271864394019,0.019509633382161457,90.59188715616862,2569638,2026-07-29T10:38:00,3,0.6022433638572693,0.6660709977149963,57.45743524450377,0.8348214285714286,0.012145748987854251,0.44419642857142855,0.0001068115234375,90,39,0.7879464285714286,,20260729_103800(1).jpg,4000,0.5666666666666667,22,0.0037444145418703556,0.4732142857142857,0.6605591116879658,4695229d48e4f976,True,scene-0038,kalabalik_sahne;mevcut_etiketlerden_gorsel_olarak_uzak,0.6554017857142858,f11ee95fef6edd9c9de3c59fecebf2409b20c4484a094a0842e0e14c4be7fd73,0.0,0.5803571428571429,unlabeled_pool,0.6875,3000
0,UNLABELED,0.75,1307.0854703771502,0.009142557779947916,85.93173726399739,3308050,2026-07-29T10:39:01,3,0.6438566446304321,0.6856269240379333,61.064840004564175,0.9732142857142857,0.005536417322834645,0.26339285714285715,0.033170064290364586,231,128,0.9732142857142857,,20260729_103901.jpg,4000,0.4458874458874459,24,0.0008547905599698424,0.7299107142857143,0.844759765604325,6d3ac922c9cac1cd,True,scene-0040,kalabalik_sahne;mevcut_etiketlerden_gorsel_olarak_uzak,0.6548660714285715,54a989c0e2b8ee761b1a2fc5886394421c4fcbc156e76f4e764e76b10320406d,0.0859375,0.7477678571428571,unlabeled_pool,0.34151785714285715,3000
0,UNLABELED,0.75,1309.6383451378524,0.0253753662109375,103.00807189941406,3899208,2026-07-29T09:56:02,3,0.5169888734817505,0.4212832450866699,52.23868622964115,0.5870535714285714,0.011695906432748537,0.4330357142857143,0.011747996012369791,55,19,0.6205357142857143,,20260729_095602.jpg,4000,0.6545454545454545,22,0.0009706416167318821,0.19419642857142858,0.4851669196958962,705244de44f14ff1,True,scene-0018,dusuk_guven;kucuk_uzak_yuzler,0.6534375000000001,661524ccd63e33bd7e3ece246e3dbe337b86fecd3f29458bb46cef5b10b6790c,0.9473684210526315,0.9620535714285714,unlabeled_pool,0.9017857142857143,3000
0,UNLABELED,0.75,1825.5247306806075,0.009493509928385416,91.2781130472819,3674362,2026-07-29T10:38:54,3,0.63282710313797,0.6176230907440186,60.61787116697076,0.9977678571428571,0.005394066526820497,0.2611607142857143,0.032170613606770836,235,142,0.9709821428571429,,20260729_103854.jpg,4000,0.39574468085106385,24,0.0016893615247681737,0.734375,0.8544260000865539,542af06a5b9bc991,True,scene-0040,kalabalik_sahne;kucuk_uzak_yuzler;mevcut_etiketlerden_gorsel_olarak_uzak,0.6534375,3de0eb3acc84ccf003db3094f80005f140f5e9a34659efb2001f097e1d50e016,0.38028169014084506,0.9196428571428571,unlabeled_pool,0.23214285714285715,3000
0,UNLABELED,0.75,814.2466434597335,0.040386199951171875,102.44172541300456,2710846,2026-07-29T10:37:47,3,0.647057056427002,0.6339876651763916,59.8263975141893,0.8058035714285714,0.009009009009009009,0.33705357142857145,1.2715657552083333e-06,93,37,0.7700892857142857,,20260729_103747.jpg,4000,0.6021505376344086,22,0.0026606046594679356,0.46205357142857145,0.6527095000758623,66361916c698b8e7,True,scene-0038,kalabalik_sahne;mevcut_etiketlerden_gorsel_olarak_uzak,0.6515178571428571,e8172ecba6f22f0c77ecac1dc5876358efa68245c316ee95776419356eb43a5b,0.05405405405405406,0.7165178571428571,unlabeled_pool,0.6785714285714286,3000
0,UNLABELED,0.75,48.94003381237983,0.00213623046875,99.7660649617513,1404097,2026-07-29T10:35:40,3,0.4847027063369751,0.494586706161499,54.9988145184378,0.10044642857142858,0.3333333333333333,0.9866071428571429,0.012658437093098959,11,3,0.4955357142857143,,20260729_103540.jpg,4000,0.7272727272727273,20,0.005649047903716564,0.8370535714285714,1.046970619558381,1dc715b9a5475898,True,scene-0036,dusuk_guven;ortusen_yuzler;aykiri_aydinlatma_netlik_veya_kadraj,0.6493303571428571,b7c9c196c5fe046f0e9a700b5d99db1b243af7dcfdf62ab71ba5df0d19ad84be,0.0,0.4799107142857143,unlabeled_pool,0.9642857142857143,3000
0,UNLABELED,0.75,1476.7655040677373,0.007320404052734375,88.44873809814453,3403776,2026-07-29T10:38:52,3,0.6644062995910645,0.7140157222747803,59.54098340315584,0.9754464285714286,0.004462712859659424,0.234375,0.03597259521484375,235,131,0.8147321428571429,,20260729_103852.jpg,4000,0.4425531914893617,22,0.0013729039346799254,0.75,0.8740529265444945,492af14a539bd991,True,scene-0040,kalabalik_sahne;kucuk_uzak_yuzler;aykiri_aydinlatma_netlik_veya_kadraj,0.648794642857143,9aba0fcededfedec9e89de679a61e9197fe893023f76f53d5995a8f1b669a9ae,0.46564885496183206,0.9375,unlabeled_pool,0.29017857142857145,3000
0,UNLABELED,0.75,725.2640316093634,0.008014678955078125,79.13031514485677,2434554,2026-07-29T10:22:25,3,0.5919128060340881,0.6575064659118652,54.105120064650585,0.33035714285714285,0.047619047619047616,0.7209821428571429,0.07245508829752605,14,7,0.6361607142857143,,20260729_102225.jpg,4000,0.5,22,0.0011909202439710498,0.859375,1.1233933207030145,407062dcf868778f,True,scene-0023,kucuk_uzak_yuzler;aykiri_aydinlatma_netlik_veya_kadraj,0.6473214285714286,c9b67bc362ad94625ad6969ddbd10a179a0de01947c3e53dc06f95c184f8c0da,0.2857142857142857,0.8861607142857143,unlabeled_pool,0.6116071428571429,3000
0,UNLABELED,0.75,267.73056316807754,0.025155385335286457,97.32070541381836,1568407,2026-07-29T10:28:56,3,0.6006744503974915,0.5243548154830933,50.54357735790598,0.28348214285714285,0.06666666666666667,0.8035714285714286,0.013402303059895834,15,6,0.9910714285714286,,20260729_102856.jpg,4000,0.6,26,0.002969604916870594,0.4330357142857143,0.6264901201931815,6b865af6ad9141e0,True,scene-0034,kucuk_uzak_yuzler;ortusen_yuzler;mevcut_etiketlerden_gorsel_olarak_uzak,0.6462053571428571,d0c09eeb74818ed6dc2fa2af5320b597c08c9a8ebd0b67e3def88f222e259a3c,0.16666666666666666,0.8236607142857143,unlabeled_pool,0.734375,3000
0,UNLABELED,0.75,587.5584404747681,0.004779815673828125,60.31215159098307,1875569,2026-07-29T10:21:55,3,0.4475111961364746,0.3513435423374176,54.164472852300946,0.11383928571428571,0.0,0.03125,0.1191876729329427,21,4,0.41517857142857145,,20260729_102155.jpg,4000,0.8095238095238095,20,0.0021885440219193697,0.953125,1.6491172118236448,5269a5d4da1a25c7,True,scene-0022,dusuk_guven;kucuk_uzak_yuzler;aykiri_aydinlatma_netlik_veya_kadraj,0.6422767857142858,e9615b0944ab322d2594bf1cd7f5550935d634d77eb13a0fc2c6398c2908ad32,1.0,0.9799107142857143,unlabeled_pool,0.9888392857142857,3000
0,UNLABELED,0.75,1555.5739312750845,0.010527292887369791,91.9282341003418,3574555,2026-07-29T10:38:57,3,0.6407790780067444,0.6332754492759705,62.11082926883883,0.9776785714285714,0.004857737682165163,0.25,0.02451324462890625,240,132,0.8236607142857143,,20260729_103857.jpg,4000,0.45,22,0.0017375645693391562,0.5825892857142857,0.7186961454904373,310aa95aedcac9c5,True,scene-0040,kalabalik_sahne;kucuk_uzak_yuzler;mevcut_etiketlerden_gorsel_olarak_uzak,0.6397767857142858,66ec21b36a17ea17dd7f82788786b2c4f866a31f16d8d9a93770593873a681f9,0.29545454545454547,0.890625,unlabeled_pool,0.36607142857142855,3000
0,UNLABELED,0.75,322.0291022770476,0.038035074869791664,94.24644343058269,1634814,2026-07-29T10:28:03,3,0.4333793818950653,0.4380618631839752,54.81408707148048,0.06919642857142858,0.0,0.06696428571428571,0.023862202962239582,12,3,0.8883928571428571,,20260729_102803.jpg,4000,0.75,24,0.0018025420140475035,0.6919642857142857,0.8169556495672066,70cef4d2eff10180,True,scene-0032,dusuk_guven;kucuk_uzak_yuzler;mevcut_etiketlerden_gorsel_olarak_uzak,0.6378571428571429,d899a70436a0dcf4ff8bc840352189eb992052a9aeeab904bd0d26373b7d33b2,0.3333333333333333,0.9017857142857143,unlabeled_pool,0.9776785714285714,3000
0,UNLABELED,0.75,562.271425409086,0.022275288899739582,102.85508982340495,3271651,2026-07-29T09:56:03,3,0.49107179045677185,0.4367924630641937,50.779936227827974,0.6004464285714286,0.01904761904761905,0.6004464285714286,0.010711669921875,49,21,0.6227678571428571,,20260729_095603.jpg,4000,0.5714285714285714,22,0.0009957825532183051,0.06473214285714286,0.36327895700504587,60724fde0ca15fa1,True,scene-0018,dusuk_guven;kucuk_uzak_yuzler,0.6377232142857142,fd47af101852b5f1429984853d81ffa63e211da057b4e17e6853248c19113e18,1.0,0.9732142857142857,unlabeled_pool,0.84375,3000
0,UNLABELED,0.75,1094.3395562766943,0.005708058675130208,142.84781138102213,3939135,2026-07-29T10:00:56,3,0.561191737651825,0.5960270166397095,50.5862559960331,0.3236607142857143,0.0,0.029017857142857144,0.0,18,7,0.6272321428571429,,20260729_100056.jpg,4000,0.6111111111111112,22,0.0008942349231801927,0.8125,0.9737396631654541,4e69b19612c96d2e,True,scene-0021,dusuk_guven;kucuk_uzak_yuzler;aykiri_aydinlatma_netlik_veya_kadraj,0.6357142857142858,3df35400ee0ebf598de1f0f042c78f23aa407cc9342a320a7427da227bdfa5c9,1.0,0.9754464285714286,unlabeled_pool,0.8080357142857143,3000
0,UNLABELED,0.75,501.32546329556357,0.020974477132161457,87.63325373331706,2710768,2026-07-29T10:38:01,3,0.5239774584770203,0.4765513837337494,57.693631797077025,0.6919642857142857,0.009852216748768473,0.3705357142857143,0.0017153422037760417,76,29,0.7946428571428571,,20260729_103801.jpg,4000,0.618421052631579,22,0.0035017095506191254,0.25892857142857145,0.5229717266188796,0eb746b90acc7b44,True,scene-0038,dusuk_guven;mevcut_etiketlerden_gorsel_olarak_uzak,0.6350446428571429,714582764bc561d8173243408be08e420a4aadd069d882035c1a6ad4392236a7,0.0,0.5915178571428571,unlabeled_pool,0.8571428571428571,3000
0,UNLABELED,0.75,430.88042490639623,0.006777445475260417,97.51678848266602,2767294,2026-07-29T10:35:22,3,0.4954829812049866,0.4954829812049866,53.13367019023621,0.033482142857142856,1.0,1.0,0.052548726399739586,7,2,0.71875,,20260729_103522.jpg,4000,0.7142857142857143,22,0.00822638813406229,0.7120535714285714,0.8319959569807892,0d65803e7e3e0d99,True,scene-0036,dusuk_guven;ortusen_yuzler,0.635,b3fbee0fc9fb8a410eb55303630ff89bae92341e5da272731b29fdd41f30c045,0.0,0.45089285714285715,unlabeled_pool,0.9464285714285714,3000
0,UNLABELED,0.75,246.28298264608506,0.04273859659830729,93.41316604614258,1470251,2026-07-29T10:28:30,3,0.5199712514877319,0.3703894019126892,59.100547634327675,0.34151785714285715,0.047619047619047616,0.7254464285714286,0.004770914713541667,18,7,0.13169642857142858,,20260729_102830.jpg,4000,0.6111111111111112,14,0.0015436656540259719,0.7857142857142857,0.9205981492485669,26a4acaca5a725ab,True,scene-0033,dusuk_guven;kucuk_uzak_yuzler;aykiri_aydinlatma_netlik_veya_kadraj,0.6345535714285715,19b6fb4141c15788ac89a0a3670195a888aa91cc4e3c7a2e2f78c2472bbe8a84,0.14285714285714285,0.8058035714285714,unlabeled_pool,0.8549107142857143,3000
0,UNLABELED,0.75,1577.0982621097876,0.014584859212239584,94.0386225382487,3491686,2026-07-29T10:38:49,3,0.6407438516616821,0.6584805846214294,62.090963995205456,0.9888392857142857,0.004186346071275226,0.22991071428571427,0.035135904947916664,248,137,0.5334821428571429,,20260729_103849.jpg,4000,0.4475806451612903,20,0.0015122884651646018,0.7254464285714286,0.8389396483640706,2526b92a1b6bc9c9,True,scene-0040,kalabalik_sahne;kucuk_uzak_yuzler,0.6327232142857143,89ae99c8730e42db821171e0ddd32c8f2b2a1f8c98d167f869ac8fb7fb5e2b51,0.656934306569343,0.9464285714285714,unlabeled_pool,0.3549107142857143,3000
0,UNLABELED,0.75,338.28660074724274,0.022631327311197918,89.82992299397786,3341016,2026-07-29T10:38:09,3,0.601460874080658,0.5475769639015198,58.31068158104738,0.8169642857142857,0.012802275960170697,0.46651785714285715,0.0022252400716145835,76,38,0.7991071428571429,,20260729_103809.jpg,4080,0.5,22,0.007857386022806168,0.4575892857142857,0.6453784886562972,049b557b26c1ef05,True,scene-0038,kalabalik_sahne;mevcut_etiketlerden_gorsel_olarak_uzak,0.6319642857142856,f6dc15efb951b47e52e8a8f759303cbe25d0104fe035cdf7c3729330fb07fe54,0.0,0.609375,unlabeled_pool,0.5982142857142857,3060
0,UNLABELED,0.75,1680.3877102458434,0.014476776123046875,98.49754587809245,3639413,2026-07-29T10:38:48,3,0.6329144835472107,0.6054543852806091,63.7986294963283,0.9866071428571429,0.003971661657363675,0.22321428571428573,0.030606587727864582,249,137,0.53125,,20260729_103848.jpg,4000,0.4497991967871486,20,0.0012193090515211225,0.6696428571428571,0.7838624080254527,233ca82a5b6bc9c9,True,scene-0040,kalabalik_sahne;kucuk_uzak_yuzler,0.6317857142857143,cc3579db9bc38de740ac778a014fe3dcc3222598792296d0b2432ce03503c2e6,0.6642335766423357,0.9508928571428571,unlabeled_pool,0.3861607142857143,3000
0,UNLABELED,0.75,889.1328094734085,0.00998687744140625,82.16689046223958,3740345,2026-07-29T10:38:34,3,0.5832548141479492,0.5800350904464722,55.28160585854949,0.8102678571428571,0.010510510510510511,0.3861607142857143,0.012662251790364584,91,37,0.96875,,20260729_103834.jpg,4080,0.5934065934065934,24,0.0027524898760020733,0.06696428571428571,0.36792445347334507,30e012fc39a6f665,True,scene-0039,dusuk_guven;kalabalik_sahne;mevcut_etiketlerden_gorsel_olarak_uzak,0.6313839285714284,858f71270b54e711a4f304ac95739b9219904e8ce63063258bd1e3659a812def,0.02702702702702703,0.6696428571428571,unlabeled_pool,0.75,3060
0,UNLABELED,0.75,895.0108337795294,0.022226969401041668,95.82460149129231,2712558,2026-07-29T10:38:00,3,0.5267253518104553,0.466566264629364,59.83991594194249,0.8147321428571429,0.011379800853485065,0.4174107142857143,1.52587890625e-05,81,38,0.9575892857142857,,20260729_103800.jpg,4000,0.5308641975308642,24,0.00856754183769226,0.140625,0.44969608300920977,3c85c90781b68db7,True,scene-0038,kalabalik_sahne;mevcut_etiketlerden_gorsel_olarak_uzak,0.6311607142857143,2225a7f67c626276fc7ba582347f312d8ebbc5151077d1506827d0308eb42b38,0.0,0.5825892857142857,unlabeled_pool,0.7410714285714286,3000
0,UNLABELED,0.75,1287.10906151589,0.025381724039713543,103.36486943562825,3904726,2026-07-29T09:56:02,3,0.5384873747825623,0.5105440020561218,52.243988367088015,0.6138392857142857,0.011857707509881422,0.4375,0.0109405517578125,48,23,0.8794642857142857,,20260729_095602(0).jpg,4000,0.5208333333333334,24,0.0010041965870186687,0.16964285714285715,0.4738544103379069,705246dec4b14fd1,True,scene-0018,kucuk_uzak_yuzler;mevcut_etiketlerden_gorsel_olarak_uzak,0.6310714285714286,0fa9660d311d3c985c4ad3606c2401a305039c4d42e9bfa999cc3264b9460f47,0.9565217391304348,0.9642857142857143,unlabeled_pool,0.703125,3000
0,UNLABELED,0.75,311.93205002244525,0.0135650634765625,92.25206120808919,2502940,2026-07-29T10:37:58,3,0.6013492941856384,0.5878498554229736,56.737798481599285,0.7455357142857143,0.007575757575757576,0.31026785714285715,2.7974446614583332e-05,87,33,0.9508928571428571,,20260729_103758(1).jpg,4000,0.6206896551724138,24,0.005139690823853016,0.2611607142857143,0.5260498839623106,698a7c8a6992e5c5,True,scene-0038,dusuk_guven;mevcut_etiketlerden_gorsel_olarak_uzak,0.6300892857142858,5eebb83d6c841d70b5092d220fdf99c0a98ef0ad7c9fc64ae54185b788c7976e,0.0,0.5691964285714286,unlabeled_pool,0.765625,3000
0,UNLABELED,0.75,575.7088029197947,0.00496673583984375,81.00922520955403,2129963,2026-07-29T10:22:23,3,0.5041948556900024,0.4531577527523041,54.906374734262215,0.39955357142857145,0.1111111111111111,0.8928571428571429,0.08874130249023438,18,9,0.6339285714285714,,20260729_102223.jpg,4000,0.5,22,0.003202832769602537,0.9151785714285714,1.3946104657851977,6034329eb8691fc7,True,scene-0023,ortusen_yuzler;aykiri_aydinlatma_netlik_veya_kadraj,0.6285714285714287,bda8aa3f7e93e2a132d28f631045746f60900a7c1c4690a25502027c64caa88e,0.0,0.24107142857142858,unlabeled_pool,0.7254464285714286,3000
0,UNLABELED,0.75,210.80995305307928,0.02791595458984375,96.65877787272136,1500485,2026-07-29T10:28:57,3,0.4739612340927124,0.4590666890144348,50.75245998445807,0.37276785714285715,0.14285714285714285,0.9375,0.021410624186197918,13,8,0.9933035714285714,,20260729_102857(0).jpg,4000,0.38461538461538464,26,0.0030458890832960606,0.7276785714285714,0.840729118677649,69867afeab9140e0,True,scene-0034,ortusen_yuzler;mevcut_etiketlerden_gorsel_olarak_uzak,0.6276785714285714,76a973b07ed6c6f2c120ed5d69a4dc1490097adb84acbf9e712e97960440af4b,0.0,0.36607142857142855,unlabeled_pool,0.6160714285714286,3000
0,UNLABELED,0.75,1494.9394050820001,0.0134735107421875,92.68456268310547,3363720,2026-07-29T10:38:50,3,0.6509796977043152,0.6574583053588867,61.44458525219755,0.9821428571428571,0.003873319662793347,0.22098214285714285,0.03906377156575521,242,133,0.5357142857142857,,20260729_103850.jpg,4000,0.45041322314049587,20,0.0011095072841271758,0.7433035714285714,0.8623102170870879,252eb92a1b4b89d9,True,scene-0040,kalabalik_sahne;kucuk_uzak_yuzler,0.6276785714285714,2f87c6a9d3fa19dcbfe9f591c9d47289930bd1e09c47c20485b7e934d502cb97,0.6541353383458647,0.9441964285714286,unlabeled_pool,0.33482142857142855,3000
0,UNLABELED,0.75,1832.197972545607,0.00982666015625,92.08131408691406,3658771,2026-07-29T10:38:53,3,0.6483818292617798,0.6487721800804138,60.7327913431811,0.9910714285714286,0.005035971223021582,0.25669642857142855,0.03069305419921875,235,140,0.8169642857142857,,20260729_103853.jpg,4000,0.40425531914893614,22,0.0013689424376934767,0.7008928571428571,0.8249523234282771,442af02a7b9bd991,True,scene-0040,kalabalik_sahne;kucuk_uzak_yuzler;mevcut_etiketlerden_gorsel_olarak_uzak,0.6268750000000001,515397867051892903889b54248c732bef249b1b01d0f86ab3d67de66390bd21,0.4642857142857143,0.9352678571428571,unlabeled_pool,0.22098214285714285,3000
0,UNLABELED,0.75,367.92025883083016,0.020030975341796875,95.42124684651692,2664202,2026-07-29T10:38:00,3,0.5814182758331299,0.528867244720459,59.22526038627437,0.7053571428571429,0.011494252873563218,0.42857142857142855,5.340576171875e-05,76,30,0.7857142857142857,,20260729_103800(0).jpg,4000,0.6052631578947368,22,0.01151858177036047,0.32142857142857145,0.5651588292366239,2485915789e68df5,True,scene-0038,dusuk_guven;mevcut_etiketlerden_gorsel_olarak_uzak,0.6268303571428573,1d0e26b4e7a99702e25c558796135703777fb67a05e7c37964a15ff5ea22d87e,0.0,0.578125,unlabeled_pool,0.7723214285714286,3000
0,UNLABELED,0.75,1349.893716119809,0.027070363362630207,105.46299870808919,3897673,2026-07-29T09:56:01,3,0.5911085605621338,0.5968242883682251,52.99442217883062,0.4955357142857143,0.0,0.026785714285714284,0.008767445882161459,44,12,0.8772321428571429,,20260729_095601.jpg,4000,0.7272727272727273,24,0.001462662243284285,0.203125,0.49081132293810953,500276cf649167f9,True,scene-0018,dusuk_guven;kucuk_uzak_yuzler;mevcut_etiketlerden_gorsel_olarak_uzak,0.6254910714285714,2e7d9bae3cb4c415ee77ec35b5e5ad7172d701ad5f6ec715d10b9f0c5c2dc988,0.9166666666666666,0.9575892857142857,unlabeled_pool,0.8995535714285714,3000
0,UNLABELED,0.75,322.2275871485212,0.040339152018229164,96.12934875488281,2883696,2026-07-29T09:24:02,3,0.494159996509552,0.5033599734306335,61.19946124485106,0.359375,0.0,0.002232142857142857,0.06447474161783855,20,8,0.3080357142857143,,20260729_092402.jpg,4000,0.6,20,0.0017515196232125163,0.9285714285714286,1.4854202452349359,1c8eac0d7333cc8d,True,scene-0001,dusuk_guven;kucuk_uzak_yuzler;aykiri_aydinlatma_netlik_veya_kadraj,0.6229464285714287,94af258f02c72d44dadef9ba79267f1b7d0ed89b596ab5db5cf64d81c1600828,0.25,0.8638392857142857,unlabeled_pool,0.8727678571428571,3000
0,UNLABELED,0.75,68.86408802159228,0.0156097412109375,94.88483174641927,1389345,2026-07-29T10:26:15,3,0.37784814834594727,0.36779820919036865,45.653906637995426,0.125,0.5,0.9888392857142857,0.0,10,4,0.4375,,20260729_102615.jpg,4000,0.6,20,0.04912928119301796,0.8616071428571429,1.1331785995237242,308d5930a4acfc9f,True,scene-0030,dusuk_guven;ortusen_yuzler;aykiri_aydinlatma_netlik_veya_kadraj,0.6201785714285715,493597e9b52d8036572c15c4376d3a1ea15c0d64741e6a74bc7a5bb7dcef6c6c,0.0,0.27901785714285715,unlabeled_pool,0.953125,3000
0,UNLABELED,0.75,540.8190950662816,0.020904541015625,95.82134119669597,2858980,2026-07-29T10:37:59,3,0.6061562299728394,0.5699255466461182,59.99305223825231,0.8303571428571429,0.01349527665317139,0.48214285714285715,0.00011444091796875,87,39,0.9553571428571429,,20260729_103759(0).jpg,4000,0.5517241379310345,24,0.004939061589539051,0.15401785714285715,0.4655626567826365,14a5c92389b68db7,True,scene-0038,kalabalik_sahne;mevcut_etiketlerden_gorsel_olarak_uzak,0.6201339285714286,e229a426489d5c711e4dcd94c4ae6c42a2695915c551fdfaf0d28ddd93d6ef71,0.0,0.5736607142857143,unlabeled_pool,0.6651785714285714,3000
0,UNLABELED,0.75,1824.3933691930306,0.021246592203776043,94.95862579345703,4357702,2026-07-29T10:38:36,3,0.6365020871162415,0.6849634051322937,60.070975008569725,0.7477678571428571,0.007575757575757576,0.3125,0.00827789306640625,88,33,0.8102678571428571,,20260729_103836.jpg,4080,0.625,22,0.0073774224147200584,0.33035714285714285,0.5727592109806358,163cac97a92aa4ad,True,scene-0039,mevcut_etiketlerden_gorsel_olarak_uzak,0.6196428571428572,4a5ddda545796526ff9e79a9512a719b25fc446f62d422f6597a7678df8375fe,0.0,0.6339285714285714,unlabeled_pool,0.7142857142857143,3060
0,UNLABELED,0.75,1660.1570445859695,0.009342193603515625,89.15795516967773,3491461,2026-07-29T10:38:56,3,0.6623696684837341,0.7107640504837036,60.81173756440264,1.0,0.004789272030651341,0.24553571428571427,0.037137349446614586,235,145,0.8191964285714286,,20260729_103856(0).jpg,4000,0.3829787234042553,22,0.0011445963755249977,0.7879464285714286,0.9216728551760855,3d2a316a2dcbc9c1,True,scene-0040,kalabalik_sahne;kucuk_uzak_yuzler;aykiri_aydinlatma_netlik_veya_kadraj,0.6192410714285714,b654d0019494e1b49382bfca0d65e7ffe8011b5f6b02a1441b9a6246719a87ea,0.35172413793103446,0.9084821428571429,unlabeled_pool,0.15401785714285715,3000
0,UNLABELED,0.75,1317.735384132621,0.008547465006510416,84.64479192097981,3506222,2026-07-29T10:39:01,3,0.6755753755569458,0.7040088176727295,60.959057817536575,0.9642857142857143,0.004877387887820078,0.25223214285714285,0.033571879069010414,221,122,0.8303571428571429,,20260729_103901(0).jpg,4000,0.4479638009049774,22,0.0012544565834105015,0.7477678571428571,0.873608627220895,6d32896689cee18d,True,scene-0040,kalabalik_sahne;kucuk_uzak_yuzler;mevcut_etiketlerden_gorsel_olarak_uzak,0.6192410714285714,d11cc47a33943db212fd1fa526738dcb5919ba3cb32c5e5d2e05daebc7d9a24f,0.10655737704918032,0.7678571428571429,unlabeled_pool,0.265625,3000
0,UNLABELED,0.75,1532.6039230392005,0.008417765299479166,92.24493408203125,3525108,2026-07-29T10:38:52,3,0.6748252511024475,0.7046024799346924,60.65154953243112,0.9620535714285714,0.004061624649859944,0.22767857142857142,0.024489084879557293,244,120,0.5379464285714286,,20260729_103852(0).jpg,4000,0.5081967213114754,20,0.0011826601112261415,0.5491071428571429,0.7015666915035866,456ad15a531bd991,True,scene-0040,kalabalik_sahne;kucuk_uzak_yuzler,0.6188392857142857,1f7a69cdffb0fa92f29e29cad06b4e13904103c145c851942ed991ec30a31766,0.4583333333333333,0.9330357142857143,unlabeled_pool,0.43080357142857145,3000
0,UNLABELED,0.75,1051.714467210991,0.014316558837890625,94.39516830444336,3963842,2026-07-29T10:38:14,3,0.5454174876213074,0.511056661605835,55.164335065519204,0.8191964285714286,0.01849217638691323,0.59375,0.0013987223307291667,85,38,0.8013392857142857,,20260729_103814.jpg,4080,0.5529411764705883,22,0.005469984374940395,0.03125,0.30282195831598535,5c478094c24adffc,True,scene-0038,kalabalik_sahne;mevcut_etiketlerden_gorsel_olarak_uzak,0.6184375,7efced5e9c58d1ba1509f16162216da6cf0af550ccd138a08335496b53e788ef,0.0,0.6138392857142857,unlabeled_pool,0.7433035714285714,3060
0,UNLABELED,0.75,934.4261989675748,0.03134791056315104,98.78531010945638,3789208,2026-07-29T09:55:43,3,0.520481526851654,0.3857870101928711,52.599830570281306,0.5647321428571429,0.022058823529411766,0.6205357142857143,0.009644826253255209,41,17,0.6160714285714286,,20260729_095543(0).jpg,4000,0.5853658536585366,22,0.0016658413223922253,0.060267857142857144,0.3596385200237199,4cc62acab6c660f9,True,scene-0017,dusuk_guven;kucuk_uzak_yuzler,0.6173214285714287,1830ab5159630cf8d3dba5beac842948ea2159208e0701df07c8e2803db013ad,0.35294117647058826,0.9107142857142857,unlabeled_pool,0.8258928571428571,3000
0,UNLABELED,0.75,167.68328687994742,0.015850067138671875,95.56433741251628,1545033,2026-07-29T10:29:04,3,0.49267882108688354,0.45065850019454956,50.12932162432703,0.22767857142857142,0.1,0.875,0.004917144775390625,12,5,0.9107142857142857,,20260729_102904(1).jpg,4000,0.5833333333333334,24,0.005500074476003647,0.5066964285714286,0.6852621959117875,0e7c7aff418141f0,True,scene-0034,dusuk_guven;ortusen_yuzler;mevcut_etiketlerden_gorsel_olarak_uzak,0.6168303571428572,929646aa39565b9dc2cddc01f8e6413ccfbd56525c5d6b8ce2c7e91550c7c675,0.0,0.390625,unlabeled_pool,0.8526785714285714,3000
0,UNLABELED,0.75,683.5510206591425,0.00681304931640625,67.98046620686848,2233700,2026-07-29T10:22:00,3,0.6508127450942993,0.6700891852378845,57.282573222485,0.4419642857142857,0.044444444444444446,0.7098214285714286,0.13460667928059897,20,10,0.25892857142857145,,20260729_102200.jpg,4000,0.5,18,0.0022021278273314238,0.9375,1.53953182678905,489129d5ce0f17a7,True,scene-0022,kucuk_uzak_yuzler;aykiri_aydinlatma_netlik_veya_kadraj,0.6141964285714286,7cf37bb2db87a5bcd11ad7a1607f4040f295f19e1f96dbab06c322c2bc32439d,1.0,0.9955357142857143,unlabeled_pool,0.4799107142857143,3000
0,UNLABELED,0.75,162.43054622284973,0.020701090494791668,98.1157824198405,1653848,2026-07-29T10:28:55,3,0.5990871787071228,0.5676882863044739,50.46062652347817,0.34598214285714285,0.047619047619047616,0.7276785714285714,0.014484405517578125,13,7,0.9866071428571429,,20260729_102855(0).jpg,4000,0.46153846153846156,26,0.00218018377199769,0.6160714285714286,0.7365744291885951,77247af6a98141f0,True,scene-0034,kucuk_uzak_yuzler;mevcut_etiketlerden_gorsel_olarak_uzak,0.6133035714285715,f95ac1c6d773a876c813ec9d31575d7c243176ff683641165d54e37bc9062353,0.14285714285714285,0.8080357142857143,unlabeled_pool,0.5044642857142857,3000
0,UNLABELED,0.75,245.08626773828595,0.011887868245442709,97.94036483764648,2102385,2026-07-29T10:35:36,3,0.5705908536911011,0.5419288873672485,62.52535836240776,0.17857142857142858,0.3333333333333333,0.9821428571428571,0.0684814453125,8,4,0.7254464285714286,,20260729_103536.jpg,4000,0.5,22,0.04290458932518959,0.8973214285714286,1.3038962199625723,5fad30181b62ddd0,True,scene-0036,ortusen_yuzler;aykiri_aydinlatma_netlik_veya_kadraj,0.6126785714285714,4b7d86f1aa5c8b0b37828181e92e7b058d7c7b921c082a2abc71cc39e1c126f6,0.0,0.4732142857142857,unlabeled_pool,0.6495535714285714,3000
0,UNLABELED,0.75,342.33090333993545,0.005334218343098958,105.36691157023112,2172541,2026-07-29T10:35:51,3,0.3168525993824005,0.2864503562450409,51.032850647092296,0.10714285714285714,0.0,0.19642857142857142,0.024262746175130207,8,3,0.7455357142857143,,20260729_103551(0).jpg,4000,0.625,22,0.002516311826184392,0.5044642857142857,0.6838533834819371,64a3b964863979c5,True,scene-0037,dusuk_guven;kucuk_uzak_yuzler,0.6109374999999999,8014ca38752c922b0d110dab1f58e09394047ced4f5722c70a974f902f16d95b,0.3333333333333333,0.9040178571428571,unlabeled_pool,0.9754464285714286,3000
0,UNLABELED,0.75,917.8786859108491,0.03826777140299479,94.15259424845378,3492421,2026-07-29T09:55:52,3,0.512096643447876,0.49837687611579895,56.5591985078559,0.43973214285714285,0.0,0.024553571428571428,0.027762095133463543,33,10,0.25,,20260729_095552.jpg,4000,0.696969696969697,18,0.0010507528204470873,0.5959821428571429,0.7259306420877487,5e7207c2de868197,True,scene-0017,dusuk_guven;kucuk_uzak_yuzler,0.6082589285714286,044645d8db270ae3672957e2ce4055576bb44e3587b986d565182c41d3e2a440,0.5,0.9419642857142857,unlabeled_pool,0.9308035714285714,3000
0,UNLABELED,0.75,1041.3097300858283,0.027740478515625,94.40872319539388,3031891,2026-07-29T10:39:07,3,0.6323176622390747,0.6552625894546509,63.09238109141774,0.9464285714285714,0.006329113924050633,0.2700892857142857,0.0038515726725260415,154,80,0.8370535714285714,,20260729_103907(0).jpg,4000,0.4805194805194805,22,0.0006313456105999649,0.38392857142857145,0.6043217244166049,1309db11b399b1b3,True,scene-0040,kalabalik_sahne;mevcut_etiketlerden_gorsel_olarak_uzak,0.6081696428571428,1d6f8d5f192ceb9b91698282b37eb9b12cabfd8c0bae539fdeb4b3d1e04883d1,0.0375,0.6919642857142857,unlabeled_pool,0.47544642857142855,3000
0,UNLABELED,0.75,754.0317330335319,0.0400390625,86.38357162475586,3373325,2026-07-29T09:24:09,3,0.5970771908760071,0.7271019220352173,62.616626857088015,0.48214285714285715,0.015151515151515152,0.5424107142857143,0.10392379760742188,37,12,0.546875,,20260729_092409.jpg,4000,0.6756756756756757,22,0.003509954549372196,0.9575892857142857,1.6765312694657366,3cd1a21c665e7591,True,scene-0002,dusuk_guven;aykiri_aydinlatma_netlik_veya_kadraj,0.6063839285714286,901a223f24625968039270035d0b47605da5564b470680299be55dda170be7ef,0.0,0.008928571428571428,unlabeled_pool,0.8415178571428571,3000
0,UNLABELED,0.75,1016.4943722539201,0.021699269612630207,95.69014358520508,3976323,2026-07-29T10:38:37,3,0.549168050289154,0.5623005032539368,60.5295324717438,0.8214285714285714,0.01422475106685633,0.5,0.008436838785807291,78,38,0.8125,,20260729_103837.jpg,4080,0.5128205128205128,22,0.006651927251368761,0.08258928571428571,0.392622580238431,063fac83a92ba4ad,True,scene-0039,kalabalik_sahne;mevcut_etiketlerden_gorsel_olarak_uzak,0.6059375,5c47af402ae4f38c95829630fbf9821144315c231d4b8929c74e64e3605d9b17,0.0,0.6361607142857143,unlabeled_pool,0.6852678571428571,3060
0,UNLABELED,0.75,147.03942107449984,0.014186859130859375,90.48748143513997,1598758,2026-07-29T10:29:06,3,0.5172421932220459,0.5193040370941162,48.23493979108703,0.37723214285714285,0.07142857142857142,0.8191964285714286,0.009951273600260416,14,8,0.9241071428571429,,20260729_102906(2).jpg,4000,0.42857142857142855,24,0.0038144539576023817,0.6651785714285714,0.7809511073075881,77560e8341f938b8,True,scene-0034,ortusen_yuzler;mevcut_etiketlerden_gorsel_olarak_uzak,0.6050000000000001,17c5759928975e395db359910c0b930c3c364fcf5ca757ae41504315d07b059f,0.0,0.40848214285714285,unlabeled_pool,0.6183035714285714,3000
0,UNLABELED,0.75,308.0276942215326,0.039189656575520836,94.47251383463542,1619131,2026-07-29T10:28:02,3,0.41219213604927063,0.34880882501602173,55.30501736371853,0.265625,0.06666666666666667,0.7901785714285714,0.03208160400390625,11,6,0.6651785714285714,,20260729_102802.jpg,4000,0.45454545454545453,22,0.00472805742174387,0.8058035714285714,0.9582925026089081,58eed4dae7d90180,True,scene-0032,dusuk_guven;ortusen_yuzler;aykiri_aydinlatma_netlik_veya_kadraj,0.6049553571428572,57c23aec88ab72e2cf863ef3f1585cf45d14527baa5b309b3ecc298e843f3da2,0.0,0.28794642857142855,unlabeled_pool,0.7991071428571429,3000
0,UNLABELED,0.75,319.4641996063535,0.026522318522135418,96.64108403523763,3147650,2026-07-29T09:55:46,3,0.5291072726249695,0.5288357734680176,48.91959178225856,0.5848214285714286,0.023391812865497075,0.6383928571428571,0.009418487548828125,39,19,0.40401785714285715,,20260729_095546.jpg,4000,0.5128205128205128,20,0.0017482353141531348,0.34375,0.5811163681599278,62529aaab6c478bc,True,scene-0017,kucuk_uzak_yuzler,0.6024107142857144,18737281dbcd4b9d361c9a2c4899a4b732347a3922f018c3e7631be60235c8b7,0.21052631578947367,0.8526785714285714,unlabeled_pool,0.7098214285714286,3000
0,UNLABELED,0.75,1973.5002841601508,0.020219167073567707,91.40281804402669,4453357,2026-07-29T10:38:35,3,0.6212059855461121,0.6263250112533569,58.5266721590018,0.8392857142857143,0.010256410256410256,0.38392857142857145,0.005118052164713542,77,40,0.8080357142857143,,20260729_103835.jpg,4080,0.4805194805194805,22,0.0064736539497971535,0.4486607142857143,0.6369104678896012,1ba58091b937b4e5,True,scene-0039,kalabalik_sahne;mevcut_etiketlerden_gorsel_olarak_uzak,0.6021875,29ed21b045ebc0bb6747ee049078f18c7ddc9ec3b5ca1ed1f523394f43550490,0.0,0.6316964285714286,unlabeled_pool,0.4955357142857143,3060
0,UNLABELED,0.75,1855.2550221878703,0.009722391764322916,90.75160090128581,3707293,2026-07-29T10:38:55,3,0.6906554698944092,0.7459796667098999,60.567912743827165,0.9665178571428571,0.004589562024652505,0.23660714285714285,0.03314336140950521,230,124,0.5401785714285714,,20260729_103855.jpg,4000,0.4608695652173913,20,0.0007240805425681174,0.7522321428571429,0.87496117007565,562a702a599bc9d9,True,scene-0040,kalabalik_sahne;kucuk_uzak_yuzler;aykiri_aydinlatma_netlik_veya_kadraj,0.6021428571428571,83082bd70637d22b65bf056ced971914690666c29a4212b99ac9e0c5f26a4b39,0.3709677419354839,0.9151785714285714,unlabeled_pool,0.25669642857142855,3000
0,UNLABELED,0.75,1128.202977915758,0.013326009114583334,105.1992785135905,2540939,2026-07-29T10:37:41,3,0.5974467396736145,0.5787450671195984,50.99607891730169,0.59375,0.015789473684210527,0.5491071428571429,0.0,69,20,0.7566964285714286,,20260729_103741(0).jpg,4000,0.7101449275362319,22,0.003248919267207384,0.109375,0.4264800471660482,44f14fb10e6403f7,True,scene-0038,dusuk_guven;mevcut_etiketlerden_gorsel_olarak_uzak,0.5997767857142858,6be0b99a5042aafec86c0e65e9392a548fe6031cc2c14449cbbdb4c3d83adb1b,0.0,0.515625,unlabeled_pool,0.8772321428571429,3000
0,UNLABELED,0.75,329.846103072475,0.016658782958984375,94.62866719563802,2557463,2026-07-29T10:37:59,3,0.5708576440811157,0.5430424213409424,58.75493671885304,0.8325892857142857,0.010796221322537112,0.3950892857142857,4.7047932942708336e-05,89,39,0.5133928571428571,,20260729_103759.jpg,4000,0.5617977528089888,20,0.005978383589535952,0.31026785714285715,0.5595395411570194,0e37c93301b68d3b,True,scene-0038,kalabalik_sahne,0.5997767857142857,089a149ae04329b05429c5b104f6dbacbc341ddc454980729da304bc806fb163,0.0,0.5758928571428571,unlabeled_pool,0.7209821428571429,3000
0,UNLABELED,0.75,1633.1313130236201,0.0027783711751302085,103.7433369954427,3519573,2026-07-29T09:53:37,3,0.3972657322883606,0.3638310432434082,49.95091660092111,0.42857142857142855,0.13333333333333333,0.9151785714285714,0.007671356201171875,20,10,0.9821428571428571,,20260729_095337(0).jpg,4000,0.5,26,0.046086400747299194,0.29017857142857145,0.54829012599683,360e3af2018a7fa5,True,scene-0014,dusuk_guven;ortusen_yuzler;mevcut_etiketlerden_gorsel_olarak_uzak,0.5996428571428571,359a66c76bb38dd6a02a35fa6a755c193a280b9b04a32ccf746b5e46e0c94d52,0.0,0.10714285714285714,unlabeled_pool,0.8683035714285714,3000
0,UNLABELED,0.75,746.7044958686456,0.041325887044270836,100.91196695963542,2494580,2026-07-29T10:37:45,3,0.6406190395355225,0.6542155742645264,56.73982113085979,0.6607142857142857,0.014245014245014245,0.5022321428571429,0.0,64,27,0.9441964285714286,,20260729_103745(0).jpg,4000,0.578125,24,0.003836582414805889,0.28794642857142855,0.547353682909545,131f6d291ba4c0db,True,scene-0038,mevcut_etiketlerden_gorsel_olarak_uzak,0.5992410714285714,eaf3cbbd2f79241d0e2516857345d403a4c905e3b49965938fd215808f827823,0.0,0.5267857142857143,unlabeled_pool,0.65625,3000
0,UNLABELED,0.75,771.9755100983876,0.0132904052734375,105.02675501505534,2421238,2026-07-29T10:37:41,3,0.5373696088790894,0.4568304717540741,52.23339097971143,0.5691964285714286,0.022058823529411766,0.625,0.0,55,17,0.7589285714285714,,20260729_103741.jpg,4000,0.6909090909090909,22,0.009746270254254341,0.017857142857142856,0.2764291433517979,614b0fb1467003ff,True,scene-0038,dusuk_guven;mevcut_etiketlerden_gorsel_olarak_uzak,0.5983928571428573,49659a5a9a76a84c45032af536d407b7b6adda2d37e3425e30a5baf8b43ded84,0.0,0.5178571428571429,unlabeled_pool,0.9129464285714286,3000
0,UNLABELED,0.75,381.25945507173657,0.038799285888671875,92.32393391927083,2675886,2026-07-29T09:24:00,3,0.5033856630325317,0.37828099727630615,61.56813023246526,0.31919642857142855,0.047619047619047616,0.7142857142857143,0.058208465576171875,19,7,0.5446428571428571,,20260729_092400.jpg,4000,0.631578947368421,22,0.01110796444118023,0.9129464285714286,1.3910096447693634,712c9c586347bca9,True,scene-0001,dusuk_guven;aykiri_aydinlatma_netlik_veya_kadraj,0.5970089285714286,6d1be808f06f4124e4b51f1e32cb92d769e707af7af16bb9f4552f152e2378a6,0.0,0.002232142857142857,unlabeled_pool,0.8928571428571429,3000
0,UNLABELED,0.75,352.08099393021257,0.008747100830078125,91.47211201985677,2030337,2026-07-29T10:26:20,3,0.5836107134819031,0.511924147605896,47.329114291975806,0.44642857142857145,0.06666666666666667,0.7834821428571429,0.000736236572265625,20,10,0.6540178571428571,,20260729_102620.jpg,4000,0.5,22,0.0019040188053622842,0.41517857142857145,0.6206972905204686,1e60a252c8b437ef,True,scene-0031,kucuk_uzak_yuzler;ortusen_yuzler,0.5959821428571429,d232bbd70bf4ca070fb94740449feb97453ba46aa5ebead8bc6aebfc54a38500,0.1,0.7611607142857143,unlabeled_pool,0.6316964285714286,3000
0,UNLABELED,0.75,443.1568205174456,0.005114237467447917,108.47943623860677,2624688,2026-07-29T09:51:25,3,0.6580632925033569,0.7342504262924194,61.337058273235606,0.6026785714285714,0.03463203463203463,0.6785714285714286,0.058110555013020836,34,22,0.8504464285714286,,20260729_095125.jpg,4000,0.35294117647058826,24,0.002482743700966239,0.8638392857142857,1.1613182346513278,390cb4d7e6384699,True,scene-0011,kucuk_uzak_yuzler;aykiri_aydinlatma_netlik_veya_kadraj;mevcut_etiketlerden_gorsel_olarak_uzak,0.5945982142857142,40d3ee645207988fccdfa505785702c1bacfa5b6de64131e9b41dc48baee4623,0.7727272727272727,0.953125,unlabeled_pool,0.11607142857142858,3000
0,UNLABELED,0.75,698.1404548513223,0.031214396158854168,105.63139979044597,2683585,2026-07-29T10:37:44,3,0.5543431639671326,0.4914669692516327,53.58030961344209,0.6584821428571429,0.011396011396011397,0.421875,0.0,62,27,0.9419642857142857,,20260729_103744.jpg,4000,0.5645161290322581,24,0.003498347708955407,0.14732142857142858,0.4599232427774686,3f3042b4a5d8d8a7,True,scene-0038,dusuk_guven;mevcut_etiketlerden_gorsel_olarak_uzak,0.5945535714285715,a8f85bd2ada0b62d98fe2a2861f1a731bc3555c487ead74bc46463fa4e2ac0d9,0.0,0.5245535714285714,unlabeled_pool,0.7522321428571429,3000
0,UNLABELED,0.75,346.6289853784238,0.005494435628255208,105.22734451293945,2162429,2026-07-29T10:35:51,3,0.47153472900390625,0.43950045108795166,51.25686993768836,0.109375,0.0,0.19866071428571427,0.024768829345703125,8,3,0.7477678571428571,,20260729_103551.jpg,4000,0.625,22,0.0016452617710456252,0.49107142857142855,0.6777140494661184,64a3b96c823979c5,True,scene-0037,dusuk_guven;kucuk_uzak_yuzler,0.5919196428571428,f60d4cd3895a8f6c2a5e09a9c1b6757359e716d92fb1bab199a63111b4de613a,0.3333333333333333,0.90625,unlabeled_pool,0.9107142857142857,3000
0,UNLABELED,0.75,1578.8895287873845,0.011067708333333334,88.63495254516602,3579187,2026-07-29T10:38:58,3,0.6438766121864319,0.6266228556632996,61.02566640132848,0.9955357142857143,0.004660587639311043,0.23883928571428573,0.024145762125651043,232,141,0.8258928571428571,,20260729_103858.jpg,4000,0.3922413793103448,22,0.001401509391143918,0.6071428571428571,0.7301329492004258,310aa91a6dcbd9c5,True,scene-0040,kalabalik_sahne;kucuk_uzak_yuzler;mevcut_etiketlerden_gorsel_olarak_uzak,0.5917410714285715,bf6420d7602815edb22eb7a9fc0fcd04e73f94276ba1a990fd5b2dd64f0ee586,0.19858156028368795,0.8348214285714286,unlabeled_pool,0.19866071428571427,3000
0,UNLABELED,0.75,331.0929300927849,0.0472869873046875,97.94680277506511,1660615,2026-07-29T10:28:05,3,0.3065597116947174,0.2754030227661133,56.75046408533126,0.07589285714285714,0.3333333333333333,0.96875,0.0037778218587239585,11,3,0.44419642857142855,,20260729_102805.jpg,4000,0.7272727272727273,20,0.0065676374360919,0.6674107142857143,0.7827120726924165,45d4d4d4d4d711c5,True,scene-0032,dusuk_guven;ortusen_yuzler,0.5915178571428572,345ed1881184e51c646ae6d557042161cbc0e750db6ee1ed16546a6ee135daef,0.0,0.29464285714285715,unlabeled_pool,0.9933035714285714,3000
0,UNLABELED,0.75,1443.849978059504,0.010740915934244791,87.57122421264648,3592569,2026-07-29T10:39:00,3,0.6508058309555054,0.661137580871582,61.331860460876925,0.9799107142857143,0.005089058524173028,0.25892857142857145,0.027899424235026043,222,132,0.828125,,20260729_103900.jpg,4000,0.40540540540540543,22,0.001205363543704152,0.6584821428571429,0.7745768393460312,253ac902c9cbd9cd,True,scene-0040,kalabalik_sahne;mevcut_etiketlerden_gorsel_olarak_uzak,0.591294642857143,7b3824ae17b79ddb1c320b951ffc29ff376ab7363f511ad81c4985938ef8e3af,0.07575757575757576,0.7388392857142857,unlabeled_pool,0.21875,3000
0,UNLABELED,0.75,173.2641560602675,0.013805389404296875,89.76303100585938,1651937,2026-07-29T10:29:08,3,0.4661342203617096,0.4716343283653259,48.00228312755744,0.30357142857142855,0.06666666666666667,0.8102678571428571,0.004571278889973958,11,6,0.7075892857142857,,20260729_102908(1).jpg,4000,0.45454545454545453,22,0.007986669428646564,0.6629464285714286,0.7777484877212394,7f66c84161f81c9c,True,scene-0034,ortusen_yuzler,0.5911607142857143,5a814fd04e050074c52763aae74e5f1deca68eff91b9a1b129600851ca13c663,0.0,0.421875,unlabeled_pool,0.7120535714285714,3000
0,UNLABELED,0.75,1078.9696957145868,0.0029169718424479165,114.15221913655598,3447377,2026-07-29T09:53:42,3,0.4424578547477722,0.40889328718185425,54.21216938752305,0.5491071428571429,0.05,0.7388392857142857,0.03448486328125,35,16,0.36607142857142855,,20260729_095342(0).jpg,4000,0.5428571428571428,20,0.004847137723118067,0.6540178571428571,0.7705709220651642,435168b821ff8753,True,scene-0014,dusuk_guven,0.5910267857142857,ac07e235f4596dabbb6342d25e74bfccfc860ec443bd6b82e21dbf020f488fbe,0.0,0.12053571428571429,unlabeled_pool,0.8638392857142857,3000
0,UNLABELED,0.75,1039.2080073395362,0.031918843587239586,106.73978169759114,2691032,2026-07-29T10:37:43,3,0.5637468695640564,0.4900628924369812,53.81726088467893,0.703125,0.011494252873563218,0.4263392857142857,0.0,62,30,0.7611607142857143,,20260729_103743(0).jpg,4000,0.5161290322580645,22,0.004501896910369396,0.33482142857142855,0.5753744197087218,3f7e429c9188d887,True,scene-0038,mevcut_etiketlerden_gorsel_olarak_uzak,0.5903571428571428,bc2e5e43bbf752cac3ff828ebe7b300ea31ab06ec3ffd8969aa18891cc866f48,0.0,0.5200892857142857,unlabeled_pool,0.6763392857142857,3000
0,UNLABELED,0.75,316.74793159620214,0.011188507080078125,115.2703971862793,3257681,2026-07-29T09:53:33,3,0.5008242726325989,0.4099140465259552,49.753324430292686,0.38392857142857145,0.16666666666666666,0.9441964285714286,0.0036722819010416665,20,9,0.8571428571428571,,20260729_095333.jpg,4000,0.55,24,0.06019727885723114,0.47767857142857145,0.6611784321130515,2cb65b2069ca17a7,True,scene-0014,dusuk_guven;ortusen_yuzler;mevcut_etiketlerden_gorsel_olarak_uzak,0.5892410714285715,854c1a2a3c12e949b5dd946eceb9df5eb91b7e56bf09b758f3beee537a600a16,0.0,0.09375,unlabeled_pool,0.8058035714285714,3000
0,UNLABELED,0.75,154.50938894535003,0.014769236246744791,92.27302932739258,1647483,2026-07-29T10:29:07,3,0.6022697687149048,0.6401257514953613,48.58507978004864,0.23214285714285715,0.1,0.8772321428571429,0.007106781005859375,13,5,0.703125,,20260729_102907(1).jpg,4000,0.6153846153846154,22,0.008104088716208935,0.6294642857142857,0.7470767692680208,7f660e0161f938b8,True,scene-0034,dusuk_guven;ortusen_yuzler,0.5892410714285715,49653fde3f69590fee49bd4805f467b8513f30f689079365ab527cf1fa04f143,0.0,0.41517857142857145,unlabeled_pool,0.7566964285714286,3000
0,UNLABELED,0.75,959.4067980494564,0.028378804524739582,96.48227818806966,2986839,2026-07-29T10:39:09,3,0.6722505688667297,0.707196056842804,63.265362820233314,0.9441964285714286,0.007518796992481203,0.30357142857142855,0.0021998087565104165,149,77,0.9799107142857143,,20260729_103909(0).jpg,4000,0.48322147651006714,24,0.0010348379146307707,0.34598214285714285,0.5845263456622094,4349db11d39991d3,True,scene-0040,kalabalik_sahne;mevcut_etiketlerden_gorsel_olarak_uzak,0.5883928571428573,92df65fd1957f18d392e647021d8f69cd7909837b507c7d5271aff34ace82b82,0.025974025974025976,0.6607142857142857,unlabeled_pool,0.3705357142857143,3000
0,UNLABELED,0.75,757.653565773299,0.0028050740559895835,113.45023600260417,3220548,2026-07-29T09:53:31,3,0.418267160654068,0.3351350426673889,49.083824450194584,0.41964285714285715,0.13333333333333333,0.9107142857142857,0.00353240966796875,26,10,0.8549107142857143,,20260729_095331(0).jpg,4000,0.6153846153846154,24,0.062482383102178574,0.22321428571428573,0.5032178580991754,7e1249e813746d8e,True,scene-0014,dusuk_guven;ortusen_yuzler;mevcut_etiketlerden_gorsel_olarak_uzak,0.5873660714285713,5b36b7c71910262cad6e8df964283f9972dd8ffcefad4c639a27f57fc887d49e,0.0,0.08258928571428571,unlabeled_pool,0.9375,3000
0,UNLABELED,0.75,243.08069194498725,0.027119954427083332,95.54454549153645,1580240,2026-07-29T10:28:31,3,0.4106135964393616,0.3552437126636505,56.28125717874542,0.14508928571428573,0.16666666666666666,0.9486607142857143,0.0006395975748697916,12,4,0.453125,,20260729_102831.jpg,4000,0.6666666666666666,20,0.007026418577879667,0.5602678571428571,0.7033728016978804,4468a8aaf4572bab,True,scene-0033,dusuk_guven;ortusen_yuzler,0.5850892857142856,25422d25658b6e05452bf6ddd0560aa4c4fd3a33683759dd3167a3b5a84b0b53,0.0,0.3325892857142857,unlabeled_pool,0.9665178571428571,3000
0,UNLABELED,0.75,506.5660845934944,0.045192718505859375,89.99550120035808,3180721,2026-07-29T09:23:57,3,0.6110367774963379,0.5398205518722534,63.88931635625999,0.40848214285714285,0.0,0.0,0.07549794514973958,28,10,0.1875,,20260729_092357.jpg,4000,0.6428571428571429,18,0.0022879214957356453,0.9642857142857143,1.681078969177442,2b50985a377749d1,True,scene-0001,dusuk_guven;kucuk_uzak_yuzler;aykiri_aydinlatma_netlik_veya_kadraj,0.585044642857143,d5ccb286a0232043538d2e7a05d9f358dc96de0df515fd5859c2e9f41b841bc4,0.1,0.7566964285714286,unlabeled_pool,0.7879464285714286,3000
0,UNLABELED,0.75,294.6361220512365,0.003200531005859375,110.1042594909668,3777558,2026-07-29T09:53:30,3,0.41523370146751404,0.445602148771286,44.670730232108916,0.234375,0.13333333333333333,0.9084821428571429,0.0028368631998697915,13,6,0.5803571428571429,,20260729_095330.jpg,4000,0.5384615384615384,22,0.05098338797688484,0.71875,0.836728410020465,1ae0758756720f3c,True,scene-0014,dusuk_guven;ortusen_yuzler,0.5823660714285714,b97a57f2dc25897123067b01ca7a70c8b3aac9b88e8e4babb1c8df2ebbe49f09,0.0,0.08035714285714286,unlabeled_pool,0.8883928571428571,3000
0,UNLABELED,0.75,513.4523162791094,0.007525126139322917,110.28055953979492,3195948,2026-07-29T09:53:38,3,0.45472443103790283,0.4348051846027374,53.20401838302303,0.390625,0.1111111111111111,0.890625,0.028849283854166668,19,9,0.859375,,20260729_095338(0).jpg,4000,0.5263157894736842,24,0.0608990304172039,0.38169642857142855,0.6036403145338786,5a6aca493ca343dc,True,scene-0014,dusuk_guven;ortusen_yuzler;mevcut_etiketlerden_gorsel_olarak_uzak,0.5807589285714285,d47e52bbf60baadcabfaa1552c3d91205b2ca931779dfe322738f81255c1d662,0.0,0.11160714285714286,unlabeled_pool,0.8348214285714286,3000
0,UNLABELED,0.75,54.92955731827533,0.004482269287109375,102.94898351033528,2757732,2026-07-29T10:35:24,3,0.3115144968032837,0.2987929880619049,52.13107201216804,0.08705357142857142,0.0,0.17633928571428573,0.045583089192708336,9,3,0.484375,,20260729_103524.jpg,4000,0.6666666666666666,20,0.005204891785979271,0.9263392857142857,1.484494147075461,49fd920dd62529d2,True,scene-0036,dusuk_guven;aykiri_aydinlatma_netlik_veya_kadraj,0.5804464285714286,528a735ff908095b62cb07cda6bedaf159352911e1440759ab6512b1306bd733,0.0,0.453125,unlabeled_pool,0.984375,3000
0,UNLABELED,0.75,1176.2260165897437,0.02811431884765625,92.88434219360352,3051001,2026-07-29T10:39:09,3,0.6676319241523743,0.65724778175354,62.80912752084627,0.9508928571428571,0.007217321571772253,0.29017857142857145,0.005139668782552083,159,87,0.8415178571428571,,20260729_103909.jpg,4000,0.4528301886792453,22,0.0018779259407892823,0.45535714285714285,0.643738936401896,0249db53d199b1d3,True,scene-0040,kalabalik_sahne;mevcut_etiketlerden_gorsel_olarak_uzak,0.5802232142857142,c23696f57d3915364a7c77f03bef30656c6932b410629960e059071d87e9dc3c,0.05747126436781609,0.7209821428571429,unlabeled_pool,0.3080357142857143,3000
0,UNLABELED,0.75,514.4418404116232,0.0038960774739583335,86.83203506469727,2678949,2026-07-29T10:37:58,3,0.6330641508102417,0.594245195388794,52.67888745041657,0.8794642857142857,0.00966183574879227,0.36607142857142855,0.00022633870442708334,89,46,0.953125,,20260729_103758.jpg,4000,0.48314606741573035,24,0.004885108210146427,0.22767857142857142,0.5040034219901885,1980528a3ddcb5f5,True,scene-0038,kalabalik_sahne;mevcut_etiketlerden_gorsel_olarak_uzak,0.5783035714285715,de88281d12f7a36bd3180899b110ab21fc5b87c19509e1fa812f6827d2b8fdca,0.0,0.5714285714285714,unlabeled_pool,0.48214285714285715,3000
0,UNLABELED,0.75,92.94388809789807,0.015200297037760416,88.871763865153,1402050,2026-07-29T10:29:01,3,0.6141061186790466,0.6141061186790466,47.30558320488689,0.029017857142857144,0.0,0.12053571428571429,0.017252604166666668,11,2,0.9040178571428571,,20260729_102901.jpg,4000,0.8181818181818182,24,0.0083394730463624,0.8415178571428571,1.0718121833601235,77760e8301e978b8,True,scene-0034,dusuk_guven;aykiri_aydinlatma_netlik_veya_kadraj;mevcut_etiketlerden_gorsel_olarak_uzak,0.577857142857143,116b3aefa18531f88990e7052db0157cec5d291f0518ae31fef9e166ae25bb41,0.0,0.3794642857142857,unlabeled_pool,0.9419642857142857,3000
0,UNLABELED,0.75,371.7826928841726,0.011239369710286459,82.34367116292317,2672911,2026-07-29T10:38:04,3,0.48463693261146545,0.422169029712677,55.442466156390836,0.7075892857142857,0.016091954022988506,0.5625,0.0191192626953125,69,30,0.013392857142857142,,20260729_103804.jpg,4000,0.5652173913043478,8,0.0057071298360824585,0.35714285714285715,0.5867623933110335,282f402b1ed9d679,True,scene-0038,dusuk_guven,0.5777678571428572,81ca44d27fa5d9d8d582cc6e0be1a448e7a589ebd68ca19c42a8e7ad23191d28,0.0,0.6026785714285714,unlabeled_pool,0.8459821428571429,3000
0,UNLABELED,0.75,911.7451103793622,0.003681182861328125,115.63411331176758,3140511,2026-07-29T09:53:32,3,0.46943163871765137,0.4403148889541626,48.12899019862013,0.421875,0.15555555555555556,0.9419642857142857,0.0012296040852864583,24,10,0.5825892857142857,,20260729_095332.jpg,4000,0.5833333333333334,22,0.06600231677293777,0.43973214285714285,0.6303675108009592,6e3613c81b166d8e,True,scene-0014,dusuk_guven;ortusen_yuzler,0.5775892857142858,c35a71e5ad4ff882d6ee0d3ac25d32c0600f12a1a0676198daf6f12338925e76,0.0,0.08928571428571429,unlabeled_pool,0.8794642857142857,3000
0,UNLABELED,0.75,1235.0984124798367,0.028806050618489582,99.19512049357097,4044789,2026-07-29T09:55:07,3,0.5768656730651855,0.5419399738311768,48.46547589641301,0.7276785714285714,0.018145161290322582,0.5848214285714286,0.007979075113932291,61,32,0.390625,,20260729_095507.jpg,4000,0.47540983606557374,20,0.0011383651290088892,0.24107142857142858,0.5143705028417104,63661a1aa2a67cdc,True,scene-0016,kucuk_uzak_yuzler,0.5775892857142857,eb8e55c0263043ad80370a687a6020ee0378fcdcf881ac00423a1666b96ecf45,0.21875,0.8571428571428571,unlabeled_pool,0.6004464285714286,3000
0,UNLABELED,0.75,510.65114651335654,0.0214385986328125,87.89534505208333,2625782,2026-07-29T10:38:01,3,0.6244242787361145,0.6301380395889282,57.33381488301181,0.7366071428571429,0.014112903225806451,0.49776785714285715,0.001194000244140625,66,32,0.7901785714285714,,20260729_103801(0).jpg,4000,0.5151515151515151,22,0.003967073280364275,0.25,0.5178590442523503,1ce35ee91a9c3305,True,scene-0038,mevcut_etiketlerden_gorsel_olarak_uzak,0.5769196428571429,347bb59f870703add858077569a98230f5acab4111378b1e3748ccbc4689d5a4,0.0,0.5848214285714286,unlabeled_pool,0.5825892857142857,3000
0,UNLABELED,0.75,1793.5626806593318,0.022206624348958332,96.30214182535808,3035050,2026-07-29T10:37:50,3,0.6186415553092957,0.6022221446037292,55.058194034281186,0.90625,0.008627450980392156,0.33035714285714285,0.0,99,51,0.7790178571428571,,20260729_103750.jpg,4000,0.48484848484848486,22,0.00700356112793088,0.30580357142857145,0.5549300287118714,73988e90e1f0c59d,True,scene-0038,kalabalik_sahne;mevcut_etiketlerden_gorsel_olarak_uzak,0.5763839285714286,b975522f3c26c81be016911f750a47b4efc18dc3e80b2300d97699e05a405fc9,0.0,0.546875,unlabeled_pool,0.5111607142857143,3000
0,UNLABELED,0.75,651.8264159913849,0.03860346476236979,97.80175018310547,2536772,2026-07-29T10:37:46,3,0.6303855776786804,0.5885757207870483,58.68696845733514,0.7611607142857143,0.0142602495543672,0.5066964285714286,5.086263020833333e-06,65,34,0.9464285714285714,,20260729_103746(0).jpg,4000,0.47692307692307695,24,0.005215384066104889,0.31473214285714285,0.5613979340196639,465719554798a8e7,True,scene-0038,kalabalik_sahne;mevcut_etiketlerden_gorsel_olarak_uzak,0.5737053571428572,bae587b5f84501ea13102255acca78b6ffbec8a3e1e04187b82d8efda8071696,0.0,0.53125,unlabeled_pool,0.4732142857142857,3000
0,UNLABELED,0.75,162.1279431364173,0.03226470947265625,96.15178680419922,1447941,2026-07-29T10:28:53,3,0.5754813551902771,0.4788295328617096,52.40842464573744,0.34375,0.09523809523809523,0.8571428571428571,0.020476023356119793,13,7,0.6875,,20260729_102853.jpg,4000,0.46153846153846156,22,0.0074775745160877705,0.7991071428571429,0.9314265140020201,6aacf6ecf3890181,True,scene-0034,ortusen_yuzler;aykiri_aydinlatma_netlik_veya_kadraj,0.5732589285714287,7747dd111b6f6ba726f6a19d6a345f766616b9a5aae0619198faaebf441f07a1,0.0,0.359375,unlabeled_pool,0.5647321428571429,3000
0,UNLABELED,0.75,730.2089323883605,0.028676350911458332,100.37607828776042,3538782,2026-07-29T09:55:45,3,0.6472244262695312,0.7557477355003357,50.77837375525378,0.5669642857142857,0.022058823529411766,0.6227678571428571,0.00881195068359375,43,17,0.6183035714285714,,20260729_095545.jpg,4000,0.6046511627906976,22,0.0020023405086249113,0.029017857142857144,0.30127101999892697,34a64a9a32d66c9d,True,scene-0017,kucuk_uzak_yuzler,0.5729464285714287,3884f838caf300de78eb8d049b7af46baf0b7bfcce6fde7dd8e8565c49f09c8a,0.35294117647058826,0.9129464285714286,unlabeled_pool,0.6808035714285714,3000
0,UNLABELED,0.75,1483.7353592247944,0.022656758626302082,96.20818837483723,4253619,2026-07-29T10:38:38,3,0.6060340404510498,0.6314830183982849,60.267027860203434,0.7767857142857143,0.010084033613445379,0.375,0.005315144856770833,75,35,0.5245535714285714,,20260729_103838.jpg,4080,0.5333333333333333,20,0.00514911999925971,0.29464285714285715,0.5506369670889723,2627ac07a9aba4cd,True,scene-0039,kalabalik_sahne,0.5729464285714285,e311f76a580e994de5d7177f02141bde2def830cef11d07e4e903f19b5193edb,0.0,0.6383928571428571,unlabeled_pool,0.6450892857142857,3060
0,UNLABELED,0.75,399.6154757532432,0.005009969075520833,105.04651641845703,2549326,2026-07-29T09:51:23,3,0.6126534342765808,0.5252465009689331,64.40323929958758,0.6450892857142857,0.018461538461538463,0.5892857142857143,0.08634185791015625,37,26,0.5513392857142857,,20260729_095123.jpg,4000,0.2972972972972973,22,0.0013937550829723477,0.9464285714285714,1.5829066299798225,390eb0d776780e91,True,scene-0011,kucuk_uzak_yuzler;aykiri_aydinlatma_netlik_veya_kadraj,0.5708482142857143,799e3ac551b118425a99827e820f327ce23ecab80781c6fdc94ddd7d2c312440,0.9615384615384616,0.9665178571428571,unlabeled_pool,0.10714285714285714,3000
0,UNLABELED,0.75,1394.0159227875195,0.028184254964192707,99.69937515258789,4431169,2026-07-29T09:55:19,3,0.5807816386222839,0.5310685634613037,47.13744139387143,0.8526785714285714,0.012181616832779624,0.44642857142857145,0.004862467447916667,79,43,0.23660714285714285,,20260729_095519.jpg,4000,0.45569620253164556,18,0.0014821798540651798,0.41964285714285715,0.6216427735759907,585030e6e67c5d9c,True,scene-0016,kalabalik_sahne;kucuk_uzak_yuzler,0.5694642857142858,70a8f560df742ec872acecf17b0407613c41bdc9fa4f1bb32e1fd2258e79b2be,0.11627906976744186,0.78125,unlabeled_pool,0.5334821428571429,3000
0,UNLABELED,0.75,740.0294945533242,0.039798736572265625,102.08875020345052,2407758,2026-07-29T10:37:45,3,0.6623674035072327,0.7127326726913452,55.86684761159329,0.6629464285714286,0.011396011396011397,0.42410714285714285,0.0,69,27,0.7633928571428571,,20260729_103745.jpg,4000,0.6086956521739131,22,0.006997806020081043,0.25669642857142855,0.5220155025672727,5b45355949a0a2df,True,scene-0038,mevcut_etiketlerden_gorsel_olarak_uzak,0.5686160714285715,9c14a83364f68a3bee3dfed0c595dde00ff778e1622344a442d83f87ae3a4b48,0.0,0.5290178571428571,unlabeled_pool,0.6674107142857143,3000
0,UNLABELED,0.75,234.19761656876653,0.001338958740234375,111.90981547037761,3074572,2026-07-29T09:51:56,3,0.6166291236877441,0.5831301212310791,61.33969486547103,0.8459821428571429,0.012775842044134728,0.46205357142857145,0.014521280924479166,67,42,0.5647321428571429,,20260729_095156.jpg,4000,0.373134328358209,22,0.0019879667088389397,0.765625,0.8901133435758569,2e5585ea6ad4898b,True,scene-0012,kalabalik_sahne;aykiri_aydinlatma_netlik_veya_kadraj,0.5666071428571429,e85bf1bc0ff97d08d4bad463efdd9435c88d2b8853dd79a7c7bee9eac93b5a2d,0.047619047619047616,0.703125,unlabeled_pool,0.22321428571428573,3000
0,UNLABELED,0.75,2089.323034302015,0.00347900390625,101.8580830891927,3640460,2026-07-29T09:53:46,3,0.5271188020706177,0.5168713927268982,52.29673960447472,0.43080357142857145,0.06666666666666667,0.7633928571428571,0.038889567057291664,25,10,0.21651785714285715,,20260729_095346.jpg,4000,0.6,18,0.029908621683716774,0.78125,0.9142539915523596,56126d9920cd17b7,True,scene-0014,dusuk_guven;ortusen_yuzler;aykiri_aydinlatma_netlik_veya_kadraj,0.5662946428571428,0b83877957223a51da623ddac31a1e2175e737cd49621e0cacb86586c00a26d1,0.0,0.13169642857142858,unlabeled_pool,0.8370535714285714,3000
0,UNLABELED,0.75,1402.537348611084,0.009091695149739584,85.17319361368816,3437274,2026-07-29T10:38:59,3,0.6932663321495056,0.7604912519454956,60.0816240477277,0.96875,0.004327301337529505,0.23214285714285715,0.03514226277669271,217,124,0.5424107142857143,,20260729_103859.jpg,4000,0.42857142857142855,20,0.0011188988573849201,0.7566964285714286,0.8805119980832414,211ae912c9cbd9cd,True,scene-0040,kalabalik_sahne;kucuk_uzak_yuzler;aykiri_aydinlatma_netlik_veya_kadraj,0.5659375000000001,52fc6687a7f704b24cc4983ed454d2d609959b829b6e18d416280807def8ba6d,0.14516129032258066,0.8102678571428571,unlabeled_pool,0.17633928571428573,3000
0,UNLABELED,0.75,1063.5699706068197,0.028026580810546875,98.49258168538411,3948038,2026-07-29T09:55:11,3,0.5719685554504395,0.4981412887573242,49.597326558388644,0.875,0.015458937198067632,0.546875,0.009496053059895834,101,46,0.002232142857142857,,20260729_095511.jpg,4000,0.5445544554455446,8,0.001208543311804533,0.10267857142857142,0.42333711477451935,20890d52e2e6fcfc,True,scene-0016,kalabalik_sahne;kucuk_uzak_yuzler,0.5654464285714287,6a7bf4db3c0f0b58fcc21c64aab1d8baa3b4ff30bf67861154a4acd5db76b133,0.30434782608695654,0.8950892857142857,unlabeled_pool,0.6919642857142857,3000
0,UNLABELED,0.75,2194.5311506876,0.015291849772135416,90.30685424804688,4560684,2026-07-29T10:38:19,3,0.5759730339050293,0.490109920501709,56.06118671868304,0.7388392857142857,0.012096774193548387,0.4419642857142857,0.001667022705078125,78,32,0.08705357142857142,,20260729_103819.jpg,4080,0.5897435897435898,12,0.00786945316940546,0.4017857142857143,0.6153548403469379,50e5cac2ac70cdd5,True,scene-0038,dusuk_guven,0.5654464285714286,f920b56e6f587202eab38afa3b1bac02d9010dc51f8286fc5ee5c1c16a4bc799,0.0,0.6160714285714286,unlabeled_pool,0.7589285714285714,3060
0,UNLABELED,0.75,1520.17303939619,0.018431345621744793,99.8462397257487,2986450,2026-07-29T10:37:48,3,0.6484538316726685,0.6405595541000366,53.24457582120866,0.9017857142857143,0.008979591836734694,0.33482142857142855,0.0,108,50,0.7723214285714286,,20260729_103748(0).jpg,4000,0.5370370370370371,22,0.0053832498379051685,0.15178571428571427,0.46115465936370903,3bc08eccf0f880cf,True,scene-0038,kalabalik_sahne;mevcut_etiketlerden_gorsel_olarak_uzak,0.5648660714285715,9c82cffb13c7162ef71ede6792c1157c5ccd6d59a98784836653df324b383060,0.0,0.5379464285714286,unlabeled_pool,0.5669642857142857,3000
0,UNLABELED,0.75,1686.2325880675482,0.005678812662760417,101.71996943155925,3455886,2026-07-29T09:53:39,3,0.4290804862976074,0.3780357241630554,52.95084559994127,0.23883928571428573,0.13333333333333333,0.9174107142857143,0.03102874755859375,26,6,0.3638392857142857,,20260729_095339(0).jpg,4000,0.7692307692307693,20,0.05694063752889633,0.5580357142857143,0.7032940469130176,7e1a40e2089d77ec,True,scene-0014,dusuk_guven;ortusen_yuzler,0.5637053571428572,b673be1f5374f472bb42a33c44310aaa33cf1b2ed029e7a35282a8270723060d,0.0,0.11607142857142858,unlabeled_pool,0.9821428571428571,3000
0,UNLABELED,0.75,356.92223608365595,0.0072479248046875,102.7735824584961,2134941,2026-07-29T10:35:48,3,0.4241943359375,0.4241943359375,54.36673944087228,0.04017857142857143,0.0,0.1875,0.04476038614908854,6,2,0.7366071428571429,,20260729_103548(0).jpg,4000,0.6666666666666666,22,0.016476618126034737,0.6875,0.8033036965133816,11ad6e12f84f9d90,True,scene-0037,dusuk_guven,0.5629910714285714,c35b7034243311d58021ce7b0d00741c788e1158dc1afed95fb6184820c955bf,0.0,0.4888392857142857,unlabeled_pool,0.9620535714285714,3000
0,UNLABELED,0.75,2091.350671539471,0.0037676493326822915,106.67595672607422,3678961,2026-07-29T09:53:37,3,0.45763057470321655,0.36234283447265625,47.31750291786756,0.38839285714285715,0.1388888888888889,0.9285714285714286,0.0126190185546875,22,9,0.20982142857142858,,20260729_095337.jpg,4000,0.5909090909090909,18,0.03372238948941231,0.6316964285714286,0.7474994419650058,3eb606d251e807b5,True,scene-0014,dusuk_guven;ortusen_yuzler,0.5627232142857143,974f00ee6a0465eda814b1961ee95055fdc88677982f11e7cacab1f6a69c7f86,0.0,0.109375,unlabeled_pool,0.8950892857142857,3000
0,UNLABELED,0.75,1452.1133349511692,0.011842091878255209,92.69130198160808,3365245,2026-07-29T10:38:51,3,0.6615643501281738,0.6876922845840454,61.9803856349591,0.9933035714285714,0.004052684903748734,0.22544642857142858,0.03912226359049479,237,141,0.30357142857142855,,20260729_103851.jpg,4000,0.4050632911392405,18,0.0015553893754258752,0.7366071428571429,0.8565675779189692,6b28f92a1b4a89d9,True,scene-0040,kalabalik_sahne;kucuk_uzak_yuzler,0.5620535714285715,3376fa26839c1378f0c5a97a6af96f10a96b18e7d6e7ad748d009b1a76af9d7a,0.6595744680851063,0.9486607142857143,unlabeled_pool,0.19196428571428573,3000
0,UNLABELED,0.75,1831.026875616614,0.023286183675130207,97.83991114298503,2981219,2026-07-29T10:37:50,3,0.681090235710144,0.7115848660469055,54.963681129938095,0.8973214285714286,0.006802721088435374,0.2767857142857143,0.0,101,49,0.7767857142857143,,20260729_103750(0).jpg,4000,0.5148514851485149,22,0.002451828448101878,0.296875,0.5522760163409562,73989eb0e190c59d,True,scene-0038,kalabalik_sahne;mevcut_etiketlerden_gorsel_olarak_uzak,0.5606696428571429,2132e56f89917ada3b1b8fb9c0912af52fa7f3cb2cc46b31b9e49acbadc16d6c,0.02040816326530612,0.6540178571428571,unlabeled_pool,0.4330357142857143,3000
0,UNLABELED,0.75,1558.8453413562384,0.030209859212239582,99.30441157023112,4280998,2026-07-29T09:55:21,3,0.65814208984375,0.6675792336463928,52.47985161574368,0.8482142857142857,0.005807200929152149,0.26785714285714285,0.016475677490234375,98,42,0.05803571428571429,,20260729_095521(0).jpg,4000,0.5714285714285714,12,0.0006692131864838302,0.38839285714285715,0.6047047717658544,2fab890bc2e2e0ec,True,scene-0016,kalabalik_sahne;kucuk_uzak_yuzler,0.5595982142857143,9d6e4449fb837b7b07e383c485ce55fa6fa2a964351eddd9428b59f9bb7e88cc,0.21428571428571427,0.8549107142857143,unlabeled_pool,0.6227678571428571,3000
0,UNLABELED,0.75,1143.5207201928522,0.02057647705078125,96.87625885009766,2759282,2026-07-29T10:37:49,3,0.6267547011375427,0.7000238299369812,54.66224626471621,0.8839285714285714,0.009250693802035153,0.3482142857142857,0.0,99,47,0.7745535714285714,,20260729_103749.jpg,4000,0.5252525252525253,22,0.007689862512052059,0.07589285714285714,0.37761122222952276,738c8e98e0f8c49d,True,scene-0038,kalabalik_sahne;mevcut_etiketlerden_gorsel_olarak_uzak,0.5595089285714285,dec4401e19f86e8bd961e26e6789a80ffc55319d3bd24162bffd58208ea2f946,0.0,0.5424107142857143,unlabeled_pool,0.5959821428571429,3000
0,UNLABELED,0.75,658.6104417585823,0.005950927734375,66.50501378377278,2208317,2026-07-29T10:21:59,3,0.6882941722869873,0.7070276737213135,56.83649336863332,0.36830357142857145,0.0,0.033482142857142856,0.14037704467773438,19,8,0.25669642857142855,,20260729_102159(0).jpg,4000,0.5789473684210527,18,0.0018873850349336863,0.9419642857142857,1.570260214685986,489129d58e0f17af,True,scene-0022,kucuk_uzak_yuzler;aykiri_aydinlatma_netlik_veya_kadraj,0.5594642857142857,ef6b1e447357ec40d65c5347ca63e8bf3a63c858061058adf5da6b0499b3b0fc,1.0,0.9888392857142857,unlabeled_pool,0.5803571428571429,3000
0,UNLABELED,0.75,827.319507935238,0.043223063151041664,99.9748306274414,2509565,2026-07-29T10:37:46,3,0.6822068095207214,0.743308424949646,57.72245719442102,0.6383928571428571,0.0033333333333333335,0.21875,0.0,64,25,0.765625,,20260729_103746.jpg,4000,0.609375,22,0.010727143846452236,0.3950892857142857,0.6120548840858463,37775951738880a7,True,scene-0038,mevcut_etiketlerden_gorsel_olarak_uzak,0.5593303571428572,d0e2ddeaf137ae2d036d4c9ad4ac3a3cebc3cd557c228828c7588ed39ae07a6d,0.0,0.5334821428571429,unlabeled_pool,0.6428571428571429,3000
0,UNLABELED,0.75,1141.9965714447437,0.015252431233723959,88.61673355102539,2710702,2026-07-29T10:37:39,3,0.5681233406066895,0.5840858221054077,51.667864273012164,0.6339285714285714,0.010869565217391304,0.40625,0.0,66,24,0.5044642857142857,,20260729_103739.jpg,4000,0.6363636363636364,20,0.00612042099237442,0.171875,0.47545415231694693,686dcd4c41d63173,True,scene-0038,dusuk_guven,0.5591964285714287,b2769d96d1ff3a88d0efac0d2476ecd0829ea673dabb84bcdd1c280c9c4d17da,0.0,0.5133928571428571,unlabeled_pool,0.828125,3000
0,UNLABELED,0.75,149.319632200639,0.049397786458333336,96.73168563842773,1400824,2026-07-29T10:28:49,3,0.5720875859260559,0.5289443135261536,55.28956728863189,0.08258928571428571,0.0,0.109375,0.012905120849609375,15,3,0.6830357142857143,,20260729_102849.jpg,4000,0.8,22,0.006968385074287653,0.8325892857142857,1.0298183872752473,70e0ecf2b7c160f0,True,scene-0034,dusuk_guven;aykiri_aydinlatma_netlik_veya_kadraj,0.5591964285714286,5dacb20df60e12387d9ae7f33424b9c6136af6b73b267f6503609163dac19174,0.0,0.34598214285714285,unlabeled_pool,0.9575892857142857,3000
0,UNLABELED,0.75,1251.1011455455834,0.028781890869140625,93.4149881998698,3197998,2026-07-29T10:39:08,3,0.7272910475730896,0.7782829999923706,63.083467367822735,0.9419642857142857,0.005614035087719298,0.265625,0.004319508870442708,143,76,0.9776785714285714,,20260729_103908.jpg,4000,0.46853146853146854,24,0.002482646144926548,0.5,0.6809453993921667,0349db11f199b1d3,True,scene-0040,kalabalik_sahne;mevcut_etiketlerden_gorsel_olarak_uzak,0.5582142857142858,95ab6aa829c6a5b1c31737a4aa812d7e231d3773f14cc388feae9d2595a9cfcf,0.02631578947368421,0.6629464285714286,unlabeled_pool,0.18973214285714285,3000
0,UNLABELED,0.75,45.80611012208425,0.0036570231119791665,61.833109537760414,2265115,2026-07-29T10:22:09,3,0.5282483696937561,0.3896961212158203,44.59835843599986,0.060267857142857144,0.3333333333333333,0.9665178571428571,0.09563954671223958,7,3,0.26339285714285715,,20260729_102209.jpg,4000,0.5714285714285714,18,0.02321724221110344,1.0,2.6567890077420726,6807b6f549d22936,True,scene-0022,dusuk_guven;ortusen_yuzler;aykiri_aydinlatma_netlik_veya_kadraj,0.558125,70615dccff050c570282caa7119648a6782ef9ef2f2c7bc712f9065c4c07e796,0.0,0.23883928571428573,unlabeled_pool,0.8013392857142857,3000
0,UNLABELED,0.75,323.7662908265661,0.019318898518880207,101.92800903320312,1998693,2026-07-29T10:35:44,3,0.5795254707336426,0.5933628678321838,58.43964191567519,0.10491071428571429,0.0,0.18526785714285715,0.04194768269856771,9,3,0.734375,,20260729_103544.jpg,4000,0.6666666666666666,22,0.009247840382158756,0.7723214285714286,0.901972147280469,75857a6a003f398d,True,scene-0036,dusuk_guven;aykiri_aydinlatma_netlik_veya_kadraj,0.5574553571428572,c5b2044b79595ba11535ed7af884593a3c19aed4a3bc154f7042126909dae171,0.0,0.48660714285714285,unlabeled_pool,0.8504464285714286,3000
0,UNLABELED,0.75,214.13028805762417,0.008266448974609375,105.17429733276367,1951255,2026-07-29T10:35:50,3,0.37789708375930786,0.37789708375930786,52.16399214442478,0.046875,0.0,0.19419642857142858,0.023520151774088543,5,2,0.7433035714285714,,20260729_103550.jpg,4000,0.6,22,0.007318580988794565,0.6383928571428571,0.7593465515862747,36f98c36a2193da4,True,scene-0037,dusuk_guven,0.5557589285714286,73dc9fb4ab0b8a2adbaef1537131eb077ebcea710643a6110345a1428571fe73,0.0,0.4955357142857143,unlabeled_pool,0.9508928571428571,3000
0,UNLABELED,0.75,701.6387988109927,0.03276697794596354,99.13996505737305,3462069,2026-07-29T09:55:44,3,0.6701992750167847,0.6576847434043884,52.96835498795288,0.5736607142857143,0.0196078431372549,0.6049107142857143,0.010384877522786459,39,18,0.8705357142857143,,20260729_095544.jpg,4000,0.5384615384615384,24,0.0015405379235744476,0.03794642857142857,0.31571432446922754,4c862adaf6c620f9,True,scene-0017,kucuk_uzak_yuzler;mevcut_etiketlerden_gorsel_olarak_uzak,0.5538839285714287,31124a9b4a16e589e8d5db4806dd139d906c91211ccf95e8e8ba0e66c6ffb8d0,0.2777777777777778,0.8839285714285714,unlabeled_pool,0.515625,3000
0,UNLABELED,0.75,457.7906796882292,0.011839548746744791,91.88555272420247,2651555,2026-07-29T10:37:58,3,0.6717663407325745,0.7249204516410828,55.365974628483386,0.8504464285714286,0.009291521486643438,0.35044642857142855,2.7974446614583332e-05,96,42,0.7834821428571429,,20260729_103758(0).jpg,4000,0.5625,22,0.005699126049876213,0.06919642857142858,0.36881531285661073,188816aa3ddcd5d5,True,scene-0038,kalabalik_sahne;mevcut_etiketlerden_gorsel_olarak_uzak,0.5533482142857143,87873caf6cccb5f2430899d67dba91cc7f4a4d61351a981c6b35a4411c34fa9a,0.0,0.5669642857142857,unlabeled_pool,0.5848214285714286,3000
0,UNLABELED,0.75,242.47887293198735,0.044879913330078125,93.62126795450847,1493041,2026-07-29T10:28:38,3,0.5467242002487183,0.5059603452682495,59.51367856036539,0.14732142857142858,0.16666666666666666,0.9508928571428571,0.0025800069173177085,10,4,0.17857142857142858,,20260729_102838(0).jpg,4000,0.6,16,0.00764119578525424,0.8169642857142857,0.985448860281258,15e0a8a8ed572f89,True,scene-0033,dusuk_guven;ortusen_yuzler;aykiri_aydinlatma_netlik_veya_kadraj,0.5520089285714287,7a9b1302325eeb08890941f8f75433fa7846b1e3f91534750495a0c98b8b6226,0.0,0.34151785714285715,unlabeled_pool,0.8125,3000
0,UNLABELED,0.75,764.0398355318833,0.030520121256510418,95.70665995279948,2846212,2026-07-29T10:39:10,3,0.6736862063407898,0.7458469867706299,63.96790791402214,0.9486607142857143,0.007911392405063292,0.3169642857142857,0.0032755533854166665,145,80,0.84375,,20260729_103910.jpg,4000,0.4482758620689655,22,0.0010574765037745237,0.2924107142857143,0.5499072497100322,5359db119399a193,True,scene-0040,kalabalik_sahne;mevcut_etiketlerden_gorsel_olarak_uzak,0.5510267857142856,f5924137571e4a94567d446f9d15e66df36115684a997d218a221c549c2a63e9,0.0625,0.7254464285714286,unlabeled_pool,0.2857142857142857,3000
0,UNLABELED,0.75,1580.161008627424,0.002628326416015625,112.95987065633138,3492806,2026-07-29T09:53:42,3,0.4875044524669647,0.4538631737232208,53.98058952822364,0.45982142857142855,0.03636363636363636,0.6875,0.020320892333984375,32,11,0.21205357142857142,,20260729_095342.jpg,4000,0.65625,18,0.00516549265012145,0.5513392857142857,0.7020982603233888,134890c96b9d7717,True,scene-0014,dusuk_guven,0.5509375,cc6819182d4fd57411ab9cd024741c604501ec9706655e3e2ffca93429b9e7ea,0.0,0.12276785714285714,unlabeled_pool,0.9263392857142857,3000
0,UNLABELED,0.75,1407.8861653268493,0.021626790364583332,97.47799555460612,4120151,2026-07-29T10:38:12,3,0.6394656896591187,0.6048416495323181,58.266917043388084,0.8080357142857143,0.0075075075075075074,0.3013392857142857,0.0009663899739583334,81,37,0.515625,,20260729_103812.jpg,4080,0.5432098765432098,20,0.00808521918952465,0.24776785714285715,0.5165426486654432,0631d0d5d8658f9d,True,scene-0038,kalabalik_sahne,0.5482589285714285,e7f905665412029a5b1e924b670ea540cd5b819b3116bbbe30219f2a26b629cb,0.0,0.6116071428571429,unlabeled_pool,0.6049107142857143,3060
0,UNLABELED,0.75,1680.1329683569322,0.0035451253255208335,107.26742935180664,3599123,2026-07-29T09:53:36,3,0.40828952193260193,0.31307825446128845,46.36380578009562,0.4575892857142857,0.12727272727272726,0.90625,0.01129150390625,20,11,0.36160714285714285,,20260729_095336(0).jpg,4000,0.45,20,0.037286482751369476,0.53125,0.6930982701036222,1eb666c251c907b5,True,scene-0014,dusuk_guven;ortusen_yuzler,0.5480357142857143,653821a3cbef95016121b9ca53e4d4f714715d8f0e57128745c950c76ec2e35c,0.0,0.10267857142857142,unlabeled_pool,0.796875,3000
0,UNLABELED,0.75,1567.7763900620241,0.010073343912760416,86.2861099243164,3497643,2026-07-29T10:38:58,3,0.6844620704650879,0.7206245064735413,60.61749766017181,0.9709821428571429,0.005032258064516129,0.2544642857142857,0.03495152791341146,224,125,0.30580357142857145,,20260729_103858(0).jpg,4000,0.4419642857142857,18,0.0006536775617860258,0.7700892857142857,0.8994159764523573,251aa93249cbd9cd,True,scene-0040,kalabalik_sahne;kucuk_uzak_yuzler;aykiri_aydinlatma_netlik_veya_kadraj,0.5479910714285716,d4137fb08ad11dea1d9e5456a6359aac7bfefe9a09bb95d74209cb7e629d2a5d,0.096,0.7522321428571429,unlabeled_pool,0.22544642857142858,3000
0,UNLABELED,0.75,1582.5087798271152,0.02728271484375,98.13016001383464,4314678,2026-07-29T09:55:22,3,0.6038990616798401,0.5921010971069336,51.915760992413645,0.8571428571428571,0.01107419712070875,0.41294642857142855,0.019915262858072918,83,43,0.008928571428571428,,20260729_095522.jpg,4000,0.4819277108433735,8,0.001295275054872036,0.421875,0.6231486286830232,26a08903e2f2fcfc,True,scene-0016,kalabalik_sahne;kucuk_uzak_yuzler,0.5469196428571429,4114b409f7e9b0d3a4228936cd4c913435913b5981a6db4c36bd556f4adfa9bb,0.13953488372093023,0.7991071428571429,unlabeled_pool,0.5491071428571429,3000
0,UNLABELED,0.75,173.94563927101592,0.0147705078125,92.0504633585612,1459842,2026-07-29T10:29:03,3,0.6152887940406799,0.6750169992446899,49.8796989160075,0.2924107142857143,0.06666666666666667,0.8080357142857143,0.005260467529296875,13,6,0.6964285714285714,,20260729_102903(0).jpg,4000,0.5384615384615384,22,0.00880600418895483,0.5714285714285714,0.7073735706672737,0e7cba3f41c170f0,True,scene-0034,ortusen_yuzler,0.5467857142857142,fc7a2ebfc25bd45eff5ed1af709fa49f05ae896c3cf2c12398a351d6c1007fc6,0.0,0.38392857142857145,unlabeled_pool,0.6383928571428571,3000
0,UNLABELED,0.75,345.38048875424846,0.007021586100260417,87.5093485514323,2425274,2026-07-29T10:38:05,3,0.5421661138534546,0.532409131526947,55.56033904877154,0.7165178571428571,0.01935483870967742,0.6026785714285714,0.003192901611328125,68,31,0.04017857142857143,,20260729_103805.jpg,4000,0.5441176470588235,10,0.013823380693793297,0.27455357142857145,0.5339609468324904,1827a229c6edd26d,True,scene-0038,sahne_cesitliligi,0.5441964285714286,dc8c81b973c6e7d82fd0b38d7c513d5af597271879d09be8c331e724079da8e4,0.0,0.6071428571428571,unlabeled_pool,0.7388392857142857,3000
0,UNLABELED,0.75,899.9100530940659,0.030984242757161457,96.06956990559895,3163711,2026-07-29T10:39:07,3,0.6388779282569885,0.6394702792167664,64.19722373968149,0.953125,0.006894790602655771,0.2857142857142857,0.00240325927734375,150,89,0.8392857142857143,,20260729_103907.jpg,4000,0.4066666666666667,22,0.0016874042339622974,0.40848214285714285,0.6186464505451277,4b449f509be1b193,True,scene-0040,kalabalik_sahne;mevcut_etiketlerden_gorsel_olarak_uzak,0.5440178571428572,4c5dd7a13fbecd5655651df80ca7fe0b6d35641a526cdc827723543c97cc05f7,0.011235955056179775,0.6428571428571429,unlabeled_pool,0.24553571428571427,3000
0,UNLABELED,0.75,1016.0665420527004,0.043248494466145836,97.21720377604167,15447346,2026-07-29T09:25:28,3,0.6060650944709778,0.6459238529205322,63.46389328816538,0.18080357142857142,0.1,0.859375,0.0074462890625,26,5,0.5491071428571429,,20260729_092528.jpg,8160,0.8076923076923077,22,0.01227032020688057,0.5625,0.7050094078241326,68791a5f8c91b1a5,True,scene-0007,dusuk_guven;ortusen_yuzler,0.5436160714285714,7ab9f20384cae1e764a439586b6c031febda26f897a3f50203571e5eedf7c69f,0.0,0.017857142857142856,unlabeled_pool,0.9397321428571429,6120
0,UNLABELED,0.75,314.0330000917117,0.04070409138997396,96.60489654541016,1638037,2026-07-29T10:28:06,3,0.5456093549728394,0.5190576910972595,54.96825106007793,0.12723214285714285,0.0,0.07589285714285714,0.0008761088053385416,9,4,0.671875,,20260729_102806.jpg,4000,0.5555555555555556,22,0.0015508729266002774,0.6138392857142857,0.7363440433667285,07d49494f4d37585,True,scene-0032,kucuk_uzak_yuzler,0.5425,184daf3d27c2f3f58d7561fe3fe4f3ba61f22c76cf82f73cd8f98d0a9eac61f8,0.25,0.8660714285714286,unlabeled_pool,0.7477678571428571,3000
0,UNLABELED,0.75,1332.0248722160788,0.0035031636555989585,113.35406748453777,3431257,2026-07-29T09:53:34,3,0.44887977838516235,0.3980353772640228,45.29999103207715,0.4263392857142857,0.13333333333333333,0.9129464285714286,0.004338582356770833,20,10,0.203125,,20260729_095334.jpg,4000,0.5,18,0.04714417830109596,0.625,0.7464240055930312,7e2a1442c1d93ee5,True,scene-0014,dusuk_guven;ortusen_yuzler,0.54125,49566409765c9aa98900704a7de70b78c9e06d42826d4799a5478bfedbb1beba,0.0,0.09598214285714286,unlabeled_pool,0.8102678571428571,3000
0,UNLABELED,0.75,231.08618131268122,0.011861165364583334,98.47983169555664,2161910,2026-07-29T10:35:36,3,0.6066524982452393,0.5776323080062866,62.62208754528388,0.17633928571428573,0.5,0.9910714285714286,0.06495157877604167,7,4,0.7232142857142857,,20260729_103536(0).jpg,4000,0.42857142857142855,22,0.045866116881370544,0.8928571428571429,1.2752883814714537,5fad20181b63ddd0,True,scene-0036,ortusen_yuzler;aykiri_aydinlatma_netlik_veya_kadraj,0.5412053571428571,b079860e28812181e31993afd661258be5cca9963fcdfbaa36ca1b82262050b3,0.0,0.47098214285714285,unlabeled_pool,0.39732142857142855,3000
0,UNLABELED,0.75,316.1834344606597,0.019364674886067707,102.73462168375652,2049765,2026-07-29T10:35:42,3,0.48040643334388733,0.2927459478378296,59.73983400458057,0.10267857142857142,0.0,0.18080357142857142,0.04711151123046875,6,3,0.7299107142857143,,20260729_103542.jpg,4000,0.5,22,0.009458629414439201,0.8258928571428571,1.0159567866906687,55c57a7a403d3985,True,scene-0036,dusuk_guven;aykiri_aydinlatma_netlik_veya_kadraj,0.5408482142857143,2658e456ad99e325a6bf14c54634cac2d4ad11af0b732df52b1f7528cc0fa4b4,0.0,0.48214285714285715,unlabeled_pool,0.7678571428571429,3000
0,UNLABELED,0.75,1710.2247674742248,0.0036557515462239585,117.64990488688152,3875490,2026-07-29T09:53:58,3,0.5090962052345276,0.481121301651001,51.00586461914331,0.5133928571428571,0.10256410256410256,0.8794642857142857,0.0012957255045572917,25,13,0.22321428571428573,,20260729_095358.jpg,4000,0.48,18,0.037691231817007065,0.6763392857142857,0.7891485396698049,1a56de13c30a3d74,True,scene-0014,ortusen_yuzler,0.540625,ebdb6665de8e537e139251ad281f1c430fc81bb3b19082395d114cd9ef385e10,0.0,0.15625,unlabeled_pool,0.6897321428571429,3000
0,UNLABELED,0.75,113.8726702448896,0.018781026204427082,96.2959213256836,1454061,2026-07-29T10:29:00,3,0.7082960605621338,0.7827112078666687,48.28918711250634,0.21651785714285715,0.1,0.8727678571428571,0.015472412109375,11,5,0.9017857142857143,,20260729_102900(0).jpg,4000,0.5454545454545454,24,0.007375615648925304,0.7767857142857143,0.9101645222194698,758e72fe758141c0,True,scene-0034,ortusen_yuzler;aykiri_aydinlatma_netlik_veya_kadraj;mevcut_etiketlerden_gorsel_olarak_uzak,0.5402678571428572,f871e3eb617b475b665320c7d1b19fa0633c234eb8c8fb1b8b445ff2b6450375,0.0,0.37723214285714285,unlabeled_pool,0.44419642857142855,3000
0,UNLABELED,0.75,527.6485935328127,0.003894805908203125,124.92405192057292,3096475,2026-07-29T09:54:10,3,0.5192801356315613,0.46875452995300293,52.17677939272049,0.4375,0.08888888888888889,0.84375,0.0,18,10,0.609375,,20260729_095410.jpg,4000,0.4444444444444444,22,0.009072805754840374,0.5535714285714286,0.7028345974501923,4cc7789c676a8638,True,scene-0014,ortusen_yuzler,0.5401339285714286,e5ad28f51acad7cfad95588cebb2216a4b774b7656f7f89703507fe5ed608070,0.0,0.19419642857142858,unlabeled_pool,0.640625,3000
0,UNLABELED,0.75,764.5730821031854,0.0283050537109375,91.9643046061198,2824788,2026-07-29T10:39:11,3,0.6908934116363525,0.7370105385780334,62.96353369585107,0.9397321428571429,0.00684931506849315,0.28125,0.0029818216959635415,136,73,0.8459821428571429,,20260729_103911.jpg,4000,0.4632352941176471,22,0.0016405843198299408,0.29910714285714285,0.5532687247283603,565bb20595b39195,True,scene-0040,kalabalik_sahne;mevcut_etiketlerden_gorsel_olarak_uzak,0.5398214285714287,a9eb93bfdf8b31c3db904b9f52360a24ea7f7a259d65cc05810f8e116812f361,0.0547945205479452,0.71875,unlabeled_pool,0.26339285714285715,3000
0,UNLABELED,0.75,1854.611851429249,0.02256011962890625,92.0901247660319,4343528,2026-07-29T10:38:28,3,0.6769335865974426,0.7471152544021606,59.07572329044583,0.8660714285714286,0.007399577167019027,0.29910714285714285,0.0039011637369791665,80,44,0.8035714285714286,,20260729_103828.jpg,4080,0.45,22,0.004625845234841108,0.4799107142857143,0.6640229464295857,2c9fb0b38a86b1e4,True,scene-0039,kalabalik_sahne;mevcut_etiketlerden_gorsel_olarak_uzak,0.5391517857142858,485522b01cc047bd5874de769748cc5b6575a88e552e71e8e844388e1deb0df0,0.0,0.6227678571428571,unlabeled_pool,0.2700892857142857,3060
0,UNLABELED,0.75,791.9120916381099,0.04194513956705729,96.29370371500652,14533222,2026-07-29T09:25:24,3,0.6054681539535522,0.6054681539535522,60.633747687836546,0.022321428571428572,1.0,0.9955357142857143,0.004629770914713542,16,2,0.8482142857142857,,20260729_092524.jpg,8160,0.875,24,0.04095134511590004,0.36607142857142855,0.5954711223028875,416af4bdd2998193,True,scene-0006,dusuk_guven;ortusen_yuzler;mevcut_etiketlerden_gorsel_olarak_uzak,0.5384375,fab02070791fafc64d778e1d5873dd419bca10c7d1566293e6d480989c15a28e,0.0,0.015625,unlabeled_pool,0.9709821428571429,6120
0,UNLABELED,0.75,269.1618969526462,0.029008229573567707,92.5934232076009,1585910,2026-07-29T10:27:59,3,0.5429841876029968,0.4555143415927887,54.23437622039262,0.33705357142857145,0.0,0.0625,0.019468943277994793,13,7,0.6607142857142857,,20260729_102759(0).jpg,4000,0.46153846153846156,22,0.0022049169056117535,0.59375,0.7256156274513608,68d2ecf6fb2501c0,True,scene-0032,kucuk_uzak_yuzler,0.5379464285714286,a9c1267c97c2e6bd28a8bd4a668203ab64f9535395d0bfaf005ac142e56a46df,0.14285714285714285,0.8035714285714286,unlabeled_pool,0.6339285714285714,3000
0,UNLABELED,0.75,1118.3454812079412,0.02669525146484375,98.31032180786133,3865841,2026-07-29T09:55:06,3,0.646635115146637,0.6722431182861328,47.47156055953918,0.7098214285714286,0.010752688172043012,0.390625,0.01000213623046875,65,31,0.38839285714285715,,20260729_095506(0).jpg,4000,0.5230769230769231,20,0.001163896406069398,0.17857142857142858,0.4771895982608576,67271a9ab6249c9c,True,scene-0016,kucuk_uzak_yuzler,0.5374553571428572,1f56894dff560616647c2d9f25f6b0956cb2721178722f3daffdef20a2fa7f92,0.41935483870967744,0.9285714285714286,unlabeled_pool,0.5401785714285714,3000
0,UNLABELED,0.75,1059.2220199110645,0.017072041829427082,100.37154642740886,2543108,2026-07-29T10:37:38,3,0.5823715329170227,0.5984335541725159,53.48392620184155,0.6316964285714286,0.010869565217391304,0.40401785714285715,0.0,67,24,0.5022321428571429,,20260729_103738.jpg,4000,0.6417910447761194,20,0.007033227477222681,0.046875,0.3326553993037067,1178a5e4a4da91db,True,scene-0038,dusuk_guven,0.5366964285714286,84a9a4f3b16a53235510ccb99e0eea585ce0e9c379a72064e724317ce9e2f750,0.0,0.5111607142857143,unlabeled_pool,0.8236607142857143,3000
0,UNLABELED,0.75,953.0740533880827,0.05680084228515625,103.96042378743489,2812242,2026-07-29T10:37:55,3,0.6927390694618225,0.7221380472183228,62.34580562435976,0.9129464285714286,0.00904977375565611,0.34151785714285715,2.5431315104166665e-06,87,52,0.5111607142857143,,20260729_103755(0).jpg,4000,0.40229885057471265,20,0.002488609403371811,0.8102678571428571,0.9714677220720526,22efaa80d4d6d2d4,True,scene-0038,kalabalik_sahne;aykiri_aydinlatma_netlik_veya_kadraj,0.5361607142857143,c76dac668aa270b19ac39c5492139afe4d5d1e4cb0f004c1551ad6f02b0323e1,0.019230769230769232,0.6495535714285714,unlabeled_pool,0.13392857142857142,3000
0,UNLABELED,0.75,177.3792435701455,0.015697479248046875,98.03969065348308,1598989,2026-07-29T10:29:05,3,0.5702195167541504,0.5630164742469788,50.39777826801231,0.15848214285714285,0.0,0.14285714285714285,0.004713694254557292,14,4,0.9196428571428571,,20260729_102905(1).jpg,4000,0.7142857142857143,24,0.008254583925008774,0.4419642857142857,0.6306446501056511,0eae7adf858141f0,True,scene-0034,dusuk_guven;mevcut_etiketlerden_gorsel_olarak_uzak,0.5361160714285714,c3db123a056f0d993a237657a2e02efdbfb0d630614ccbc643e50047a5242543,0.0,0.39955357142857145,unlabeled_pool,0.9040178571428571,3000
0,UNLABELED,0.75,312.38412959004444,0.007284800211588542,100.53476460774739,2088712,2026-07-29T10:35:48,3,0.51650071144104,0.51650071144104,54.134849463087306,0.04241071428571429,0.0,0.18973214285714285,0.04553858439127604,5,2,0.7388392857142857,,20260729_103548.jpg,4000,0.6,22,0.016361599788069725,0.7098214285714286,0.8312812036769393,11ad4612f84f9db1,True,scene-0037,dusuk_guven,0.5359375000000001,2862abefd886245b78e65bbb3db95eeba19dbccb7524352a6bf1b2e1b1cacb3d,0.0,0.49107142857142855,unlabeled_pool,0.8482142857142857,3000
0,UNLABELED,0.75,157.68732764494138,0.014987945556640625,95.32220840454102,1569683,2026-07-29T10:29:00,3,0.5972446203231812,0.6916428804397583,47.4812543186211,0.375,0.07142857142857142,0.8169642857142857,0.010163625081380209,13,8,0.6941964285714286,,20260729_102900.jpg,4000,0.38461538461538464,22,0.0013333160895854235,0.5982142857142857,0.7261207800254489,3c8e7efead8101c0,True,scene-0034,kucuk_uzak_yuzler;ortusen_yuzler,0.5357142857142857,50fd640825ea49a4fa83ee32c3ae8411b2044095f74ce0bb10685198db9613c9,0.125,0.7901785714285714,unlabeled_pool,0.31919642857142855,3000
0,UNLABELED,0.75,384.88150196832294,0.007633209228515625,104.25781377156575,2149891,2026-07-29T10:35:49,3,0.4997240900993347,0.4997240900993347,53.33822339787447,0.044642857142857144,0.0,0.19196428571428573,0.03627141316731771,6,2,0.7410714285714286,,20260729_103549.jpg,4000,0.6666666666666666,22,0.016700491309165955,0.5736607142857143,0.7081595788718182,10a9ee12f84f9db0,True,scene-0037,dusuk_guven,0.5354017857142858,9053b5bc90d072ec4140c3f44ba9708c431aa08846cc15a89057020a34345860,0.0,0.49330357142857145,unlabeled_pool,0.9196428571428571,3000
0,UNLABELED,0.75,170.4108648601284,0.014957427978515625,93.18810526529948,1476725,2026-07-29T10:29:03,3,0.5457659959793091,0.6069956421852112,49.8740173754464,0.22321428571428573,0.0,0.12946428571428573,0.004816691080729167,12,5,0.9084821428571429,,20260729_102903(1).jpg,4000,0.5833333333333334,24,0.008733673952519894,0.5691964285714286,0.7072422171772976,0e7cbabf418170f0,True,scene-0034,dusuk_guven;mevcut_etiketlerden_gorsel_olarak_uzak,0.5342410714285715,ac7e75e20cb45d47a86577cf93554a602737b5928ea642bee391311fb5726b7d,0.0,0.3861607142857143,unlabeled_pool,0.7946428571428571,3000
0,UNLABELED,0.75,213.55456036003136,0.016256968180338543,90.32077916463216,1500951,2026-07-29T10:29:19,3,0.5594334006309509,0.523469865322113,51.61969771993386,0.16964285714285715,0.0,0.16964285714285715,0.021962483723958332,9,4,0.9330357142857143,,20260729_102919.jpg,4000,0.5555555555555556,24,0.009437913075089455,0.6495535714285714,0.7685127801229635,7e608b41e1f870f8,True,scene-0035,mevcut_etiketlerden_gorsel_olarak_uzak,0.5339732142857143,719ce28ab02d940c881698dc0709acd66482088dfeda3e88490ec2bf857b027c,0.0,0.44419642857142855,unlabeled_pool,0.7321428571428571,3000
0,UNLABELED,0.75,149.01060128561065,0.017061869303385418,99.0692990620931,1460340,2026-07-29T10:28:59,3,0.695487916469574,0.7012891173362732,47.77013405826659,0.28794642857142855,0.06666666666666667,0.8058035714285714,0.002452850341796875,14,6,0.6919642857142857,,20260729_102859.jpg,4000,0.5714285714285714,22,0.008132926188409328,0.6785714285714286,0.7941739018068272,3c8e7e7ebd8101c0,True,scene-0034,ortusen_yuzler,0.5322767857142858,ef939bfa57ae3f240399baf9feb0e3ba248d531a064fa08b8c76341a3d66991b,0.0,0.375,unlabeled_pool,0.5357142857142857,3000
0,UNLABELED,0.75,1242.176828839809,0.028895060221354168,101.0151850382487,4373518,2026-07-29T09:55:31,3,0.5829927921295166,0.5976468324661255,50.84956560953064,0.7678571428571429,0.015126050420168067,0.5401785714285714,0.008228302001953125,65,35,0.11383928571428571,,20260729_095531.jpg,4000,0.46153846153846156,14,0.0016462737694382668,0.19196428571428573,0.4836814063575526,7dd71a14c6c68199,True,scene-0016,kalabalik_sahne;kucuk_uzak_yuzler,0.5319642857142857,0e5c603b740c2db3c97d09423223cd7b09bf8b96ccac39e6b1839bb6074b6aa7,0.3142857142857143,0.8973214285714286,unlabeled_pool,0.5513392857142857,3000
0,UNLABELED,0.75,827.6639931731744,0.0029157002766927085,117.53022384643555,3430958,2026-07-29T09:54:12,3,0.6402825117111206,0.6681234836578369,53.49136807702878,0.4732142857142857,0.05454545454545454,0.7433035714285714,9.409586588541667e-05,27,11,0.8683035714285714,,20260729_095412(0).jpg,4000,0.5925925925925926,24,0.014228440821170807,0.26339285714285715,0.5270472695819222,4c5c32c63eaa985e,True,scene-0014,mevcut_etiketlerden_gorsel_olarak_uzak,0.531875,88ca80d9a72d019d9b54052a72862022d0bbcc301d4162e47261864096aa193b,0.0,0.19866071428571427,unlabeled_pool,0.6741071428571429,3000
0,UNLABELED,0.75,1526.392314216003,0.017991383870442707,89.1597162882487,4187277,2026-07-29T10:38:26,3,0.6225484013557434,0.6415377259254456,58.26529525183025,0.8816964285714286,0.011594202898550725,0.43080357142857145,0.005980173746744792,92,46,0.18303571428571427,,20260729_103826.jpg,4080,0.5,16,0.002965132473036647,0.28125,0.5415533772975215,4c8f70b38ac3b945,True,scene-0039,kalabalik_sahne,0.5313839285714286,2f16fd1ae6f4ffa3fdd76363dbfb74b5f8392c1ceeb28352b8b4ca00f30645cc,0.021739130434782608,0.65625,unlabeled_pool,0.546875,3060
0,UNLABELED,0.75,1546.6109526327718,0.037417093912760414,100.17527770996094,4609243,2026-07-29T09:55:17,3,0.6181216239929199,0.6190264821052551,50.0479006776282,0.8616071428571429,0.012684989429175475,0.45982142857142855,0.0033505757649739585,78,44,0.006696428571428571,,20260729_095517(0).jpg,4000,0.4358974358974359,8,0.0013943274971097708,0.5892857142857143,0.7229103966596128,5a5d50b2e2645cdc,True,scene-0016,kalabalik_sahne;kucuk_uzak_yuzler,0.5312053571428572,b578f55fa7419598edc1d66dea60fa098bd08f4b7f045523364e0503cfaafc3e,0.11363636363636363,0.7790178571428571,unlabeled_pool,0.38839285714285715,3000
0,UNLABELED,0.75,153.6471182587541,0.014486948649088541,91.02145004272461,1465233,2026-07-29T10:29:02,3,0.5708665251731873,0.48690497875213623,49.293241996357516,0.29017857142857145,0.0,0.12723214285714285,0.003986358642578125,12,6,0.46651785714285715,,20260729_102902.jpg,4000,0.5,20,0.0027437591925263405,0.671875,0.7857280263513604,77768203c1f938b8,True,scene-0034,kucuk_uzak_yuzler,0.5311160714285714,de32bbe63cbe5799158cc03c68b8536db44a2e55e5324094571596ac8a231f3c,0.16666666666666666,0.8258928571428571,unlabeled_pool,0.6473214285714286,3000
0,UNLABELED,0.75,1427.6467764117187,0.015018463134765625,89.93729909261067,3255728,2026-07-29T10:39:02,3,0.6934958696365356,0.7294591069221497,61.413103241478964,0.9598214285714286,0.004729214340198322,0.24107142857142858,0.006094614664713542,207,115,0.8325892857142857,,20260729_103902.jpg,4000,0.4444444444444444,22,0.0014609448844566941,0.2857142857142857,0.5449646846730115,49b29966d9cec189,True,scene-0040,kalabalik_sahne;kucuk_uzak_yuzler;mevcut_etiketlerden_gorsel_olarak_uzak,0.5298214285714286,60954000b3229d1ee15ec0ade7505774af0870bbc99586ba0a51c3ab650b9351,0.11304347826086956,0.7767857142857143,unlabeled_pool,0.21205357142857142,3000
0,UNLABELED,0.75,987.9741544007169,0.010340372721354166,87.88054021199544,2763389,2026-07-29T10:38:05,3,0.5272814035415649,0.41742151975631714,55.785726280216565,0.6160714285714286,0.015810276679841896,0.5513392857142857,0.0037905375162760415,74,23,0.015625,,20260729_103805(0).jpg,4000,0.6891891891891891,8,0.0073545086197555065,0.05357142857142857,0.34840183748287706,1827a221c6edd66d,True,scene-0038,dusuk_guven,0.5297321428571429,c87d9a9d330afa241c739543b700f5616870a49653d16b59a7cc1f7a6b4d9bfb,0.0,0.6049107142857143,unlabeled_pool,0.9151785714285714,3000
0,UNLABELED,0.75,875.1502805173174,0.004088083902994792,107.18515904744466,3179327,2026-07-29T09:53:39,3,0.39387619495391846,0.40918079018592834,50.78993822242241,0.39285714285714285,0.08333333333333333,0.8236607142857143,0.005990346272786458,24,9,0.5870535714285714,,20260729_095339.jpg,4000,0.625,22,0.06277656555175781,0.08035714285714286,0.383152539777519,767a48c058b327ce,True,scene-0014,dusuk_guven;ortusen_yuzler,0.5295535714285714,e79a86b80275d1b6979cd2fa7e91998ec39c6cb84960167b7beba81826aeb441,0.0,0.11830357142857142,unlabeled_pool,0.9598214285714286,3000
0,UNLABELED,0.75,333.57194747437984,0.051605224609375,88.3718032836914,1555151,2026-07-29T10:28:09,3,0.48025771975517273,0.36937662959098816,59.41448877306846,0.08035714285714286,0.0,0.08705357142857142,0.029946645100911457,10,3,0.4486607142857143,,20260729_102809(0).jpg,4000,0.7,20,0.006513266824185848,0.875,1.2225721368142644,7f2f7c86f4830181,True,scene-0032,dusuk_guven;aykiri_aydinlatma_netlik_veya_kadraj,0.5270535714285716,ba6fefc6ccf1a8194f763f73df4520173eace9cd22e16832231c0b3183ae7ba8,0.0,0.30580357142857145,unlabeled_pool,0.9486607142857143,3000
0,UNLABELED,0.75,1070.5999600415164,0.0037053426106770835,115.9320437113444,3494562,2026-07-29T09:53:32,3,0.5167723894119263,0.49213117361068726,46.883266946959154,0.45535714285714285,0.12727272727272726,0.9040178571428571,0.00115203857421875,22,11,0.359375,,20260729_095332(0).jpg,4000,0.5,20,0.048330094665288925,0.5758928571428571,0.713568043779936,593e3348cba4658e,True,scene-0014,ortusen_yuzler,0.5270535714285715,36a8597b52e285db5abeb972a27d7273f17dfb3e8ee04c13743850697d1afa3d,0.0,0.08705357142857142,unlabeled_pool,0.7075892857142857,3000
0,UNLABELED,0.75,481.64095049982035,0.041590372721354164,90.09599049886067,2762048,2026-07-29T09:23:59,3,0.6261914968490601,0.6552106142044067,62.67709483987333,0.4107142857142857,0.06666666666666667,0.7611607142857143,0.071075439453125,26,10,0.13839285714285715,,20260729_092359.jpg,4000,0.6153846153846154,16,0.008293908089399338,0.9397321428571429,1.569192841456041,0178fc2b171f28cd,True,scene-0001,ortusen_yuzler;aykiri_aydinlatma_netlik_veya_kadraj,0.5264732142857143,c85fd1be12a6013c4c6f2817f7d3a080fd0f40d198f460274e12cb424888f86c,0.0,0.0,unlabeled_pool,0.71875,3000
0,UNLABELED,0.75,1229.6192619713383,0.0022570292154947915,109.40851338704427,3299888,2026-07-29T09:53:49,3,0.6106566190719604,0.6808493137359619,48.002823848857716,0.5022321428571429,0.08974358974358974,0.8459821428571429,0.010790506998697916,26,13,0.8616071428571429,,20260729_095349(0).jpg,4000,0.5,24,0.036742474883794785,0.3638392857142857,0.5939663394806836,6e6b42ac3d8113c7,True,scene-0014,ortusen_yuzler;mevcut_etiketlerden_gorsel_olarak_uzak,0.5254017857142858,7ac93fb68ac6fc2229fbd507326db5b3b758edb8a7ddb7eee097c3799476e69f,0.0,0.13839285714285715,unlabeled_pool,0.5691964285714286,3000
0,UNLABELED,0.75,1063.1594324479277,0.026752471923828125,100.71424738566081,3911284,2026-07-29T09:55:39,3,0.6249199509620667,0.5719823241233826,47.92885028127578,0.6517857142857143,0.009230769230769232,0.34598214285714285,0.012128194173177084,51,26,0.39955357142857145,,20260729_095539.jpg,4000,0.49019607843137253,20,0.0013091492000967264,0.22991071428571427,0.5081482420167991,66521aaab6b49c9c,True,scene-0017,kucuk_uzak_yuzler,0.5215625000000002,59be8172c43643f6464b4f17829faf89116dfbdc45e715057f549e9dd778198b,0.38461538461538464,0.9241071428571429,unlabeled_pool,0.5089285714285714,3000
0,UNLABELED,0.75,324.8175791852004,0.0025736490885416665,101.65647379557292,2996022,2026-07-29T09:51:54,3,0.720622718334198,0.7886989116668701,63.764449362822155,0.8415178571428571,0.00975609756097561,0.36830357142857145,0.06930033365885417,71,41,0.328125,,20260729_095154.jpg,4000,0.4225352112676056,20,0.0017245797207579017,0.9174107142857143,1.39983399934982,2584d14b7ec23d8b,True,scene-0012,kalabalik_sahne;aykiri_aydinlatma_netlik_veya_kadraj,0.519732142857143,ad02994e9ac96ba00449e08cff5d4892772cbdd3822469f2f001dd8e771aca60,0.024390243902439025,0.6584821428571429,unlabeled_pool,0.12946428571428573,3000
0,UNLABELED,0.75,140.82769591655565,0.014308929443359375,92.67068481445312,1588874,2026-07-29T10:29:06,3,0.5260451436042786,0.48745647072792053,48.4940747267635,0.35044642857142855,0.047619047619047616,0.7299107142857143,0.009098052978515625,12,7,0.4732142857142857,,20260729_102906(1).jpg,4000,0.4166666666666667,20,0.007338989060372114,0.6339285714285714,0.7510911775030124,66c60aa3c5d178f8,True,scene-0034,sahne_cesitliligi,0.5194196428571429,9a8327ab72c4b7daf77771923324d4466c5b902f4e35db1e5e1ae58da2a1701c,0.0,0.40625,unlabeled_pool,0.5758928571428571,3000
0,UNLABELED,0.75,315.6562869237823,0.04157384236653646,95.19343185424805,1623763,2026-07-29T10:28:04,3,0.5079042315483093,0.34027737379074097,55.49661455285465,0.07366071428571429,0.0,0.07142857142857142,0.021167755126953125,10,3,0.6674107142857143,,20260729_102804.jpg,4000,0.7,22,0.006279990542680025,0.7142857142857143,0.8334279831993878,70ded4d6efd10180,True,scene-0032,dusuk_guven,0.5190625000000001,2eef22a8ab661df06392e7421efc8d1c475fe9f94721b5e91985faa979f91e83,0.0,0.2924107142857143,unlabeled_pool,0.9352678571428571,3000
0,UNLABELED,0.75,172.99460313280335,0.014080047607421875,90.22977828979492,1514022,2026-07-29T10:28:58,3,0.6099007725715637,0.6518999934196472,46.71257687497281,0.2857142857142857,0.0,0.11607142857142858,0.023447672526041668,12,6,0.8995535714285714,,20260729_102858.jpg,4000,0.5,24,0.007201599422842264,0.8035714285714286,0.9397805615592989,2e067ef6059178f0,True,scene-0034,aykiri_aydinlatma_netlik_veya_kadraj;mevcut_etiketlerden_gorsel_olarak_uzak,0.5177678571428572,5dc7f0a243335fc3567724020c3414349eea52bedac42be1b6d342f662e68e9f,0.0,0.3705357142857143,unlabeled_pool,0.5736607142857143,3000
0,UNLABELED,0.75,167.40651053593643,0.026948293050130207,95.08220926920573,1528556,2026-07-29T10:28:06,3,0.5110509991645813,0.3615618348121643,51.97173317440472,0.078125,0.0,0.07366071428571429,0.0017878214518229167,10,3,0.6696428571428571,,20260729_102806(0).jpg,4000,0.7,22,0.003391936421394348,0.6964285714285714,0.8211495998200025,1f14d496a7534785,True,scene-0032,dusuk_guven,0.5175892857142858,ab4cdd741414b3306cb8b169e0c67a0fc37c8c1423c0741e8a2b90fe63ffb30b,0.0,0.296875,unlabeled_pool,0.9330357142857143,3000
0,UNLABELED,0.75,952.0539487408611,0.021642049153645832,98.61457443237305,2874318,2026-07-29T10:37:51,3,0.6666187047958374,0.6626644730567932,55.50860036788432,0.9040178571428571,0.007346938775510204,0.296875,1.2715657552083333e-06,102,50,0.78125,,20260729_103751(0).jpg,4000,0.5098039215686274,22,0.003773386823013425,0.049107142857142856,0.335297164475357,07c4f8c09787a9f1,True,scene-0038,kalabalik_sahne;mevcut_etiketlerden_gorsel_olarak_uzak,0.5170982142857143,7d2a16943d897b53b6082e3f3f48be50f1fb1f5b968b8a0364db6fd0add18095,0.0,0.5491071428571429,unlabeled_pool,0.4575892857142857,3000
0,UNLABELED,0.75,154.18245925722633,0.050778706868489586,99.32215245564778,1389245,2026-07-29T10:28:07,3,0.5966958999633789,0.6517869234085083,57.155841444011685,0.13169642857142858,0.0,0.08035714285714286,0.000396728515625,9,4,0.2700892857142857,,20260729_102807.jpg,4000,0.5555555555555556,18,0.0016747356858104467,0.8571428571428571,1.1230023978415398,55d7d496d4d34181,True,scene-0032,kucuk_uzak_yuzler;aykiri_aydinlatma_netlik_veya_kadraj,0.5167410714285715,093020dfe5d453607030c060015de9b64566334f6ca3659fdbf807b582f266c6,0.25,0.8683035714285714,unlabeled_pool,0.6830357142857143,3000
0,UNLABELED,0.75,156.77817811789618,0.01490020751953125,96.43497848510742,1564875,2026-07-29T10:29:06,3,0.5428469181060791,0.47754591703414917,49.26977086873822,0.35267857142857145,0.047619047619047616,0.7321428571428571,0.00595855712890625,12,7,0.6986607142857143,,20260729_102906.jpg,4000,0.4166666666666667,22,0.0030036643147468567,0.5200892857142857,0.689978752513456,4eae78cf8d8141f0,True,scene-0034,sahne_cesitliligi,0.5164285714285715,90cc6b72dea060840ceabdfdae50763a9b08e7914947293e2068ce1fa9b72f86,0.0,0.4107142857142857,unlabeled_pool,0.5290178571428571,3000
0,UNLABELED,0.75,736.6202359885598,0.012269337972005209,83.06896845499675,2642810,2026-07-29T10:38:04,3,0.5449329614639282,0.5051851868629456,56.34497572493869,0.7745535714285714,0.01680672268907563,0.5736607142857143,0.012682596842447916,69,35,0.13616071428571427,,20260729_103804(0).jpg,4000,0.4927536231884058,14,0.002755512250587344,0.024553571428571428,0.2946241792844235,24a720294efdd669,True,scene-0038,kalabalik_sahne,0.5156696428571429,2f5f4c0baefdb592ea8a08825ad72cee700f28afd75a34edbe56f74a82467f68,0.02857142857142857,0.6830357142857143,unlabeled_pool,0.6696428571428571,3000
0,UNLABELED,0.75,1215.0879047637552,0.0023409525553385415,108.72933451334636,3470321,2026-07-29T09:53:35,3,0.44911694526672363,0.3931441903114319,46.932231746526135,0.36160714285714285,0.14285714285714285,0.9330357142857143,0.011945088704427084,18,8,0.20758928571428573,,20260729_095335.jpg,4000,0.5555555555555556,18,0.03984910622239113,0.41294642857142855,0.6194653819364546,423e1651cbc93f25,True,scene-0014,dusuk_guven;ortusen_yuzler,0.5156696428571428,0822a4e2aff455161b39e6966e015675a314fd48f3fa365e9908ddef145bf0b8,0.0,0.10044642857142858,unlabeled_pool,0.875,3000
0,UNLABELED,0.75,175.15548311080624,0.01480865478515625,91.79692967732747,1533311,2026-07-29T10:28:58,3,0.7016706466674805,0.7877817153930664,47.42210536397015,0.21428571428571427,0.0,0.11383928571428571,0.018840789794921875,14,5,0.8973214285714286,,20260729_102858(0).jpg,4000,0.6428571428571429,24,0.0074005271308124065,0.7321428571428571,0.8491574046173663,27c62eb2a5c178f0,True,scene-0034,mevcut_etiketlerden_gorsel_olarak_uzak,0.515625,9d849271a33b2133630f8d4a98146a7d125ef1e2072451a70fce7d03d78751d1,0.0,0.36830357142857145,unlabeled_pool,0.6607142857142857,3000
0,UNLABELED,0.75,1195.3738873401244,0.02852630615234375,101.264892578125,4329871,2026-07-29T09:55:31,3,0.5431225299835205,0.46880048513412476,50.528225247922265,0.8013392857142857,0.015015015015015015,0.5379464285714286,0.007319132486979167,62,37,0.109375,,20260729_095531(0).jpg,4000,0.4032258064516129,14,0.001655689557082951,0.19866071428571427,0.4893672977336279,7d571a14c6c69199,True,scene-0016,kalabalik_sahne;kucuk_uzak_yuzler,0.5155357142857144,92cb92d03c07683da4835b084c7b6ee6f082e78fd62692d2d596c678b38b0e2b,0.1891891891891892,0.8325892857142857,unlabeled_pool,0.5,3000
0,UNLABELED,0.75,689.7281350274557,0.005449930826822917,114.95330047607422,3392954,2026-07-29T09:54:08,3,0.5105673670768738,0.4491046965122223,50.31713882339261,0.43526785714285715,0.022222222222222223,0.6272321428571429,1.1444091796875e-05,23,10,0.6049107142857143,,20260729_095408.jpg,4000,0.5652173913043478,22,0.005340886767953634,0.23883928571428573,0.5139869605442866,0ee35caebbb2410c,True,scene-0014,dusuk_guven,0.5149553571428572,9f95dae36f70069268949929f02ec5528229dabe6b3fe8338da55c591e8569be,0.0,0.1875,unlabeled_pool,0.8147321428571429,3000
0,UNLABELED,0.75,440.1257401659629,0.03765996297200521,87.08748372395833,2928089,2026-07-29T09:24:04,3,0.5875987410545349,0.49049314856529236,61.55956209528706,0.453125,0.03636363636363636,0.6852678571428571,0.06570180257161458,23,11,0.18973214285714285,,20260729_092404.jpg,4000,0.5217391304347826,18,0.010263648815453053,0.9308035714285714,1.4957416897523914,617cfc03470fa0e9,True,scene-0001,aykiri_aydinlatma_netlik_veya_kadraj,0.5149107142857143,a6405f46a32dd3809cd827dcc9b979846a4da1104862a1497ebde81f94f21973,0.0,0.006696428571428571,unlabeled_pool,0.6540178571428571,3000
0,UNLABELED,0.75,732.8930111487847,0.001583099365234375,109.7293586730957,3297284,2026-07-29T09:51:33,3,0.6605796813964844,0.6745973825454712,54.18818303833746,0.6205357142857143,0.021739130434782608,0.6160714285714286,0.038311004638671875,50,24,0.14508928571428573,,20260729_095133.jpg,4000,0.52,16,0.002453732071444392,0.46875,0.6573491908386736,6a0394967b7a8d85,True,scene-0011,sahne_cesitliligi,0.5146875000000001,10cc95a05b04d446d513415989c12d78e7843d9084cce5c201cb0aa293a6283a,0.041666666666666664,0.6941964285714286,unlabeled_pool,0.49776785714285715,3000
0,UNLABELED,0.75,969.3850096239602,0.0190277099609375,91.18628819783528,3067441,2026-07-29T10:39:06,3,0.658959686756134,0.682157576084137,60.40320931407412,0.9553571428571429,0.0070126227208976155,0.28794642857142855,0.0031064351399739585,155,93,0.9754464285714286,,20260729_103906.jpg,4000,0.4,24,0.002151122549548745,0.16294642857142858,0.46971998185920955,43bd837093e1b193,True,scene-0040,kalabalik_sahne;mevcut_etiketlerden_gorsel_olarak_uzak,0.5129910714285715,0c21bb477337746108f76f51fa751750a421a0bdf2d250452d7cc979bdcb54d4,0.043010752688172046,0.6964285714285714,unlabeled_pool,0.1875,3000
0,UNLABELED,0.75,790.152246915192,0.05464299519856771,100.78107198079427,2671001,2026-07-29T10:37:56,3,0.6591435074806213,0.7027180194854736,63.12892287475501,0.9241071428571429,0.009427609427609427,0.35714285714285715,7.2479248046875e-05,93,55,0.29910714285714285,,20260729_103756.jpg,4000,0.40860215053763443,18,0.005031382665038109,0.7455357142857143,0.8629771252053512,226f7a82d4d4d4d4,True,scene-0038,kalabalik_sahne,0.5110267857142857,84ebce24dcf54ea365db2fab3fffab13ae7bd02f368ac4b3c4088501ad4f5d20,0.0,0.5602678571428571,unlabeled_pool,0.203125,3000
0,UNLABELED,0.75,257.3910524707947,0.053737640380859375,93.22170130411784,1469787,2026-07-29T10:28:24,3,0.5000931024551392,0.370502233505249,62.02689312282068,0.19419642857142858,0.1,0.8638392857142857,0.004856109619140625,9,5,0.171875,,20260729_102824.jpg,4000,0.4444444444444444,16,0.005419949069619179,0.8482142857142857,1.103290075767482,1581a8a8a5b72daf,True,scene-0033,ortusen_yuzler;aykiri_aydinlatma_netlik_veya_kadraj,0.510625,be17702e626fb533bf6f798d19bfe225e00add7a4415692d25f7e8f594c756e7,0.0,0.31026785714285715,unlabeled_pool,0.6629464285714286,3000
0,UNLABELED,0.75,1082.8365710965202,0.023187001546223957,96.84727605183919,4157993,2026-07-29T09:55:35,3,0.6406693458557129,0.6782693862915039,48.298005855518475,0.7321428571428571,0.010080645161290322,0.37276785714285715,0.006857554117838542,66,32,0.39732142857142855,,20260729_095535.jpg,4000,0.5151515151515151,20,0.0009860878344625235,0.12053571428571429,0.4340999891528708,132d3d1a9a9e1c9c,True,scene-0016,kucuk_uzak_yuzler,0.5094196428571429,1f660b42aaa5a323059e661f8a1d7da51ad56bd0b3be5d4def0332c1d906edf5,0.125,0.7857142857142857,unlabeled_pool,0.53125,3000
0,UNLABELED,0.75,672.5994152536913,0.027863820393880207,98.93375778198242,3339268,2026-07-29T09:55:20,3,0.5641234517097473,0.5415472984313965,49.62679207605306,0.9084821428571429,0.00904977375565611,0.3392857142857143,0.008916219075520834,93,52,0.10267857142857142,,20260729_095520.jpg,4000,0.44086021505376344,14,0.0012870579957962036,0.04241071428571429,0.32512270161020845,2ada0262e2f0f4fc,True,scene-0016,kalabalik_sahne;kucuk_uzak_yuzler,0.5091071428571429,36cb4c1ffc988d477838111e8a98e1f876ff910109243869f79b2bc146b75ace,0.2692307692307692,0.875,unlabeled_pool,0.5424107142857143,3000
0,UNLABELED,0.75,696.6364474370154,0.02489471435546875,95.7272122701009,3621442,2026-07-29T09:55:47,3,0.5508251190185547,0.46122118830680847,49.984936468401834,0.5446428571428571,0.02857142857142857,0.6540178571428571,0.009825388590494791,29,15,0.24553571428571427,,20260729_095547.jpg,4000,0.4827586206896552,18,0.0013177332002669573,0.033482142857142856,0.3095667969571354,5ada0346d6f081f9,True,scene-0017,kucuk_uzak_yuzler,0.5088392857142857,bdcecb5d6e6f71bf6f92c2f313eb88f60ada518b5b44f578ac03caabc4427a83,0.2,0.8370535714285714,unlabeled_pool,0.6517857142857143,3000
0,UNLABELED,0.75,1027.1577826701105,0.023663838704427082,100.88440450032552,3812557,2026-07-29T09:55:35,3,0.5792441368103027,0.5489661693572998,49.00108389978195,0.8638392857142857,0.009513742071881607,0.359375,0.005823771158854167,73,44,0.3950892857142857,,20260729_095535(0).jpg,4000,0.3972602739726027,20,0.001612174673937261,0.11830357142857142,0.4331404719546411,512d3d1a9a9e1c9c,True,scene-0016,kalabalik_sahne;kucuk_uzak_yuzler,0.5078571428571428,18ce6b672a770ed9188619c1d251e32998b7c7f1eaaa1553a323f7ef4bcb3251,0.2727272727272727,0.8772321428571429,unlabeled_pool,0.39285714285714285,3000
0,UNLABELED,0.75,1261.0227594445703,0.027262369791666668,101.65070978800456,4033396,2026-07-29T09:56:41,3,0.6447436213493347,0.5746073126792908,49.06297857839237,0.828125,0.01349527665317139,0.4799107142857143,0.007935841878255209,75,39,0.16071428571428573,,20260729_095641.jpg,4000,0.48,16,0.0013540673535317183,0.2544642857142857,0.5213825175343723,199972c6c6d4c1f1,True,scene-0019,kalabalik_sahne;kucuk_uzak_yuzler,0.5070535714285714,e64ca1b9d71918b5aa28bf127b86acf63e2bc7f9dfde97288870d5506e67ed77,0.1282051282051282,0.7924107142857143,unlabeled_pool,0.4375,3000
0,UNLABELED,0.75,742.3091280052116,0.017061869303385418,89.45687993367513,2765015,2026-07-29T10:39:05,3,0.684880256652832,0.7617876529693604,61.56789221221532,0.9575892857142857,0.004839049021670524,0.24776785714285715,0.007686614990234375,181,98,0.8348214285714286,,20260729_103905.jpg,4000,0.4585635359116022,22,0.0018575983121991158,0.05803571428571429,0.3520812139533177,19c6e318c3959dd1,True,scene-0040,kalabalik_sahne;mevcut_etiketlerden_gorsel_olarak_uzak,0.5070089285714287,d78365ac0d119c343b61556c965567e8f45c7d2a1099f8c8207470714a678a06,0.07142857142857142,0.7366071428571429,unlabeled_pool,0.27901785714285715,3000
0,UNLABELED,0.75,681.2289015883957,0.00731658935546875,79.16191101074219,2217975,2026-07-29T10:22:32,3,0.5900710225105286,0.5598973631858826,51.41433741309894,0.1875,0.0,0.044642857142857144,0.06123224894205729,13,5,0.6428571428571429,,20260729_102232.jpg,4000,0.6153846153846154,22,0.003982906695455313,0.8392857142857143,1.067286190546161,0e802534f4b837bf,True,scene-0023,dusuk_guven;aykiri_aydinlatma_netlik_veya_kadraj,0.5052678571428572,68da60e5d16b258fe5a2be005d06e22ddb716dd5b8d9d5ef9bb4c10273a158aa,0.0,0.25,unlabeled_pool,0.7745535714285714,3000
0,UNLABELED,0.75,1663.3207624532497,0.014560699462890625,88.07791646321614,4211503,2026-07-29T10:38:29,3,0.6423147320747375,0.6749999523162842,57.225676916395955,0.8928571428571429,0.012411347517730497,0.45089285714285715,0.006268819173177083,79,48,0.8058035714285714,,20260729_103829.jpg,4080,0.3924050632911392,22,0.0031994981691241264,0.24330357142857142,0.5150686119051286,4dbf30b308c6b1c5,True,scene-0039,kalabalik_sahne;mevcut_etiketlerden_gorsel_olarak_uzak,0.5049107142857143,d0d332ad20200c48dde979f8f006c13ba31282a82aacf7e10217a117307086bd,0.0,0.625,unlabeled_pool,0.20758928571428573,3060
0,UNLABELED,0.75,1485.7016582337867,0.0232696533203125,98.59946695963542,4336771,2026-07-29T09:55:16,3,0.5620741248130798,0.5343360900878906,47.14961107695092,0.859375,0.010570824524312896,0.38839285714285715,0.004748026529947917,74,44,0.004464285714285714,,20260729_095516.jpg,4000,0.40540540540540543,8,0.0015436606481671333,0.328125,0.5710343788450337,6a495292b23c7cdc,True,scene-0016,kalabalik_sahne;kucuk_uzak_yuzler,0.5040625000000001,605bbca8a09cf45335124f4cae0b10c9eba657538dcf046447fbf3f9898fab0f,0.13636363636363635,0.796875,unlabeled_pool,0.45982142857142855,3000
0,UNLABELED,0.75,170.4697373637464,0.015289306640625,94.90434265136719,1537915,2026-07-29T10:29:04,3,0.6705560684204102,0.77879798412323,49.78248708498441,0.15401785714285715,0.0,0.13392857142857142,0.005254109700520833,12,4,0.9955357142857143,,20260729_102904(0).jpg,4000,0.6666666666666666,26,0.004955028649419546,0.5089285714285714,0.6854517670575745,0e7cfaff418140f0,True,scene-0034,mevcut_etiketlerden_gorsel_olarak_uzak,0.5038392857142857,02df321a3f1312d093565929daa036c3c89c4d1b85fa34136976774b83cf08ba,0.0,0.38839285714285715,unlabeled_pool,0.7299107142857143,3000
0,UNLABELED,0.75,1536.2366279884138,0.0036710103352864585,112.14248530069987,3534020,2026-07-29T09:53:57,3,0.4776078760623932,0.44169649481773376,47.875927799881,0.5111607142857143,0.11538461538461539,0.8995535714285714,0.0037625630696614585,21,13,0.22098214285714285,,20260729_095357.jpg,4000,0.38095238095238093,18,0.054953232407569885,0.5915178571428571,0.7232578851527112,3e3ed2400b3d6596,True,scene-0014,ortusen_yuzler,0.5036607142857142,a01e2ee61d403f5c9391375eb9a8f2a24a5d5d82845f6945191a5a459c37bea8,0.0,0.15401785714285715,unlabeled_pool,0.6026785714285714,3000
0,UNLABELED,0.75,204.00222997273588,0.0011431376139322917,105.57269032796223,1898491,2026-07-29T10:25:39,3,0.5185117721557617,0.3422887325286865,42.5407813376018,0.18973214285714285,0.3,0.9620535714285714,0.0,7,5,0.4330357142857143,,20260729_102539.jpg,4000,0.2857142857142857,20,0.002137822797521949,0.8191964285714286,1.0026691232977796,7721a973b03031bd,True,scene-0029,kucuk_uzak_yuzler;ortusen_yuzler;aykiri_aydinlatma_netlik_veya_kadraj,0.5028125,a5231408d95143fbe879e9a173bd1c97e71df5e1203870b8dcece9dab9b889ad,0.2,0.8392857142857143,unlabeled_pool,0.24330357142857142,3000
0,UNLABELED,0.75,155.44057990333627,0.045427958170572914,95.87463124593098,1380216,2026-07-29T10:28:52,3,0.5744751691818237,0.5061041116714478,54.83182596293038,0.14955357142857142,0.0,0.11160714285714286,0.028731028238932293,10,4,0.45982142857142855,,20260729_102852.jpg,4000,0.6,20,0.00799956452101469,0.8660714285714286,1.1746442478263484,63b8d6e8f3a901c1,True,scene-0034,dusuk_guven;aykiri_aydinlatma_netlik_veya_kadraj,0.5023214285714286,0b4ae0dec0b9b5b56e2cd0da8805223eeb1dcc42f474ad26f10b65c3040664be,0.0,0.35714285714285715,unlabeled_pool,0.7767857142857143,3000
0,UNLABELED,0.75,1079.7294713171239,0.03743616739908854,95.96048990885417,3852730,2026-07-29T09:55:50,3,0.5794504880905151,0.5173446536064148,55.85707281849058,0.3950892857142857,0.0,0.022321428571428572,0.020529429117838543,22,9,0.24776785714285715,,20260729_095550.jpg,4000,0.5909090909090909,18,0.0016362479655072093,0.44419642857142855,0.6353674558885701,7e7a07c2de828187,True,scene-0017,dusuk_guven;kucuk_uzak_yuzler,0.5014285714285714,f9c9dd7847b1704c01a0ce9560b6e3bddfee4d291f7d94ffaff2620211d05425,0.1111111111111111,0.7723214285714286,unlabeled_pool,0.7544642857142857,3000
0,UNLABELED,0.75,934.7156786576573,0.058832804361979164,104.88466898600261,2862487,2026-07-29T10:37:55,3,0.7281455397605896,0.764517605304718,62.66995085379416,0.8995535714285714,0.006802721088435374,0.27901785714285715,6.357828776041667e-06,91,49,0.29464285714285715,,20260729_103755(1).jpg,4000,0.46153846153846156,18,0.0035521804820746183,0.8214285714285714,1.0083346380656122,226ffa82d4d494d4,True,scene-0038,kalabalik_sahne;aykiri_aydinlatma_netlik_veya_kadraj,0.5008482142857142,24d80b7b5f93ec02092a0a778052e932c1a257a3dea522042a731cd85210df6b,0.0,0.5580357142857143,unlabeled_pool,0.171875,3000
0,UNLABELED,0.75,1656.0481796076056,0.024472554524739582,98.35813395182292,2948029,2026-07-29T10:37:50,3,0.6794923543930054,0.7212512493133545,55.39901952195782,0.9107142857142857,0.007541478129713424,0.30580357142857145,0.0,103,52,0.5089285714285714,,20260729_103750(1).jpg,4000,0.49514563106796117,20,0.0032002138905227184,0.2767857142857143,0.5377105633826391,63b8beb8c18085bd,True,scene-0038,kalabalik_sahne,0.5005803571428571,b8436fa617941a789414e0257597e8b4087329d833e7b2e6121b6b2c19ec0014,0.0,0.5446428571428571,unlabeled_pool,0.3794642857142857,3000
0,UNLABELED,0.75,635.6900514196592,0.04934565226236979,103.44386291503906,2788038,2026-07-29T10:37:55,3,0.6797429919242859,0.7264427542686462,60.804173658195104,0.9352678571428571,0.009398496240601503,0.3549107142857143,1.2715657552083333e-06,103,57,0.08482142857142858,,20260729_103755.jpg,4000,0.44660194174757284,12,0.0018250186694785953,0.6852678571428571,0.8010001773337119,63fd8080fcf6c2c4,True,scene-0038,kalabalik_sahne,0.5004910714285715,d9a88aa07746f551b40f29671639b443ea188e0d98b003a2d3f1fc50bb6d0f20,0.017543859649122806,0.6473214285714286,unlabeled_pool,0.24107142857142858,3000
0,UNLABELED,0.75,773.3704190380704,0.0702985127766927,100.0250358581543,14635473,2026-07-29T09:26:42,3,0.6970106959342957,0.707115113735199,68.82180624406381,0.3794642857142857,0.027777777777777776,0.6495535714285714,0.0787506103515625,17,9,0.140625,,20260729_092642.jpg,8160,0.47058823529411764,16,0.0008434552582912147,0.9866071428571429,1.946920140441856,08e31a7f7716c981,True,scene-0010,kucuk_uzak_yuzler;aykiri_aydinlatma_netlik_veya_kadraj,0.5002678571428573,ef4e11e9d12564f9b579f6f4bbcc89090c0242fac38b1995d74902da5c1011d1,0.1111111111111111,0.7700892857142857,unlabeled_pool,0.27455357142857145,6120
0,UNLABELED,0.75,152.22264020361604,0.04487482706705729,97.07595316569011,1277073,2026-07-29T10:28:51,3,0.6566268801689148,0.6733794808387756,54.56313720850166,0.27901785714285715,0.2,0.9553571428571429,0.023039499918619793,12,6,0.2857142857142857,,20260729_102851.jpg,4000,0.5,18,0.007630269508808851,0.84375,1.080086320855575,73a8a6faf78901c0,True,scene-0034,ortusen_yuzler;aykiri_aydinlatma_netlik_veya_kadraj,0.499375,ae5b9225befbc48c97eb1373b35f3913b593b5b7946b9142c59f59384ca80199,0.0,0.35267857142857145,unlabeled_pool,0.46205357142857145,3000
0,UNLABELED,0.75,168.40704781313738,0.016145070393880207,96.00117492675781,1566113,2026-07-29T10:29:04,3,0.602953314781189,0.547989547252655,50.63271660303836,0.22991071428571427,0.0,0.13616071428571427,0.00469207763671875,12,5,0.9129464285714286,,20260729_102904(2).jpg,4000,0.5833333333333334,24,0.0048409318551421165,0.4888392857142857,0.6733300551528055,0e7c7aff418141f0,True,scene-0034,mevcut_etiketlerden_gorsel_olarak_uzak,0.4986160714285714,94d1af8c3f615a8b714cd87fb5016a3466b72393f738cf6c6f04139828fa8ad4,0.0,0.39285714285714285,unlabeled_pool,0.7008928571428571,3000
0,UNLABELED,0.75,153.29771546906784,0.037829081217447914,93.59142684936523,1381911,2026-07-29T10:28:52,3,0.567512571811676,0.4595916271209717,53.205180931672665,0.40401785714285715,0.1388888888888889,0.9308035714285714,0.036168416341145836,13,9,0.6852678571428571,,20260729_102852(0).jpg,4000,0.3076923076923077,22,0.0079928208142519,0.8794642857142857,1.230973953570931,738cf2fcf3890181,True,scene-0034,ortusen_yuzler;aykiri_aydinlatma_netlik_veya_kadraj,0.4983928571428571,b13e9e04017172f1c9668043ff244a0d0c54eb2b5a23cdadc8d1d1270d0ca3ea,0.0,0.3549107142857143,unlabeled_pool,0.18526785714285715,3000
0,UNLABELED,0.75,908.0001590932758,0.035648345947265625,101.62716420491536,4112732,2026-07-29T09:58:45,3,0.5822529196739197,0.5620970726013184,51.08500452279285,0.5915178571428571,0.03684210526315789,0.7008928571428571,0.0031064351399739585,37,20,0.125,,20260729_095845(0).jpg,4000,0.4594594594594595,14,0.002822939772158861,0.27232142857142855,0.5326844442479324,04048a6b3676fcfc,True,scene-0020,sahne_cesitliligi,0.4982142857142857,217c2da8d117c972c513543839cbd6039d3aaca4894f0fb30f4893fc71785e4d,0.05,0.7053571428571429,unlabeled_pool,0.5446428571428571,3000
0,UNLABELED,0.75,1509.27223549316,0.026602427164713543,97.04321416219075,4257348,2026-07-29T09:55:20,3,0.641832709312439,0.6650434136390686,50.94028203334618,0.8772321428571429,0.012560386473429951,0.4575892857142857,0.010945638020833334,86,46,0.10044642857142858,,20260729_095520(0).jpg,4000,0.46511627906976744,14,0.0007212485652416945,0.25223214285714285,0.5208556288930909,2da8090ee2f2f4ec,True,scene-0016,kalabalik_sahne;kucuk_uzak_yuzler,0.4973660714285715,43dd17e159c4590fa3abbe4ab5a7893dfc92ea6db183e5a17aef300daa94da63,0.13043478260869565,0.7946428571428571,unlabeled_pool,0.4017857142857143,3000
0,UNLABELED,0.75,193.1824389498925,0.012868245442708334,100.03271611531575,2125827,2026-07-29T10:35:37,3,0.7257585525512695,0.8259866237640381,62.94474582825207,0.09821428571428571,0.3333333333333333,0.984375,0.06679407755533855,6,3,0.7276785714285714,,20260729_103537.jpg,4000,0.5,22,0.04554620012640953,0.9107142857142857,1.3848266650663201,5fad20181b63ddd0,True,scene-0036,ortusen_yuzler;aykiri_aydinlatma_netlik_veya_kadraj,0.4967410714285714,d7419bb3e4cf95b62a035b466b607c62e412f8371b9cf7af0db4c36f83571cc5,0.0,0.47767857142857145,unlabeled_pool,0.28125,3000
0,UNLABELED,0.75,424.2801249644238,0.01045989990234375,110.15264002482097,3367067,2026-07-29T09:53:47,3,0.5884663462638855,0.5248676538467407,53.72396570140277,0.484375,0.07575757575757576,0.8214285714285714,0.018437703450520832,28,12,0.5892857142857143,,20260729_095347.jpg,4000,0.5714285714285714,22,0.03829322010278702,0.18526785714285715,0.4820298965582143,4e505bac68d704cf,True,scene-0014,ortusen_yuzler,0.49562500000000004,1e8f37755a758ead89dab92263319346dcb474444cc3299a63b3b18043c32e10,0.0,0.13392857142857142,unlabeled_pool,0.7053571428571429,3000
0,UNLABELED,0.75,426.5229326323024,0.014148712158203125,101.8520139058431,2159685,2026-07-29T10:26:21,3,0.6072083711624146,0.6790019273757935,45.89152696523062,0.4486607142857143,0.06666666666666667,0.7857142857142857,0.0,20,10,0.65625,,20260729_102621.jpg,4000,0.5,22,0.00571610638871789,0.27901785714285715,0.5391156537763846,639f5ee25290a0c7,True,scene-0031,ortusen_yuzler,0.49544642857142857,b9b3c2f36ef5a74d6116042dc38141c818ace4f10ff648a25ac27c78f368750d,0.0,0.28125,unlabeled_pool,0.5870535714285714,3000
0,UNLABELED,0.75,676.0495706043038,0.0320892333984375,99.96335856119792,3375987,2026-07-29T09:55:09,3,0.6220531463623047,0.604086697101593,49.722630883206556,0.8258928571428571,0.01349527665317139,0.47767857142857145,0.010050455729166666,75,39,0.09598214285714286,,20260729_095509.jpg,4000,0.48,14,0.001130882534198463,0.08705357142857142,0.39881006478429576,20454832f2e6fcfc,True,scene-0016,kalabalik_sahne;kucuk_uzak_yuzler,0.49526785714285715,686ac9a7657e412c971f8b0b66c4baabe96f1b57c2d662087db016645d0ae4bb,0.20512820512820512,0.8482142857142857,unlabeled_pool,0.49330357142857145,3000
0,UNLABELED,0.75,967.4419319969196,0.027669270833333332,98.89563751220703,3700316,2026-07-29T09:55:08,3,0.6344590187072754,0.6454092860221863,48.16762758090476,0.7544642857142857,0.012477718360071301,0.453125,0.011164347330729166,61,34,0.39285714285714285,,20260729_095508.jpg,4000,0.4426229508196721,20,0.0010849963873624802,0.13839285714285715,0.44809407892538383,63271a1ab3369c9c,True,scene-0016,kalabalik_sahne;kucuk_uzak_yuzler,0.49517857142857147,25f6664a10bd4401580b4018ad47cf7ada1a89ca8034fbc5777391eb69a8c56e,0.38235294117647056,0.921875,unlabeled_pool,0.359375,3000
0,UNLABELED,0.75,364.995410591752,0.05899810791015625,96.90119934082031,1589258,2026-07-29T10:28:08,3,0.4990823268890381,0.3968932628631592,60.039054824620465,0.13616071428571427,0.0,0.08482142857142858,0.017927805582682293,9,4,0.44642857142857145,,20260729_102808.jpg,4000,0.5555555555555556,20,0.005487200804054737,0.8348214285714286,1.0313096067415028,43ffd4d4c6d30181,True,scene-0032,dusuk_guven;aykiri_aydinlatma_netlik_veya_kadraj,0.49473214285714295,24a278fc9a969b05d7a815e118cc3293267d8821f026aa9431cd4250ebc7aefc,0.0,0.30357142857142855,unlabeled_pool,0.8191964285714286,3000
0,UNLABELED,0.75,783.3934551318697,0.007478078206380208,86.86551411946614,2603590,2026-07-29T10:22:27,3,0.5299486517906189,0.555049479007721,53.735603216998044,0.18303571428571427,0.1,0.8616071428571429,0.040685017903645836,11,5,0.4263392857142857,,20260729_102227(0).jpg,4000,0.5454545454545454,20,0.004174675326794386,0.45982142857142855,0.6517185232957023,3e1c480ef64f7183,True,scene-0023,dusuk_guven;ortusen_yuzler,0.49468750000000006,c63a888ca35ba0724af62f66bf9c40a82a663abffa3eb7b930c01662f081a1fa,0.0,0.24330357142857142,unlabeled_pool,0.7611607142857143,3000
0,UNLABELED,0.75,1534.5748494031275,0.006313323974609375,103.5790786743164,3839675,2026-07-29T09:53:38,3,0.4657551944255829,0.46550992131233215,51.65308789192679,0.05580357142857143,0.3333333333333333,0.9642857142857143,0.0107574462890625,18,3,0.5848214285714286,,20260729_095338.jpg,4000,0.8333333333333334,22,0.04715496301651001,0.14508928571428573,0.45868724965475627,060a7af329aa57b1,True,scene-0014,dusuk_guven;ortusen_yuzler,0.4944196428571429,c059a980149ac2d96c432380f0bc00596eab345dcb29552dc77eb2794de30ac8,0.0,0.11383928571428571,unlabeled_pool,0.9910714285714286,3000
0,UNLABELED,0.75,226.1499671598801,0.017791748046875,96.55513509114583,1650279,2026-07-29T10:29:14,3,0.5277814269065857,0.5363763570785522,49.28058462512515,0.31026785714285715,0.06666666666666667,0.8125,0.007642110188802083,10,6,0.7142857142857143,,20260729_102914(0).jpg,4000,0.4,22,0.008288857527077198,0.35267857142857145,0.585596346866951,6fe63e8203c178f0,True,scene-0034,ortusen_yuzler,0.49419642857142865,ed4df15d4a7fa5dad3986af0eb199b9492937e04c26e2ad15a91003c30ba7de5,0.0,0.4375,unlabeled_pool,0.5267857142857143,3000
0,UNLABELED,0.75,1588.5997247767161,0.013596852620442709,88.791077931722,4218899,2026-07-29T10:38:30,3,0.621791660785675,0.6559456586837769,56.859216985730974,0.8861607142857143,0.011100832562442183,0.41517857142857145,0.004107157389322917,88,47,0.18526785714285715,,20260729_103830.jpg,4080,0.4659090909090909,16,0.008024564012885094,0.21875,0.49962677089759394,459f10938ac6f1d5,True,scene-0039,kalabalik_sahne,0.49379464285714286,45420f87366fdd87c321591ad4b22c4c0fc00bdd1a50f4600108f936a9bcd991,0.0,0.6272321428571429,unlabeled_pool,0.4642857142857143,3060
0,UNLABELED,0.75,1967.469996190611,0.043025970458984375,93.18929799397786,2649715,2026-07-29T09:25:08,3,0.6656068563461304,0.6656068563461304,65.12422105717641,0.020089285714285716,1.0,0.9933035714285714,0.03649139404296875,6,2,0.3125,,20260729_092508.jpg,4000,0.6666666666666666,20,0.023632289841771126,0.9040178571428571,1.33960385256118,31b83e2f3f819095,True,scene-0004,ortusen_yuzler;aykiri_aydinlatma_netlik_veya_kadraj,0.49330357142857145,8516002403538725b574d256b38b02b4ecf28775abf8eb7c8e83fe27a0a4d095,0.0,0.011160714285714286,unlabeled_pool,0.7366071428571429,3000
0,UNLABELED,0.75,375.4010125876652,0.015387217203776041,97.66129557291667,2828193,2026-07-29T10:35:21,3,0.6577844619750977,0.6577844619750977,57.65056955783678,0.03125,0.0,0.17410714285714285,0.08148829142252605,7,2,0.28794642857142855,,20260729_103521.jpg,4000,0.7142857142857143,18,0.00768853398039937,0.8883928571428571,1.2631542141995926,2dc1aa1e3e1e09d9,True,scene-0036,dusuk_guven;aykiri_aydinlatma_netlik_veya_kadraj,0.4931696428571428,969443007562f1d3e7bd6ca4feed5df97fb3fa2408e7239d7052fdec45b9a818,0.0,0.4486607142857143,unlabeled_pool,0.8214285714285714,3000
0,UNLABELED,0.75,211.14803204561272,0.016024271647135418,88.60231908162434,1461744,2026-07-29T10:28:34,3,0.4804950952529907,0.42337363958358765,53.494776588908515,0.27232142857142855,0.06666666666666667,0.796875,0.0004030863444010417,11,6,0.28125,,20260729_102834.jpg,4000,0.45454545454545453,18,0.004637404344975948,0.5133928571428571,0.6865555311924367,2028a6d757170fab,True,scene-0033,ortusen_yuzler,0.4925446428571429,1068d1e16b8414c50d0ab5b6d749a687684c23f8137ca6eaf36ca9750a2ab81f,0.0,0.3392857142857143,unlabeled_pool,0.6964285714285714,3000
0,UNLABELED,0.75,889.3458923728884,0.026480356852213543,102.07262420654297,3688923,2026-07-29T09:55:06,3,0.6310387849807739,0.6128454208374023,46.923160807845285,0.6986607142857143,0.013793103448275862,0.49107142857142855,0.011674245198567709,56,30,0.234375,,20260729_095506.jpg,4000,0.4642857142857143,18,0.0011936099035665393,0.18973214285714285,0.4829431167864516,25251b9ab3369c9c,True,scene-0016,kucuk_uzak_yuzler,0.4923214285714286,1655008a9df39af1fc912e25d3cd94172eb23efd472b08e15bfbc1f0a87346d5,0.3,0.8928571428571429,unlabeled_pool,0.42857142857142855,3000
0,UNLABELED,0.75,654.1504195678658,0.007490793863932292,77.71982447306316,2489997,2026-07-29T10:22:33,3,0.6175064444541931,0.6281948089599609,51.24366963567317,0.24776785714285715,0.0,0.046875,0.06258010864257812,11,6,0.42857142857142855,,20260729_102233.jpg,4000,0.45454545454545453,20,0.0015554395504295826,0.8549107142857143,1.1176842030350007,02012574f4d877f7,True,scene-0023,kucuk_uzak_yuzler;aykiri_aydinlatma_netlik_veya_kadraj,0.4921428571428572,df072e7469d79d6d5c0cffa5ac2641295f134f9bc89214ecfef0051e3ab0db6b,0.3333333333333333,0.8995535714285714,unlabeled_pool,0.4419642857142857,3000
0,UNLABELED,0.75,181.51168538754186,0.03548431396484375,98.32709248860677,1445691,2026-07-29T10:28:50,3,0.6820408701896667,0.7063190937042236,52.92117541915628,0.27455357142857145,0.13333333333333333,0.9241071428571429,0.010720570882161459,13,6,0.4575892857142857,,20260729_102850.jpg,4000,0.5384615384615384,20,0.006888288073241711,0.6517857142857143,0.7690206420873006,73e8f4c2f7a90181,True,scene-0034,ortusen_yuzler,0.4921428571428571,d86d57c4faaba564eab08ce517a863f25ca0634821402764fe18978a0e2128da,0.0,0.3482142857142857,unlabeled_pool,0.4888392857142857,3000
0,UNLABELED,0.75,284.9694296479749,0.009939829508463541,78.43568547566731,2490252,2026-07-29T10:23:04,3,0.5473026037216187,0.4889097511768341,49.722275707499385,0.4017857142857143,0.08333333333333333,0.8258928571428571,0.013623555501302084,11,9,0.8839285714285714,,20260729_102304.jpg,4000,0.18181818181818182,24,0.0028112658765167,0.6227678571428571,0.7462830690890704,00d57d3d94866cea,True,scene-0024,kucuk_uzak_yuzler;ortusen_yuzler;mevcut_etiketlerden_gorsel_olarak_uzak,0.4920982142857143,0d6d00b3dbda1798bb6d2f6f33bdf9f7fb657d918e5c0c1fa6d0d6c30b7494df,0.1111111111111111,0.7745535714285714,unlabeled_pool,0.05357142857142857,3000
0,UNLABELED,0.75,239.128990084806,0.038738250732421875,91.16487121582031,1469420,2026-07-29T10:28:26,3,0.555377721786499,0.555377721786499,59.039130783072196,0.026785714285714284,0.0,0.09821428571428571,0.0035769144694010415,14,2,0.2767857142857143,,20260729_102826.jpg,4000,0.8571428571428571,18,0.00804649107158184,0.7924107142857143,0.9256477364412131,6ca0a8a8e4672fab,True,scene-0033,dusuk_guven;aykiri_aydinlatma_netlik_veya_kadraj,0.4920535714285714,00db17c3b5b96fe8b57de4a3f4ea1dc3e5e3fba96371a236c27d050233cd077a,0.0,0.3169642857142857,unlabeled_pool,0.9732142857142857,3000
0,UNLABELED,0.75,484.2808442279008,0.0052490234375,115.20866266886394,3236216,2026-07-29T09:54:09,3,0.5636608004570007,0.5822104811668396,51.68920147353248,0.46875,0.03636363636363636,0.6941964285714286,1.2715657552083334e-05,24,11,0.3861607142857143,,20260729_095409.jpg,4000,0.5416666666666666,20,0.007876284420490265,0.37276785714285715,0.6000638550668305,16c7742e9332c65c,True,scene-0014,sahne_cesitliligi,0.49165178571428575,c0b0c5bf96a1a1fb3fb021ab57cf769c8b77867b9dec530444f817ddd2eda19f,0.0,0.19196428571428573,unlabeled_pool,0.6986607142857143,3000
0,UNLABELED,0.75,244.07084730678858,0.014836629231770834,94.38671112060547,1609364,2026-07-29T10:29:11,3,0.5823988318443298,0.5474264621734619,49.738911511408915,0.08482142857142858,0.0,0.15401785714285715,0.0016632080078125,10,3,0.7098214285714286,,20260729_102911.jpg,4000,0.7,22,0.00808888953179121,0.4174107142857143,0.6212501608834776,6e369a8361d178f0,True,scene-0034,dusuk_guven,0.4915178571428572,902e81b0fd3ab0cf5351042764490bfa3647f273837acb5ca5cc742e8a70a4ef,0.0,0.4263392857142857,unlabeled_pool,0.8839285714285714,3000
0,UNLABELED,0.75,919.7153877460299,0.029315948486328125,101.26814397176106,4100972,2026-07-29T09:55:45,3,0.6046007871627808,0.5071794986724854,50.15781761695261,0.6071428571428571,0.03463203463203463,0.6808035714285714,0.00737762451171875,42,22,0.11830357142857142,,20260729_095545(0).jpg,4000,0.47619047619047616,14,0.001961640315130353,0.10491071428571429,0.4236693875922921,25625a8a32f67c9c,True,scene-0017,kucuk_uzak_yuzler,0.49049107142857146,221e401b668865e443b84d02021d713b05800a1dd2f1728fc94da124a7e5a72f,0.2727272727272727,0.8794642857142857,unlabeled_pool,0.5245535714285714,3000
0,UNLABELED,0.75,163.66233308252257,0.014631907145182291,92.08345540364583,1670093,2026-07-29T10:29:08,3,0.6912190914154053,0.8048503398895264,48.50144212623655,0.16071428571428573,0.0,0.15178571428571427,0.005933125813802083,10,4,0.9285714285714286,,20260729_102908.jpg,4000,0.6,24,0.008838307112455368,0.6272321428571429,0.7468223208202723,77768a0161f938b8,True,scene-0034,mevcut_etiketlerden_gorsel_olarak_uzak,0.4903571428571429,0fc2b87cf0a8b64b3e3865a035430af3ae1a8f488a6f3739f7d1222ecffbf911,0.0,0.42410714285714285,unlabeled_pool,0.6138392857142857,3000
0,UNLABELED,0.75,1131.0558893757375,0.006832122802734375,114.66228739420573,3408273,2026-07-29T09:51:46,3,0.6726222038269043,0.7005855441093445,53.886834700708185,0.5602678571428571,0.022058823529411766,0.6183035714285714,0.025842030843098957,36,17,0.05133928571428571,,20260729_095146(0).jpg,4000,0.5277777777777778,12,0.002823077840730548,0.453125,0.6422037364926623,469b1886f7708d8d,True,scene-0011,sahne_cesitliligi,0.4900446428571429,3a5fd59f1299b4d1aa201f0dfb12e96db168a223807a1c79bbe4732a720bc734,0.058823529411764705,0.7232142857142857,unlabeled_pool,0.48660714285714285,3000
0,UNLABELED,0.75,306.8659952425448,0.0009676615397135416,99.63354237874348,2108804,2026-07-29T10:25:40,3,0.583820641040802,0.583820641040802,46.21786225269713,0.006696428571428571,0.0,0.05357142857142857,0.0,11,1,0.6495535714285714,,20260729_102540.jpg,4000,0.9090909090909091,22,0.04804246127605438,0.5803571428571429,0.7174455392844604,78b93850cdad26a6,True,scene-0029,dusuk_guven,0.4896875,87a8a3067f92fe0a1cfb295bba96f030dc835622e20a8f4594581775ef60773b,0.0,0.2700892857142857,unlabeled_pool,0.9799107142857143,3000
0,UNLABELED,0.75,1234.946119925466,0.028542836507161457,100.6643295288086,4368009,2026-07-29T09:55:30,3,0.6397709846496582,0.6728213429450989,50.89572317642873,0.6808035714285714,0.012315270935960592,0.4486607142857143,0.009675343831380209,59,29,0.10714285714285714,,20260729_095530(1).jpg,4000,0.5084745762711864,14,0.0017430350417271256,0.18080357142857142,0.4774215251175801,7dd71a1486c69199,True,scene-0016,kucuk_uzak_yuzler,0.4875,540cb690d45fd65d475c088b9f4a6447c87b8fc6f4391bb2beb1b211e7688d7f,0.20689655172413793,0.8504464285714286,unlabeled_pool,0.5200892857142857,3000
0,UNLABELED,0.75,1022.5535537929169,0.028745015462239582,95.77112325032552,3666642,2026-07-29T09:55:43,3,0.6260654926300049,0.6429781913757324,52.31850187266044,0.6294642857142857,0.010869565217391304,0.4017857142857143,0.011754353841145834,45,24,0.4017857142857143,,20260729_095543.jpg,4000,0.4666666666666667,20,0.0014741168124601245,0.10044642857142858,0.4190152495642952,44a76a92f6c620f9,True,scene-0017,kucuk_uzak_yuzler,0.4869196428571429,c4c80bef37158420130040eac4f390cd9acae61b6125ca29aba389fae658aa04,0.4166666666666667,0.9263392857142857,unlabeled_pool,0.453125,3000
0,UNLABELED,0.75,737.6740197929175,0.03823725382486979,102.37153498331706,4019980,2026-07-29T09:58:45,3,0.5727862119674683,0.5545315742492676,51.793560292878865,0.5892857142857143,0.029239766081871343,0.6607142857142857,0.004233042399088542,35,19,0.029017857142857144,,20260729_095845(1).jpg,4000,0.45714285714285713,10,0.0020844016689807177,0.17633928571428573,0.47678441579363906,24448a2b3276fcfc,True,scene-0020,kucuk_uzak_yuzler,0.48625,2884d36159b1a70d82071891e594d60848e5b5d8d5ddce8427be37e63f740f17,0.15789473684210525,0.8125,unlabeled_pool,0.5602678571428571,3000
0,UNLABELED,0.75,1218.712876333697,0.01277923583984375,88.09567260742188,3960399,2026-07-29T10:38:31,3,0.614834725856781,0.5960008502006531,56.62281993397595,0.8883928571428571,0.010175763182238668,0.38169642857142855,0.004444122314453125,82,47,0.5223214285714286,,20260729_103831.jpg,4080,0.4268292682926829,20,0.007558291777968407,0.08928571428571429,0.4057380398424962,4e9e509348c2f5d5,True,scene-0039,kalabalik_sahne,0.48531250000000004,73efbd8dcac1cd29f152b78ff71be2ea8a2ea2bfb6ea8bb47222b0e3b421665a,0.0,0.6294642857142857,unlabeled_pool,0.37276785714285715,3060
0,UNLABELED,0.75,336.7983489142868,0.05651982625325521,95.0660883585612,1580583,2026-07-29T10:28:07,3,0.6110144257545471,0.5542191863059998,59.448174044639806,0.12946428571428573,0.0,0.078125,0.007971445719401041,10,4,0.6741071428571429,,20260729_102807(0).jpg,4000,0.6,22,0.005561029072850943,0.796875,0.929689607330785,41f7d4d6d6d30181,True,scene-0032,aykiri_aydinlatma_netlik_veya_kadraj,0.4845982142857143,def7d7a0203d78b9dc8cb2b6e409cffdfb3785a7186ece90fbf6e4b0921f9f48,0.0,0.29910714285714285,unlabeled_pool,0.7165178571428571,3000
0,UNLABELED,0.75,818.1263118386252,0.00678253173828125,118.94516499837239,3386191,2026-07-29T09:54:08,3,0.6076948046684265,0.5919597148895264,50.94335346307544,0.46651785714285715,0.03636363636363636,0.6919642857142857,0.0,23,11,0.6026785714285714,,20260729_095408(0).jpg,4000,0.5217391304347826,22,0.006982970051467419,0.30357142857142855,0.5546885877958267,16ce691ca3b2665c,True,scene-0014,sahne_cesitliligi,0.4843303571428571,85b2e4cb93bebf6824c1dba2e3fa3f694634336dc8edc7c4f9a8658a835c12dc,0.0,0.18526785714285715,unlabeled_pool,0.625,3000
0,UNLABELED,0.75,312.2905781281232,0.01025390625,99.8992296854655,13450820,2026-07-29T09:25:21,3,0.0,0.0,59.75773863167805,0.0,0.0,0.006696428571428571,0.00473785400390625,2,0,0.3169642857142857,,20260729_092521.jpg,8160,1.0,20,0.0,0.1875,0.4824570462698,1697e90d8bf89807,True,scene-0006,dusuk_guven;kucuk_uzak_yuzler,0.48370535714285723,cb924151394b3d02444e24154a6a1c6201153fbc868a85135293b10000196fa7,1.0,0.96875,unlabeled_pool,0.9977678571428571,6120
0,UNLABELED,0.75,1061.0802501756116,0.02429962158203125,96.8615328470866,4098361,2026-07-29T09:55:34,3,0.6224516034126282,0.6257296204566956,49.23827010170925,0.7700892857142857,0.008403361344537815,0.32589285714285715,0.005537668863932292,68,35,0.15848214285714285,,20260729_095534.jpg,4000,0.4852941176470588,16,0.001244555227458477,0.12276785714285714,0.436387713712174,22286972b2ba3cfc,True,scene-0016,kalabalik_sahne;kucuk_uzak_yuzler,0.4830803571428572,7b8ebc7ab6611aa8cd1fdd12749257ca6f897df15df0628222d04950f4ee02a5,0.17142857142857143,0.828125,unlabeled_pool,0.5066964285714286,3000
0,UNLABELED,0.75,389.5079830105727,0.021424611409505207,96.81761678059895,2777912,2026-07-29T10:37:47,3,0.6655457615852356,0.7270894646644592,54.03966057604309,0.8727678571428571,0.010101010101010102,0.37723214285714285,6.230672200520833e-05,81,45,0.7678571428571429,,20260729_103747(0).jpg,4000,0.4444444444444444,22,0.0050748055800795555,0.13616071428571427,0.44425945159993724,761c9866b298b8e5,True,scene-0038,kalabalik_sahne;mevcut_etiketlerden_gorsel_olarak_uzak,0.4830803571428572,fb19f27ee0871c559755475ec7031df5790c628f7f14064dc94a3067ba77ab2c,0.0,0.5357142857142857,unlabeled_pool,0.2924107142857143,3000
0,UNLABELED,0.75,149.88086280622372,0.010799407958984375,88.34711456298828,2221109,2026-07-29T10:26:12,3,0.4840294420719147,0.37630489468574524,42.43657127824651,0.06696428571428571,0.0,0.060267857142857144,0.0,6,3,0.6517857142857143,,20260729_102612.jpg,4000,0.5,22,0.005750559736043215,0.8303571428571429,1.024495278388182,13d181e5ce0e0bdb,True,scene-0030,dusuk_guven;aykiri_aydinlatma_netlik_veya_kadraj,0.48299107142857145,c7b3c897345edbaf39e996034edd1324073614dd9a5e5158fa1b15af3c7ce5b5,0.0,0.2767857142857143,unlabeled_pool,0.7633928571428571,3000
0,UNLABELED,0.75,1044.4442471626664,0.022921244303385418,98.11711502075195,2781970,2026-07-29T10:37:51,3,0.5808045864105225,0.5677108764648438,55.30437455899283,0.9308035714285714,0.009398496240601503,0.35267857142857145,0.0,105,57,0.18080357142857142,,20260729_103751.jpg,4000,0.45714285714285713,16,0.0030357055366039276,0.07366071428571429,0.37515044782349155,03e4f8f48382a9f9,True,scene-0038,kalabalik_sahne,0.48272321428571435,9999142c0d4b73f4247021076f226a6bec4328acc52d10cb2ddf2aa2858bf19a,0.0,0.5513392857142857,unlabeled_pool,0.5379464285714286,3000
0,UNLABELED,0.75,163.08917032329524,0.015755971272786457,96.96057764689128,1574835,2026-07-29T10:29:05,3,0.7194729447364807,0.8617483377456665,50.58279946715876,0.15625,0.0,0.140625,0.004927317301432292,13,4,0.9174107142857143,,20260729_102905(0).jpg,4000,0.6923076923076923,24,0.009009569883346558,0.48214285714285715,0.6646065586437618,0ebe7adf058141f0,True,scene-0034,mevcut_etiketlerden_gorsel_olarak_uzak,0.4825446428571429,1073a8d155a26cb4996ef0b188ab0b142ecdd722020da703fd1543116c21fc13,0.0,0.39732142857142855,unlabeled_pool,0.6941964285714286,3000
0,UNLABELED,0.75,1053.109616123681,0.035701751708984375,97.4787966410319,4263729,2026-07-29T09:55:33,3,0.6610936522483826,0.7191787362098694,53.36702946221282,0.7142857142857143,0.0064516129032258064,0.27232142857142855,0.007418314615885417,69,31,0.24107142857142858,,20260729_095533(0).jpg,4000,0.5507246376811594,18,0.0017332375282421708,0.13392857142857142,0.442971506852038,24284972b2f87cfc,True,scene-0016,sahne_cesitliligi,0.48232142857142857,357885a5679e36e79936a684202d6440c6c7031c6f6e2704ead4c2798e0db9f6,0.06451612903225806,0.7276785714285714,unlabeled_pool,0.5714285714285714,3000
0,UNLABELED,0.75,90.22845335474831,4.3233235677083336e-05,104.87741724650066,1862192,2026-07-29T09:51:55,3,0.6622094511985779,0.7355860471725464,62.19941369477296,0.6964285714285714,0.01839080459770115,0.5870535714285714,0.031827290852864586,55,30,0.33035714285714285,,20260729_095155.jpg,4000,0.45454545454545453,20,0.0034046273212879896,0.90625,1.3556081975543752,28cd9a3678ed1386,True,scene-0012,aykiri_aydinlatma_netlik_veya_kadraj,0.4820089285714286,7ba854473ec8b9d8c5cd3b87926bccbca632615eb3d0fdd09dee2c83b02e033d,0.0,0.05803571428571429,unlabeled_pool,0.32589285714285715,3000
0,UNLABELED,0.75,1736.34017971986,0.0031687418619791665,104.70826212565105,3489299,2026-07-29T09:53:45,3,0.6283074021339417,0.596513032913208,51.53061491949952,0.5379464285714286,0.08571428571428572,0.828125,0.028095245361328125,28,15,0.3705357142857143,,20260729_095345.jpg,4000,0.4642857142857143,20,0.03712359070777893,0.6607142857142857,0.7746589624793951,36449f32db0925ec,True,scene-0014,ortusen_yuzler,0.4818303571428572,e79436e3d611535fac36440ab7f392d3a1323e42b092ca37384c5b37e29b9866,0.0,0.12946428571428573,unlabeled_pool,0.43973214285714285,3000
0,UNLABELED,0.75,342.67714120845386,0.010424296061197916,81.04932149251302,2699892,2026-07-29T10:23:02,3,0.5689826011657715,0.5094945430755615,49.319858054193084,0.25892857142857145,0.06666666666666667,0.7767857142857143,0.0036532084147135415,11,6,0.033482142857142856,,20260729_102302.jpg,4000,0.45454545454545453,10,0.001127829309552908,0.47544642857142855,0.6609247683517129,281f07c4c0da1f9f,True,scene-0024,kucuk_uzak_yuzler;ortusen_yuzler,0.4817410714285715,8e7a2e976f1b1ad67990dab043a2b5377d837670ca485b9250ebd45f526caf66,0.16666666666666666,0.8191964285714286,unlabeled_pool,0.5625,3000
0,UNLABELED,0.75,479.2332127857697,0.00122833251953125,113.32843780517578,2958670,2026-07-29T09:51:35,3,0.6309071183204651,0.6319323778152466,56.96196502313283,0.7410714285714286,0.01893939393939394,0.5959821428571429,0.04779942830403646,63,33,0.04241071428571429,,20260729_095135.jpg,4000,0.47619047619047616,12,0.0043669031001627445,0.8236607142857143,1.013544342789913,1a1624ed5652b9ad,True,scene-0011,aykiri_aydinlatma_netlik_veya_kadraj,0.48125,23ba0ea6530f7581a5317b76fd6b47ce9150bd46d51acc2aea9bd47c5eaf620d,0.0,0.03794642857142857,unlabeled_pool,0.46875,3000
0,UNLABELED,0.75,376.2825352925172,0.001617431640625,104.4518559773763,1992780,2026-07-29T10:25:41,3,0.7146985530853271,0.7700173854827881,45.22627078947455,0.06473214285714286,0.0,0.05580357142857143,3.814697265625e-06,12,3,0.8861607142857143,,20260729_102541.jpg,4000,0.75,24,0.004623372107744217,0.6049107142857143,0.7297813727862562,7959f134260a39b9,True,scene-0029,dusuk_guven;mevcut_etiketlerden_gorsel_olarak_uzak,0.48102678571428575,ef79bd0a289de8a29beca8c1d17ec4d54e6edfc96451c580f981f098868c69db,0.0,0.27232142857142855,unlabeled_pool,0.7901785714285714,3000
0,UNLABELED,0.75,995.9026756377407,0.027942657470703125,98.23579661051433,3975708,2026-07-29T09:55:33,3,0.5711629986763,0.5228373408317566,50.58745174430026,0.7857142857142857,0.014285714285714285,0.5133928571428571,0.0050811767578125,64,36,0.15625,,20260729_095533.jpg,4000,0.4375,16,0.002593661891296506,0.09598214285714286,0.41708260659857127,2420496af2f27cfc,True,scene-0016,kalabalik_sahne,0.48102678571428564,1a745fa4aea23d876a57c73bc1fd5aeca96d3eb580f6093b3dce75a2e487feb2,0.027777777777777776,0.6763392857142857,unlabeled_pool,0.5133928571428571,3000
0,UNLABELED,0.75,246.34861413544002,0.037495930989583336,88.53854751586914,2727659,2026-07-29T09:24:03,3,0.43705329298973083,0.3442811071872711,61.676419396924345,0.41294642857142855,0.044444444444444446,0.7075892857142857,0.07017898559570312,14,10,0.31026785714285715,,20260729_092403.jpg,4000,0.2857142857142857,20,0.0055166929960250854,0.9732142857142857,1.717851258080097,712c8c5b63479ca5,True,scene-0001,aykiri_aydinlatma_netlik_veya_kadraj,0.4806696428571429,d52347f2ca6e0f8ad321978726c412338bb214c35bf3e75677131233b9e31ec1,0.0,0.004464285714285714,unlabeled_pool,0.47767857142857145,3000
0,UNLABELED,0.75,793.1282136718061,0.03526941935221354,101.9032491048177,3838319,2026-07-29T09:58:44,3,0.6659084558486938,0.6356940865516663,50.30053976207815,0.47767857142857145,0.03636363636363636,0.6964285714285714,0.00139617919921875,25,11,0.625,,20260729_095844.jpg,4000,0.56,22,0.007230972871184349,0.26785714285714285,0.528803681867922,162aed395232bc9c,True,scene-0020,sahne_cesitliligi,0.4805357142857143,73461c0417c4e700c0dd448d35f004d9623942b2df3031e36031937e6da29668,0.0,0.22767857142857142,unlabeled_pool,0.5915178571428571,3000
0,UNLABELED,0.75,749.40719787462,0.016749064127604168,87.23436101277669,3831136,2026-07-29T10:38:27,3,0.689489483833313,0.6955369114875793,57.72458661063245,0.84375,0.00853658536585366,0.328125,0.009601593017578125,87,41,0.5200892857142857,,20260729_103827.jpg,4080,0.5287356321839081,20,0.0037603506352752447,0.022321428571428572,0.290724620716218,4cbf30f34ac7a144,True,scene-0039,kalabalik_sahne,0.48004464285714293,d8dfed0e4f8a9e712054911d27c33e7c1dc77e892c9090a438a15d7a7d015288,0.0,0.6205357142857143,unlabeled_pool,0.4486607142857143,3060
0,UNLABELED,0.75,792.9598664012155,0.0009129842122395834,110.37515131632487,3434846,2026-07-29T09:51:37,3,0.6368184089660645,0.600160539150238,55.77916375235595,0.7924107142857143,0.016516516516516516,0.5669642857142857,0.0363311767578125,62,37,0.14732142857142858,,20260729_095137(0).jpg,4000,0.4032258064516129,16,0.002861160784959793,0.5401785714285714,0.6999341592128724,222e95954666b9b9,True,scene-0011,kalabalik_sahne,0.4792857142857143,12e2d23537934ea2ca0ddd623fa60e7d1970f4f29eb549b44b19dfd9ea727bc3,0.02702702702702703,0.6651785714285714,unlabeled_pool,0.23883928571428573,3000
0,UNLABELED,0.75,549.8072726377808,0.014466603597005209,89.2728640238444,2305865,2026-07-29T10:22:55,3,0.45090311765670776,0.47101837396621704,55.44220349143897,0.12053571428571429,0.16666666666666666,0.9464285714285714,0.007404327392578125,9,4,0.6450892857142857,,20260729_102255.jpg,4000,0.5555555555555556,22,0.004969011060893536,0.013392857142857142,0.27255699777769,7a7c2644e66a61a9,True,scene-0024,dusuk_guven;ortusen_yuzler,0.4773660714285715,ce673aacd98f99bb09d65aae27d38fcc6011913becd6c6d1a0cbf6e4738333aa,0.0,0.25223214285714285,unlabeled_pool,0.8705357142857143,3000
0,UNLABELED,0.75,1250.8804870929187,0.0285491943359375,94.29323069254558,4475099,2026-07-29T09:56:36,3,0.6336992979049683,0.6964443325996399,50.15970728784891,0.734375,0.03225806451612903,0.6629464285714286,0.01404571533203125,51,32,0.40625,,20260729_095636.jpg,4000,0.37254901960784315,20,0.001150293741375208,0.3392857142857143,0.5772582340700819,6e2c0a9ac646f8f8,True,scene-0019,kucuk_uzak_yuzler,0.4765178571428572,afb92dd496e45ee9b864515e4c3f44c6a5a24149ec3f5d25ff25daada4c422d7,0.125,0.7879464285714286,unlabeled_pool,0.17857142857142858,3000
0,UNLABELED,0.75,763.5237402283802,0.011007944742838541,114.22517649332683,3882811,2026-07-29T09:53:33,3,0.4646221101284027,0.43780517578125,49.09124639909588,0.42410714285714285,0.1111111111111111,0.8883928571428571,0.005566914876302083,25,10,0.20089285714285715,,20260729_095333(0).jpg,4000,0.6,18,0.058889757841825485,0.08482142857142858,0.39285724763412355,06fa354ac9e12697,True,scene-0014,dusuk_guven;ortusen_yuzler,0.47540178571428576,e0db0c52704228df8f1cfbf39e6965fb828a38af839c160e8f6de9726a126e40,0.0,0.09151785714285714,unlabeled_pool,0.8973214285714286,3000
0,UNLABELED,0.75,372.3349238044015,0.05731964111328125,97.01475143432617,1566003,2026-07-29T10:28:08,3,0.6596096158027649,0.6140692830085754,59.09985933097325,0.13392857142857142,0.0,0.08258928571428571,0.01251220703125,9,4,0.890625,,20260729_102808(0).jpg,4000,0.5555555555555556,24,0.0046309526078403,0.7790178571428571,0.9131097803609914,752f78dec6c90181,True,scene-0032,aykiri_aydinlatma_netlik_veya_kadraj;mevcut_etiketlerden_gorsel_olarak_uzak,0.47500000000000003,42033be05a943281be16f9a26b9beb5a7871f7632f77acdc57d171ae6df421c3,0.0,0.3013392857142857,unlabeled_pool,0.59375,3000
0,UNLABELED,0.451,601.5960286453866,0.012023133116883116,101.88990209009741,1202115,2026-07-29T09:51:27,3,0.6713064312934875,0.7796136140823364,59.22522947110963,0.5758928571428571,0.023391812865497075,0.6316964285714286,0.045291785037878785,34,19,0.5558035714285714,,20260729_095127.jpg,4000,0.4411764705882353,22,0.004370690789073706,0.9665178571428571,1.6870200129788206,0773a0e16c21b8f7,True,scene-0011,aykiri_aydinlatma_netlik_veya_kadraj,0.475,798a4bd820a64f5e23e4670fee89616aa0177b8e750543a587c51853c56b5688,0.0,0.029017857142857144,unlabeled_pool,0.2544642857142857,1804
0,UNLABELED,0.75,211.36144245430785,0.02197265625,106.46126556396484,2307453,2026-07-29T10:35:35,3,0.7141704559326172,0.6948131322860718,65.80195456456688,0.09598214285714286,0.3333333333333333,0.9799107142857143,0.044888814290364586,6,3,0.49107142857142855,,20260729_103535.jpg,4000,0.5,20,0.041027795523405075,0.9017857142857143,1.3289325301445203,6fa530481f718dd8,True,scene-0036,ortusen_yuzler;aykiri_aydinlatma_netlik_veya_kadraj,0.4747767857142858,a774d8c64914765384b89fb9758e36938c702df39f219ece488119a80db79cac,0.0,0.46875,unlabeled_pool,0.3169642857142857,3000
0,UNLABELED,0.75,429.3299558932327,0.013688405354817709,108.45981216430664,2426234,2026-07-29T10:35:28,3,0.6847913861274719,0.7955842614173889,56.68086496979799,0.09151785714285714,0.3333333333333333,0.9732142857142857,0.03986231486002604,6,3,0.7209821428571429,,20260729_103528.jpg,4000,0.5,22,0.04182396084070206,0.6428571428571429,0.7644197258062158,1d18e22a1fd8c9d9,True,scene-0036,ortusen_yuzler,0.47468750000000004,bd56fba0759b648f44bc91bb1566ae77331f9f44d62fc2ba6cd8771daeee1932,0.0,0.4575892857142857,unlabeled_pool,0.37723214285714285,3000
0,UNLABELED,0.75,394.3812015215905,0.006251017252604167,103.99663670857747,1914352,2026-07-29T10:25:43,3,0.3040068745613098,0.3040068745613098,41.80817948070207,0.008928571428571428,0.0,0.05803571428571429,0.0,6,1,0.43526785714285715,,20260729_102543.jpg,4000,0.8333333333333334,20,0.047273192554712296,0.609375,0.7317169217732676,719e96313d6d0296,True,scene-0029,dusuk_guven,0.47450892857142857,aef67f1529d5e6d892ee27810a5a63c28ed4a6f892974d41b730bc8a7b9e1b62,0.0,0.27455357142857145,unlabeled_pool,0.9955357142857143,3000
0,UNLABELED,0.75,1179.8170623590704,0.020537058512369793,98.71677017211914,3938438,2026-07-29T09:55:15,3,0.6537554264068604,0.6813462972640991,46.21868457809198,0.7566964285714286,0.008912655971479501,0.3325892857142857,0.006417592366536458,70,34,0.15401785714285715,,20260729_095515(0).jpg,4000,0.5142857142857142,16,0.0015396311646327376,0.15848214285714285,0.4672655321707195,686872b2a23c7cf4,True,scene-0016,kalabalik_sahne;kucuk_uzak_yuzler,0.47406250000000005,e8ee0a7638f2b13dbf356380cbdfb83d279cb34c580387bb44d889fc60410d39,0.08823529411764706,0.75,unlabeled_pool,0.5022321428571429,3000
0,UNLABELED,0.75,355.9823693291449,0.0629717508951823,94.76900863647461,12869230,2026-07-29T09:26:46,3,0.578646719455719,0.5345467329025269,67.09575014693253,0.4174107142857143,0.08888888888888889,0.8392857142857143,0.0976715087890625,17,10,0.19196428571428573,,20260729_092646.jpg,8160,0.4117647058823529,18,0.008204704150557518,0.9910714285714286,2.1541702981559263,61986a671b67adc0,True,scene-0010,ortusen_yuzler;aykiri_aydinlatma_netlik_veya_kadraj,0.47120535714285716,a7264868d89e4f21693a43dd98d087094c6c2b25c62d6222522d5ac066a53a69,0.0,0.024553571428571428,unlabeled_pool,0.42410714285714285,6120
0,UNLABELED,0.75,1101.1069187873702,0.030414581298828125,95.2025375366211,4096706,2026-07-29T09:56:37,3,0.6998752355575562,0.765658974647522,50.59303857685846,0.6852678571428571,0.024630541871921183,0.6428571428571429,0.011377970377604166,53,29,0.40848214285714285,,20260729_095637.jpg,4000,0.4528301886792453,20,0.0021930295042693615,0.22544642857142858,0.5032801886980603,6a2d2abac646e0f8,True,scene-0019,kucuk_uzak_yuzler,0.4704910714285715,0b068e523a3a134b7a09d5a38bce9ffd79ddcab5b310edf16035fc3456402d43,0.27586206896551724,0.8816964285714286,unlabeled_pool,0.21651785714285715,3000
0,UNLABELED,0.75,466.93294190698225,0.005524953206380208,115.90151596069336,3349074,2026-07-29T09:54:07,3,0.5844177007675171,0.48598170280456543,48.8728009068257,0.4642857142857143,0.03636363636363636,0.6897321428571429,3.5603841145833336e-05,22,11,0.22991071428571427,,20260729_095407.jpg,4000,0.5,18,0.007743187714368105,0.4955357142857143,0.6803237922730272,4f673ca333b6480c,True,scene-0014,sahne_cesitliligi,0.4699553571428572,96fcb470d209dbf1b2a4d1fc72fbec958d7f328486624b92311af2ca96ba42f3,0.0,0.18303571428571427,unlabeled_pool,0.6272321428571429,3000
0,UNLABELED,0.5115,416.41606942379246,0.008451738430343511,99.09180060233778,1251452,2026-07-29T09:51:29,3,0.6515651941299438,0.6776139736175537,65.3678070836656,0.6473214285714286,0.021538461538461538,0.6116071428571429,0.11774100966125954,42,26,0.5602678571428571,,20260729_095129.jpg,4000,0.38095238095238093,22,0.003392260055989027,0.9977678571428571,2.477577020174263,3f1398ad2532159b,True,scene-0011,aykiri_aydinlatma_netlik_veya_kadraj,0.46906250000000005,8b757f4ef0c727009f2ad90fb5e183db501779e4add26b79402259608474c9e2,0.0,0.033482142857142856,unlabeled_pool,0.16741071428571427,2046
0,UNLABELED,0.75,661.5442406454038,0.006417592366536458,81.52432378133138,2713539,2026-07-29T10:22:26,3,0.6103375554084778,0.5269556641578674,54.09658333818821,0.3325892857142857,0.047619047619047616,0.7232142857142857,0.07052993774414062,10,7,0.42410714285714285,,20260729_102226.jpg,4000,0.3,20,0.0012975935824215412,0.8526785714285714,1.1158620925049332,74181e868c194ff7,True,scene-0023,kucuk_uzak_yuzler;aykiri_aydinlatma_netlik_veya_kadraj,0.4689732142857143,45d62b0d6f79ec340dff7c18d739de63c2372e9e07a98371b920c19a79d81a1d,0.14285714285714285,0.8013392857142857,unlabeled_pool,0.109375,3000
0,UNLABELED,0.75,186.3667424220798,0.014794667561848959,90.7604866027832,1495081,2026-07-29T10:29:02,3,0.6520426869392395,0.6368220448493958,50.01021921651218,0.21875,0.0,0.12276785714285714,0.005353291829427083,11,5,0.90625,,20260729_102902(0).jpg,4000,0.5454545454545454,24,0.0036554744001477957,0.5357142857142857,0.6984421841548698,677c820761d178f8,True,scene-0034,mevcut_etiketlerden_gorsel_olarak_uzak,0.4689285714285715,7bff2d42da0c14acdaf538d64ceb8434a9f6193f4bb1e72e53c37a828547d06d,0.0,0.38169642857142855,unlabeled_pool,0.5892857142857143,3000
0,UNLABELED,0.75,1557.4155634041456,0.028592427571614582,98.18729400634766,4303996,2026-07-29T09:55:21,3,0.6219839453697205,0.6152125000953674,51.586118928574805,0.9174107142857143,0.010159651669085631,0.3794642857142857,0.01335906982421875,87,53,0.060267857142857144,,20260729_095521.jpg,4000,0.39080459770114945,12,0.0005735151935368776,0.3080357142857143,0.5559373517092088,2f8a8b0bc2e2e4ec,True,scene-0016,kalabalik_sahne;kucuk_uzak_yuzler,0.4685714285714286,d6aef52f088ab6c7082cfa1e95173eebff67aff94ec0d9c9caadf0f63ff6579b,0.24528301886792453,0.8616071428571429,unlabeled_pool,0.25,3000
0,UNLABELED,0.75,773.5063410717929,0.00118255615234375,109.43261337280273,3216170,2026-07-29T09:51:38,3,0.6657443046569824,0.6795278787612915,56.10971686887043,0.7946428571428571,0.013513513513513514,0.484375,0.039105733235677086,58,37,0.32142857142857145,,20260729_095138.jpg,4000,0.3620689655172414,20,0.0011810829164460301,0.5848214285714286,0.7199474710707341,622e95914646bbb9,True,scene-0011,kalabalik_sahne,0.4666964285714286,e6699698d80bb25df6d44e6b7c8a84b5083f8586ee13981258efac1904c15b13,0.02702702702702703,0.6674107142857143,unlabeled_pool,0.12053571428571429,3000
0,UNLABELED,0.75,770.3059437555817,0.0010007222493489583,110.94247563680013,3223500,2026-07-29T09:51:37,3,0.655045211315155,0.6598585247993469,55.82791657990178,0.765625,0.018487394957983194,0.5915178571428571,0.037663777669270836,59,35,0.044642857142857144,,20260729_095137.jpg,4000,0.4067796610169492,12,0.0028425538912415504,0.578125,0.7152758203528234,223695d14662b9bd,True,scene-0011,kalabalik_sahne,0.4654464285714286,0444f8d9bc435f8a651da1ccbd7aa2e76d78a93db90bc8bd12e784b1a8b4ae21,0.02857142857142857,0.6808035714285714,unlabeled_pool,0.21428571428571427,3000
0,UNLABELED,0.75,579.3733424829925,0.0052947998046875,109.01976140340169,2976923,2026-07-29T09:51:26,3,0.6603090763092041,0.7646263241767883,59.354202085413995,0.5714285714285714,0.032679738562091505,0.6674107142857143,0.024447123209635418,29,18,0.5535714285714286,,20260729_095126.jpg,4000,0.3793103448275862,22,0.002654187148436904,0.3861607142857143,0.6044678238737027,4b0cf8e593641b8d,True,scene-0011,kucuk_uzak_yuzler,0.46517857142857144,f80c56565c84f3734168b05040873c423e75389c59cf1f70c78ddda0f68f9adc,0.16666666666666666,0.8147321428571429,unlabeled_pool,0.14955357142857142,3000
0,UNLABELED,0.75,1279.5511090395091,0.027720133463541668,98.05471165974934,4073559,2026-07-29T09:55:22,3,0.6000699996948242,0.557830274105072,52.15208889810767,0.8549107142857143,0.014396456256921373,0.515625,0.017885843912760418,70,43,0.0625,,20260729_095522(0).jpg,4000,0.38571428571428573,12,0.0015315476339310408,0.2700892857142857,0.530872336939557,2e8a892fe2e2e0ec,True,scene-0016,kalabalik_sahne,0.4638839285714286,d9636b16657b2f856c176431743e58d0382dc43c00e7654b2fdea8b87d877930,0.06976744186046512,0.7321428571428571,unlabeled_pool,0.31473214285714285,3000
0,UNLABELED,0.75,804.5300442069856,0.00675201416015625,80.16452280680339,2429054,2026-07-29T10:22:27,3,0.5841096639633179,0.6064816117286682,53.73119567123033,0.18526785714285715,0.0,0.04017857142857143,0.0670928955078125,10,5,0.6383928571428571,,20260729_102227.jpg,4000,0.5,22,0.004147096537053585,0.8459821428571429,1.0941135155788724,1c181ede8c5d03b7,True,scene-0023,aykiri_aydinlatma_netlik_veya_kadraj,0.4636607142857143,f4c16b8b2110e9851c71a2f7e70866f50722f6fd57012fa7e433c1aa63f86102,0.0,0.24553571428571427,unlabeled_pool,0.6294642857142857,3000
0,UNLABELED,0.75,279.40995142112,0.004971822102864583,120.13016128540039,2864775,2026-07-29T09:54:09,3,0.6310827136039734,0.7521861791610718,48.03764664747723,0.24107142857142858,0.0,0.017857142857142856,0.0,14,6,0.6071428571428571,,20260729_095409(0).jpg,4000,0.5714285714285714,22,0.011022597551345825,0.7901785714285714,0.9218765942798007,4ce33c861392e73c,True,scene-0014,aykiri_aydinlatma_netlik_veya_kadraj,0.46022321428571433,1bffc2bff7af7e1bbdcbe8ee2d37578896a8a73584e947c9d6c8d0ef7cf1848c,0.0,0.18973214285714285,unlabeled_pool,0.6584821428571429,3000
0,UNLABELED,0.75,248.96956330121125,0.0024998982747395835,122.61877187093098,2771998,2026-07-29T09:54:11,3,0.6358503699302673,0.6886731386184692,54.26394991960838,0.47098214285714285,0.05454545454545454,0.7410714285714286,0.0,17,11,0.8660714285714286,,20260729_095411.jpg,4000,0.35294117647058826,24,0.003866136074066162,0.7544642857142857,0.8789007481250282,0dd750be27429e70,True,scene-0014,aykiri_aydinlatma_netlik_veya_kadraj;mevcut_etiketlerden_gorsel_olarak_uzak,0.45982142857142855,8c944078546d075cb1f2e082da6c20c9a1e2869e23da4febc64c59c8adf61974,0.0,0.19642857142857142,unlabeled_pool,0.140625,3000
0,UNLABELED,0.75,743.8443232897343,0.04843266805013021,97.00387318929036,2652832,2026-07-29T10:37:56,3,0.7488539218902588,0.8010642528533936,61.811131643325496,0.9151785714285714,0.007541478129713424,0.3080357142857143,0.000179290771484375,88,52,0.296875,,20260729_103756(0).jpg,4000,0.4090909090909091,18,0.0028174857143312693,0.6026785714285714,0.7266011938356342,62cd8af2d4c4d4d4,True,scene-0038,kalabalik_sahne,0.4590178571428572,3a3f95bc591299c99ea1c11ca45bbe8d930a0d7ec1f484245d742a5f856ebce1,0.019230769230769232,0.6517857142857143,unlabeled_pool,0.078125,3000
0,UNLABELED,0.75,414.88053244367234,0.002475738525390625,112.54679743448894,2714510,2026-07-29T09:51:41,3,0.7036246061325073,0.7772590517997742,55.496279499731315,0.7232142857142857,0.014112903225806451,0.49330357142857145,0.034375508626302086,71,32,0.09375,,20260729_095141(0).jpg,4000,0.5492957746478874,14,0.003230408299714327,0.7075892857142857,0.8287068741053741,06dcd5eb2a14d1c3,True,scene-0011,sahne_cesitliligi,0.45687500000000003,b85df5d9c1b884c7edba33445f5dfda31cc3c69bf4ebfa705ce6293d51e28551,0.0,0.046875,unlabeled_pool,0.47098214285714285,3000
0,UNLABELED,0.75,1020.8267909669213,0.026990254720052082,100.0667355855306,4039039,2026-07-29T09:55:32,3,0.606743574142456,0.6342211365699768,50.22854764311951,0.7120535714285714,0.010752688172043012,0.39285714285714285,0.007617950439453125,56,31,0.23883928571428573,,20260729_095532.jpg,4000,0.44642857142857145,18,0.0015739588998258114,0.09151785714285714,0.40910042960766796,68538a56e2e255dc,True,scene-0016,kucuk_uzak_yuzler,0.456875,0854173dd7758af96c87ca5e61e1c3b9bdd6025af57b3d02a7b3490cb509957f,0.0967741935483871,0.7544642857142857,unlabeled_pool,0.45089285714285715,3000
0,UNLABELED,0.75,1087.9493926332389,0.030813852945963543,96.83810551961263,3758259,2026-07-29T09:55:42,3,0.636715292930603,0.6709504723548889,53.08662533803115,0.6540178571428571,0.011396011396011397,0.41964285714285715,0.0113677978515625,49,27,0.24330357142857142,,20260729_095542.jpg,4000,0.4489795918367347,18,0.0017034239135682583,0.11383928571428571,0.4269119860728238,54874a9266d6e0f9,True,scene-0017,kucuk_uzak_yuzler,0.4567410714285715,bc85d7176985d09b9c11b73cb881d729f6ccc9c7a48ebd69d8ee4bf72d5201be,0.48148148148148145,0.9397321428571429,unlabeled_pool,0.375,3000
0,UNLABELED,0.75,692.9203062127722,0.006966908772786458,97.67309824625652,2684886,2026-07-29T10:37:48,3,0.7131825089454651,0.8054312467575073,50.50188770021442,0.890625,0.007978723404255319,0.31919642857142855,0.0,102,48,0.5066964285714286,,20260729_103748.jpg,4000,0.5294117647058824,20,0.0033657397143542767,0.020089285714285716,0.2869393262620182,39c0c7ccb0f881cf,True,scene-0038,kalabalik_sahne,0.4565625,088834f0297574aa8c2774b84f2c2442d78d8edb36ab51d0c1aa4fcd33db493a,0.0,0.5401785714285714,unlabeled_pool,0.38169642857142855,3000
0,UNLABELED,0.75,155.62079989036854,0.015577952067057291,95.22281646728516,1576146,2026-07-29T10:29:05,3,0.6556368470191956,0.6755284070968628,50.5357512507531,0.296875,0.0,0.14508928571428573,0.005513509114583333,12,6,0.921875,,20260729_102905.jpg,4000,0.5,24,0.004099736921489239,0.5290178571428571,0.6930326000912437,0f7e7adf418140f0,True,scene-0034,mevcut_etiketlerden_gorsel_olarak_uzak,0.4560267857142857,b93410fabc4a550b41f2ad71ce2657895ecd36db2ffb2b96487b4451738c2e36,0.0,0.4017857142857143,unlabeled_pool,0.46651785714285715,3000
0,UNLABELED,0.75,740.1661935610076,0.0009981791178385417,107.6475944519043,3157042,2026-07-29T09:51:38,3,0.7040687203407288,0.7500160336494446,56.19117500492323,0.7209821428571429,0.012096774193548387,0.43973214285714285,0.040203094482421875,61,32,0.09151785714285714,,20260729_095138(0).jpg,4000,0.47540983606557374,14,0.001719315885566175,0.546875,0.7012673244554166,626ab5910644fbb9,True,scene-0011,sahne_cesitliligi,0.45571428571428574,9d519336e38af2a7d7855842cfe922c9b78f03e376750277ece775fc1a024818,0.03125,0.6852678571428571,unlabeled_pool,0.2611607142857143,3000
0,UNLABELED,0.75,1371.2846836099761,0.0022722880045572915,104.86854680379231,3338179,2026-07-29T09:53:35,3,0.5059409737586975,0.46116796135902405,49.5880867974238,0.23660714285714285,0.2,0.953125,0.018768310546875,12,6,0.20535714285714285,,20260729_095335(0).jpg,4000,0.5,18,0.03663107752799988,0.44642857142857145,0.6367278320235451,4ab63651cbc81f25,True,scene-0014,ortusen_yuzler,0.4549553571428572,0a850ab472e7e659603a7342b19b5672936ea6d92a255e8b9f327ec750ff04f0,0.0,0.09821428571428571,unlabeled_pool,0.7232142857142857,3000
0,UNLABELED,0.75,249.5733197057319,0.02605438232421875,92.98744837443034,1666708,2026-07-29T10:27:58,3,0.5409563779830933,0.5074435472488403,53.14464900566005,0.45089285714285715,0.06666666666666667,0.7879464285714286,0.017266591389973957,11,10,0.6584821428571429,,20260729_102758.jpg,4000,0.09090909090909091,22,0.0028652034234255552,0.5669642857142857,0.7058166882932337,6ce8f64ba55061f0,True,scene-0032,kucuk_uzak_yuzler;ortusen_yuzler,0.4549553571428572,048e745d5ebb9d4ee1f3529dee883905410a39906f52461e5c5a7854b1650dcd,0.1,0.7633928571428571,unlabeled_pool,0.033482142857142856,3000
0,UNLABELED,0.75,809.1460227070929,0.002407073974609375,114.26234944661458,3079881,2026-07-29T09:54:05,3,0.7114747762680054,0.7701460719108582,47.079721705848954,0.3638392857142857,0.14285714285714285,0.9352678571428571,0.005850474039713542,17,8,0.8638392857142857,,20260729_095405.jpg,4000,0.5294117647058824,24,0.02488829381763935,0.3013392857142857,0.5543719975975973,236b4c2b39f94607,True,scene-0014,ortusen_yuzler;mevcut_etiketlerden_gorsel_olarak_uzak,0.45254464285714285,92104794b652e729cad0d0130655a539fd40d0b9e7c3e1a513e987d13bd3286f,0.0,0.17857142857142858,unlabeled_pool,0.390625,3000
0,UNLABELED,0.75,944.4272149465978,0.02993011474609375,95.435728708903,3972640,2026-07-29T09:56:38,3,0.6428125500679016,0.6890496015548706,50.257594828756815,0.6875,0.014778325123152709,0.5290178571428571,0.010102589925130209,52,29,0.25223214285714285,,20260729_095638.jpg,4000,0.4423076923076923,18,0.001909351209178567,0.12946428571428573,0.43738746023928937,2e2d28bac246f8f8,True,scene-0019,kucuk_uzak_yuzler,0.4520089285714286,59b2a2b44c8ae7272d129c4aecb655e6d3be71df088d3bccf892b3e3cd21ec6e,0.1724137931034483,0.8303571428571429,unlabeled_pool,0.33705357142857145,3000
0,UNLABELED,0.75,256.29279819668346,0.025431315104166668,91.98999659220378,1605612,2026-07-29T10:28:32,3,0.5882474184036255,0.5662853717803955,55.632873278596435,0.20758928571428573,0.0,0.10491071428571429,0.0018361409505208333,13,5,0.45535714285714285,,20260729_102832.jpg,4000,0.6153846153846154,20,0.007229521404951811,0.5022321428571429,0.6825284891768216,4468a8aaf4572bab,True,scene-0033,dusuk_guven,0.4520089285714286,4b04c52b82557523884c03de4e0f2b24808e5e5debf7a92194fb9c579a0dbdc2,0.0,0.33482142857142855,unlabeled_pool,0.7790178571428571,3000
0,UNLABELED,0.75,772.2131810091995,0.0020434061686197915,110.93052800496419,3406975,2026-07-29T09:51:40,3,0.6412477493286133,0.594279408454895,54.58416911329357,0.796875,0.015015015015015015,0.5357142857142857,0.028715769449869793,64,37,0.046875,,20260729_095140(0).jpg,4000,0.421875,12,0.0023948291782289743,0.3125,0.5606392950933343,4ad4d5ab2a14d1e3,True,scene-0011,kalabalik_sahne,0.4516964285714286,f492b28b11b336db49abc7116fb02efd3276d35f431c64b102e8ccc62f91b3c1,0.05405405405405406,0.7142857142857143,unlabeled_pool,0.296875,3000
0,UNLABELED,0.75,541.6564483037156,0.013139088948567709,90.7712516784668,2662216,2026-07-29T10:37:53,3,0.7128807902336121,0.838273823261261,56.50731519667658,0.9375,0.007597895967270602,0.31473214285714285,1.2715657552083333e-06,91,59,0.9486607142857143,,20260729_103753.jpg,4000,0.3516483516483517,24,0.0025535793974995613,0.0625,0.3615554395636824,1c00b07d7fc7f881,True,scene-0038,kalabalik_sahne;mevcut_etiketlerden_gorsel_olarak_uzak,0.44999999999999996,ed8d01f04d1737c6407f717c7adab41981f7d6f5be39762ee5549b96c6912c7a,0.01694915254237288,0.6450892857142857,unlabeled_pool,0.060267857142857144,3000
0,UNLABELED,0.4575,887.837982824381,0.007522452590811966,109.75768729967949,1470274,2026-07-29T09:51:47,3,0.729898989200592,0.8021588325500488,54.25856921168564,0.5625,0.03676470588235294,0.6986607142857143,0.036289312900641024,22,17,0.8526785714285714,,20260729_095147.jpg,4000,0.22727272727272727,24,0.007583664730191231,0.9486607142857143,1.6207517551982042,189f0d989f148b8f,True,scene-0011,aykiri_aydinlatma_netlik_veya_kadraj;mevcut_etiketlerden_gorsel_olarak_uzak,0.4486607142857143,0a674ba19381291e7716b7bc15e5ac705374289f1842468b937c0baf94534eef,0.0,0.05580357142857143,unlabeled_pool,0.015625,1830
0,UNLABELED,0.75,1031.0821731866388,0.002994537353515625,114.7604586283366,3320707,2026-07-29T09:53:57,3,0.5838939547538757,0.6478293538093567,49.442935578591715,0.5424107142857143,0.08571428571428572,0.8325892857142857,0.0028203328450520835,26,15,0.3794642857142857,,20260729_095357(0).jpg,4000,0.4230769230769231,20,0.033216219395399094,0.40625,0.6159541187387119,4a56971ac1491ff4,True,scene-0014,ortusen_yuzler,0.4485267857142858,d5eb55e7798f2e285c4d2fd248e572fd4ef6f481bf4c3ab6c8cc6f2adc784f0a,0.0,0.15178571428571427,unlabeled_pool,0.44642857142857145,3000
0,UNLABELED,0.75,544.6403844725947,0.004934946695963542,114.57739766438802,3277908,2026-07-29T09:54:06,3,0.5885234475135803,0.5460197329521179,49.935693216675524,0.49330357142857145,0.045454545454545456,0.7120535714285714,0.008218129475911459,24,12,0.38392857142857145,,20260729_095406.jpg,4000,0.5,20,0.008555561304092407,0.20758928571428573,0.49271130079386594,53140ccb61cc373f,True,scene-0014,sahne_cesitliligi,0.44821428571428573,c1b5abd5f3967cff4cb003f9904a9ce29efb01fd2dc0bec3742a6f785ac79e48,0.0,0.18080357142857142,unlabeled_pool,0.6205357142857143,3000
0,UNLABELED,0.75,1807.9661349985354,0.04515965779622396,96.16864776611328,2608390,2026-07-29T09:25:09,3,0.6898704171180725,0.6898704171180725,65.62587163676223,0.004464285714285714,0.0,0.004464285714285714,0.03600184122721354,7,1,0.31473214285714285,,20260729_092509.jpg,4000,0.8571428571428571,20,0.02347821183502674,0.8995535714285714,1.3048044504840755,71983e2f3fc18095,True,scene-0004,dusuk_guven;aykiri_aydinlatma_netlik_veya_kadraj,0.4430357142857143,44aa105bacf03631ab29cb4102a9785b7c11a588b84f52019ab92ee74d39c76a,0.0,0.013392857142857142,unlabeled_pool,0.921875,3000
0,UNLABELED,0.75,502.1369019155329,0.0027008056640625,119.77155176798503,3168181,2026-07-29T09:54:12,3,0.6111804842948914,0.54765784740448,53.78005456085724,0.5290178571428571,0.03296703296703297,0.6696428571428571,0.0,24,14,0.6116071428571429,,20260729_095412.jpg,4000,0.4166666666666667,22,0.0053295255638659,0.4375,0.630248973591093,7c5c4492777e881a,True,scene-0014,sahne_cesitliligi,0.4430357142857143,13aa13168a2759cf001d8cbbb0657cf9b36e335d36833ed3516046f9986cb242,0.0,0.20089285714285715,unlabeled_pool,0.35267857142857145,3000
0,UNLABELED,0.75,399.4822997910023,0.019326527913411457,101.8069216410319,2150367,2026-07-29T10:35:43,3,0.8090276718139648,0.8090276718139648,59.14212264995895,0.03794642857142857,0.0,0.18303571428571427,0.046117146809895836,6,2,0.7321428571428571,,20260729_103543.jpg,4000,0.6666666666666666,22,0.009345978498458862,0.7745535714285714,0.903809339927532,75857a6a003f398d,True,scene-0036,aykiri_aydinlatma_netlik_veya_kadraj,0.44299107142857147,603ef047ee84d42be42cea939eee7191da66506bb6535bdf4c3def7a8e08d06f,0.0,0.484375,unlabeled_pool,0.49107142857142855,3000
0,UNLABELED,0.75,213.46441363158928,0.03995513916015625,103.84767023722331,12465820,2026-07-29T09:25:32,3,0.6083186268806458,0.5626232624053955,62.17779655830731,0.05133928571428571,0.0,0.008928571428571428,0.032857259114583336,11,3,0.31919642857142855,,20260729_092532.jpg,8160,0.7272727272727273,20,0.010806450620293617,0.890625,1.26742391938468,35db2e015d13f185,True,scene-0008,dusuk_guven;aykiri_aydinlatma_netlik_veya_kadraj,0.4429017857142858,c1f63d9790a32ccc1552068e2e8d6a82413b9637ce31b0b92072e0979fa06063,0.0,0.020089285714285716,unlabeled_pool,0.8861607142857143,6120
0,UNLABELED,0.75,887.5381895722753,0.0213470458984375,99.34882354736328,3530020,2026-07-29T09:55:15,3,0.670173168182373,0.7540820837020874,47.785207642396124,0.8950892857142857,0.006802721088435374,0.27455357142857145,0.015211741129557291,90,49,0.09821428571428571,,20260729_095515.jpg,4000,0.45555555555555555,14,0.0014884474221616983,0.09375,0.41305951481608777,08695252b27cfcf4,True,scene-0016,kalabalik_sahne;kucuk_uzak_yuzler,0.4426339285714286,4ce057ad6c8f4fb1dad17bf5ea2b41a01989bc83288bc963a2580f0b86c5898c,0.2653061224489796,0.8705357142857143,unlabeled_pool,0.3125,3000
0,UNLABELED,0.75,1674.7842043974263,0.00319671630859375,101.59774271647136,3384275,2026-07-29T09:53:45,3,0.6164537668228149,0.5851749777793884,52.2008806350798,0.5223214285714286,0.08791208791208792,0.8348214285714286,0.037061055501302086,23,14,0.36830357142857145,,20260729_095345(0).jpg,4000,0.391304347826087,20,0.03618244826793671,0.6986607142857143,0.823168580264332,36124f91e8cd15b6,True,scene-0014,ortusen_yuzler,0.44236607142857143,c09068aa90b2b828de811bfdd4644b4efcc801a3560f8af72f8da17c3455cd77,0.0,0.12723214285714285,unlabeled_pool,0.28794642857142855,3000
0,UNLABELED,0.75,1232.7204703989992,0.028474171956380207,98.69202677408855,4928568,2026-07-29T09:55:10,3,0.6605649590492249,0.6949294805526733,50.02320022058457,0.8705357142857143,0.00909090909090909,0.34375,0.0094451904296875,81,45,0.026785714285714284,,20260729_095510.jpg,4000,0.4444444444444444,10,0.0011144467862322927,0.16071428571428573,0.4674281131184516,20a10d72e2e2fcfc,True,scene-0016,kalabalik_sahne;kucuk_uzak_yuzler,0.4420982142857144,f24bccb6e3b8a572d774293db4336ea1e65900a70612675fa0623bd978f862a4,0.24444444444444444,0.859375,unlabeled_pool,0.3013392857142857,3000
0,UNLABELED,0.75,785.7063480961224,0.010550181070963541,93.17039489746094,2756037,2026-07-29T10:37:52,3,0.6532414555549622,0.6547089219093323,54.04911252594651,0.9330357142857143,0.006892230576441102,0.28348214285714285,0.0,103,57,0.29017857142857145,,20260729_103752(0).jpg,4000,0.44660194174757284,18,0.0021701189689338207,0.004464285714285714,0.2305293782377274,7f08c0ad77aed081,True,scene-0038,kalabalik_sahne,0.43861607142857145,5ec48ebc53b3e1cc4c2321b75aa00ad5f8a91001bc1fc2d5c0de3aadd9b8960d,0.03508771929824561,0.6875,unlabeled_pool,0.328125,3000
0,UNLABELED,0.53125,389.67629367431505,0.012433220358455883,98.33007632984834,1245878,2026-07-29T09:51:28,3,0.6773954033851624,0.7549821138381958,64.82169245697588,0.6674107142857143,0.015873015873015872,0.5535714285714286,0.10306504193474264,42,28,0.5580357142857143,,20260729_095128.jpg,4000,0.3333333333333333,22,0.003138061845675111,0.9955357142857143,2.434750205585948,2e3690e9606235fb,True,scene-0011,aykiri_aydinlatma_netlik_veya_kadraj,0.43821428571428567,730ab7fd8f66947b1cdeeaa734cb04224fbe1548cf7273993d374ead097ce9ff,0.0,0.03125,unlabeled_pool,0.06696428571428571,2125
0,UNLABELED,0.75,297.1991583906718,0.00389862060546875,120.2428207397461,2901895,2026-07-29T09:53:59,3,0.6683320999145508,0.7139655351638794,51.54043005011645,0.515625,0.02564102564102564,0.6473214285714286,0.0019620259602864585,26,13,0.15178571428571427,,20260729_095359(0).jpg,4000,0.5,16,0.011314833536744118,0.6897321428571429,0.8124388714810094,1eb65641c869b715,True,scene-0014,sahne_cesitliligi,0.43611607142857145,c1df663db6066d8d2d45f48a87f20c38284194c4a07108d53699b3cf0d9df9ab,0.0,0.15848214285714285,unlabeled_pool,0.41964285714285715,3000
0,UNLABELED,0.75,858.7643050783663,0.04134241739908854,96.46582158406575,2797353,2026-07-29T10:37:57,3,0.7038421630859375,0.6871854662895203,60.1139227199576,0.921875,0.008385744234800839,0.3236607142857143,0.00021616617838541666,88,54,0.3013392857142857,,20260729_103757.jpg,4000,0.38636363636363635,18,0.0035753510892391205,0.46651785714285715,0.6567266541419196,059de2f0d494d4d5,True,scene-0038,kalabalik_sahne,0.43598214285714293,e2f0439869d332222882f52cbdee63b6b3769ee13aa094d30a5f4d13980f0192,0.0,0.5647321428571429,unlabeled_pool,0.10491071428571429,3000
0,UNLABELED,0.75,667.0570126759256,0.007948557535807291,106.23617299397786,3428060,2026-07-29T09:52:05,3,0.6095162630081177,0.541987955570221,53.7784963448645,0.609375,0.019762845849802372,0.6071428571428571,0.0093994140625,38,23,0.5691964285714286,,20260729_095205.jpg,4000,0.39473684210526316,22,0.002536969492211938,0.0,0.20145121671749272,4a48cdda9629c5e6,True,scene-0012,sahne_cesitliligi,0.43558035714285714,fbfbe76447e61cfff6f1a311f71c8f18f6fbabe68ceca97f3ed93586742b81a3,0.043478260869565216,0.6986607142857143,unlabeled_pool,0.31026785714285715,3000
0,UNLABELED,0.75,698.5758245582547,0.07875569661458333,100.3218625386556,14907925,2026-07-29T09:26:23,3,0.6523558497428894,0.6898375153541565,67.84469255871097,0.41517857142857145,0.0,0.011160714285714286,0.052043914794921875,18,10,0.0,,20260729_092623.jpg,8160,0.4444444444444444,8,0.0021419357508420944,0.9620535714285714,1.6795214338141287,24eca21b5736adc1,True,scene-0009,kucuk_uzak_yuzler;aykiri_aydinlatma_netlik_veya_kadraj,0.4349553571428572,d951837e0add6573a8028961cd38b15d947f0dbdcc90f2820e4b2ff60c3364e0,0.1,0.7589285714285714,unlabeled_pool,0.3236607142857143,6120
0,UNLABELED,0.75,1039.9860071941828,0.027315775553385418,97.13375091552734,4356374,2026-07-29T09:55:09,3,0.6698966026306152,0.7105588912963867,49.500628885149304,0.8683035714285714,0.00808080808080808,0.32142857142857145,0.011964162190755209,81,45,0.024553571428571428,,20260729_095509(0).jpg,4000,0.4444444444444444,10,0.0011518801329657435,0.14285714285714285,0.45621039809946773,208c0d72f262fcfc,True,scene-0016,kalabalik_sahne;kucuk_uzak_yuzler,0.4331696428571428,d13c6778f99eb47660c485a09399466412b7b28d32cd634ec2adbea8f49b383b,0.26666666666666666,0.8727678571428571,unlabeled_pool,0.28348214285714285,3000
0,UNLABELED,0.75,948.7319878543349,0.013032277425130209,94.20025634765625,2937409,2026-07-29T10:37:52,3,0.6055302619934082,0.5981734991073608,54.219586591800486,0.9285714285714286,0.01103896103896104,0.4107142857142857,2.5431315104166665e-06,99,56,0.08258928571428571,,20260729_103752.jpg,4000,0.43434343434343436,12,0.008591922000050545,0.008928571428571428,0.26178529840101145,7e80a084feeef881,True,scene-0038,kalabalik_sahne,0.43187500000000006,dec2edf66529eceeb059c9ffe78b0f397489587c510a5b7102219dd90a652996,0.0,0.5535714285714286,unlabeled_pool,0.41517857142857145,3000
0,UNLABELED,0.75,950.1039898758736,0.006464640299479167,102.4133669535319,3347783,2026-07-29T09:53:36,3,0.5164097547531128,0.46120738983154297,49.145200756020266,0.3861607142857143,0.1388888888888889,0.9263392857142857,0.017735799153645832,19,9,0.14955357142857142,,20260729_095336.jpg,4000,0.5263157894736842,16,0.041954800486564636,0.12723214285714285,0.43700720001661686,523e5640c3c95f35,True,scene-0014,ortusen_yuzler,0.43160714285714286,74e7983a0ef01213b6a7d47b403c34730820f77fc33b6be14952ef1155a47249,0.0,0.10491071428571429,unlabeled_pool,0.7455357142857143,3000
0,UNLABELED,0.75,735.9940364456015,0.024037679036458332,104.75098673502605,3487430,2026-07-29T09:55:26,3,0.6703530550003052,0.7076712846755981,51.87473464633584,0.671875,0.015873015873015872,0.5558035714285714,0.023310343424479168,55,28,0.06919642857142858,,20260729_095526(1).jpg,4000,0.4909090909090909,12,0.0017815831815823913,0.15625,0.4670093577095324,4fcbcad27251c1c4,True,scene-0016,sahne_cesitliligi,0.43044642857142856,f0520787f3566b01bbe3304c7e1adf4fc9c12062a825475c79105390551e66ed,0.03571428571428571,0.6897321428571429,unlabeled_pool,0.3950892857142857,3000
0,UNLABELED,0.75,1301.5962255613779,0.027276357014973957,96.60511525472005,4292830,2026-07-29T09:56:42,3,0.6393516063690186,0.6628572344779968,49.68933688807212,0.7723214285714286,0.01680672268907563,0.5714285714285714,0.010930379231770834,63,35,0.4107142857142857,,20260729_095642.jpg,4000,0.4444444444444444,20,0.0032693163957446814,0.24553571428571427,0.5157119234653648,2d8d1a72c644f4f4,True,scene-0019,kalabalik_sahne,0.42892857142857144,ed536adcac02abb4981ee8090872b6b01f8caa9ec1a5bbd3abf1ceed2d953305,0.0,0.21875,unlabeled_pool,0.35044642857142855,3000
0,UNLABELED,0.75,167.358469379702,0.015045166015625,94.00981903076172,1508007,2026-07-29T10:29:04,3,0.6917450428009033,0.7100076675415039,49.77625784502005,0.29464285714285715,0.0,0.13839285714285715,0.005029042561848958,12,6,0.9151785714285714,,20260729_102904.jpg,4000,0.5,24,0.004116009455174208,0.5558035714285714,0.7028693261535881,0e7cbaff418150f0,True,scene-0034,mevcut_etiketlerden_gorsel_olarak_uzak,0.42808035714285714,fcf4433893cbbcd873012f492baa1363f659581c115ba71d8e15d557197a9584,0.0,0.3950892857142857,unlabeled_pool,0.36160714285714285,3000
0,UNLABELED,0.75,507.17475762011117,0.028179168701171875,86.00158818562825,1618537,2026-07-29T10:28:28,3,0.5720125436782837,0.5897402167320251,56.919488687213125,0.26785714285714285,0.06666666666666667,0.7924107142857143,0.004802703857421875,10,6,0.6808035714285714,,20260729_102828.jpg,4000,0.4,22,0.007122552487999201,0.32589285714285715,0.5678351103639162,4c48c8c8cc6f6fca,True,scene-0033,ortusen_yuzler,0.4279017857142857,fe63e78774784610a26ced9e80d0cfd3fb7c09cf9f44809c42f5f78437433a32,0.0,0.32589285714285715,unlabeled_pool,0.41294642857142855,3000
0,UNLABELED,0.75,166.56301343005748,0.01416015625,91.1330337524414,1664956,2026-07-29T10:29:08,3,0.6649981141090393,0.6217884421348572,48.282000900967404,0.35714285714285715,0.047619047619047616,0.7366071428571429,0.004933675130208333,11,7,0.7053571428571429,,20260729_102908(0).jpg,4000,0.36363636363636365,22,0.008293312042951584,0.6473214285714286,0.7657510676136975,7f66ca0161f838b8,True,scene-0034,sahne_cesitliligi,0.42767857142857146,93b58e179e8da119410853a022ebb836145a8248efca5ac8f8d1de4b7c2632c4,0.0,0.41964285714285715,unlabeled_pool,0.12723214285714285,3000
0,UNLABELED,0.75,343.52352615158514,0.046735127766927086,98.5760726928711,1688560,2026-07-29T10:28:04,3,0.5420284867286682,0.38458579778671265,56.58193525526395,0.07142857142857142,0.0,0.06919642857142858,0.006603240966796875,7,3,0.4419642857142857,,20260729_102804(0).jpg,4000,0.5714285714285714,20,0.0060653905384242535,0.5870535714285714,0.7216336461975158,51dcd4d6d4d311c1,True,scene-0032,dusuk_guven,0.4275446428571429,27d2f44e54421fa1bf5033ef5f42337012ce27ca5f1be258dbaeaeffaec781ea,0.0,0.29017857142857145,unlabeled_pool,0.78125,3000
0,UNLABELED,0.75,498.77622451275573,0.00696563720703125,110.19745127360027,3083533,2026-07-29T09:51:57,3,0.6915743350982666,0.7587737441062927,56.70358683328322,0.78125,0.014285714285714285,0.5089285714285714,0.022661844889322918,59,36,0.33482142857142855,,20260729_095157.jpg,4000,0.3898305084745763,20,0.0029333424754440784,0.3169642857142857,0.5644657433832978,6a1c35e24a549dab,True,scene-0012,kalabalik_sahne,0.42709821428571426,33e6459b1605417397214adcd5607a98e984d7a73a22d6f7451e77ac776d3070,0.027777777777777776,0.671875,unlabeled_pool,0.125,3000
0,UNLABELED,0.75,437.15842626759826,0.002620697021484375,114.709166208903,2768423,2026-07-29T09:54:04,3,0.6403350234031677,0.7165079712867737,46.240461629980786,0.49107142857142855,0.10606060606060606,0.8839285714285714,0.006952921549479167,16,12,0.984375,,20260729_095404.jpg,4000,0.25,26,0.028521666303277016,0.5245535714285714,0.6902798146838094,6b2a9e31bd554603,True,scene-0014,ortusen_yuzler;mevcut_etiketlerden_gorsel_olarak_uzak,0.4261607142857142,bb576ce42b7302eb028f5134ce84161cc01c70b219b7ea208838844539e904e1,0.0,0.17410714285714285,unlabeled_pool,0.046875,3000
0,UNLABELED,0.75,464.32862785081994,0.004395802815755208,110.59344991048177,2957669,2026-07-29T09:52:01,3,0.6286436915397644,0.6449933648109436,53.645129194508854,0.6696428571428571,0.0291005291005291,0.6584821428571429,0.010138193766276041,46,28,0.34598214285714285,,20260729_095201.jpg,4000,0.391304347826087,20,0.0023310950491577387,0.10714285714285714,0.42569289762390033,4a44c5de3a25c5da,True,scene-0012,sahne_cesitliligi,0.42562500000000003,3b8284ddcef1f7f64c72cb9f44ecf3a626feb955157e1d42a853a8a5c78bdc2f,0.07142857142857142,0.734375,unlabeled_pool,0.22991071428571427,3000
0,UNLABELED,0.75,1207.5604817723895,0.025046030680338543,95.180908203125,4179491,2026-07-29T09:55:24,3,0.5927965641021729,0.5394353270530701,52.42939382016205,0.7589285714285714,0.017825311942959002,0.5803571428571429,0.028900146484375,57,34,0.06696428571428571,,20260729_095524(0).jpg,4000,0.40350877192982454,12,0.004263085313141346,0.4642857142857143,0.6533727340616381,1d898b52d270f4f4,True,scene-0016,kalabalik_sahne,0.4246428571428572,474553c67f370030df3670159231b1a708d99274f12a4f3d0f89c5a7903fe5db,0.0,0.20982142857142858,unlabeled_pool,0.36830357142857145,3000
0,UNLABELED,0.75,354.84728476588845,0.028752644856770832,88.61959584554036,1508026,2026-07-29T10:28:28,3,0.5490986704826355,0.5227043628692627,57.01541684930124,0.203125,0.1,0.8660714285714286,0.0021947224934895835,8,5,0.45089285714285715,,20260729_102828(0).jpg,4000,0.375,20,0.00705133518204093,0.5178571428571429,0.6890545705580503,6464a8a8e4672fab,True,scene-0033,ortusen_yuzler,0.4238839285714286,07c2cecb883120ba6018f883a7b2e758ef8b390dc7c072d27c112d5802c3c019,0.0,0.3236607142857143,unlabeled_pool,0.40848214285714285,3000
0,UNLABELED,0.75,309.2723331159534,0.010122934977213541,89.00624720255534,2695483,2026-07-29T10:22:56,3,0.5835456252098083,0.5780251622200012,50.64897908166901,0.25223214285714285,0.13333333333333333,0.9196428571428571,0.001064300537109375,10,6,0.6473214285714286,,20260729_102256.jpg,4000,0.4,22,0.005540953949093819,0.3705357142857143,0.5979573739033809,245830dafc662ba7,True,scene-0024,ortusen_yuzler,0.42281250000000004,ff96b9fd195ee04c8751e3c5b9c95d5981bb358764adb9345f62d446e08aaeb9,0.0,0.25669642857142855,unlabeled_pool,0.38392857142857145,3000
0,UNLABELED,0.75,302.8302833621856,0.0026003519694010415,121.25850423177083,2641568,2026-07-29T09:54:03,3,0.6836355328559875,0.6091293692588806,47.99434145215887,0.46205357142857145,0.10909090909090909,0.8861607142857143,0.006076812744140625,17,11,0.5982142857142857,,20260729_095403(0).jpg,4000,0.35294117647058826,22,0.03128114715218544,0.7410714285714286,0.8618064271571074,23388f75bd154263,True,scene-0014,ortusen_yuzler,0.42075892857142855,0f94a59e60b5aa534a85cca4b7f8322903432e9ebbd85d668c549ba3c3daa667,0.0,0.16964285714285715,unlabeled_pool,0.09151785714285714,3000
0,UNLABELED,0.75,328.9962180782265,0.012729644775390625,81.90679931640625,2537408,2026-07-29T10:23:04,3,0.6499678492546082,0.6629233956336975,53.82069437681082,0.26339285714285715,0.06666666666666667,0.78125,0.017927805582682293,11,6,0.12946428571428573,,20260729_102304(0).jpg,4000,0.45454545454545453,14,0.002287232084199786,0.36830357142857145,0.5978025384423755,78b50504c4f2379f,True,scene-0024,kucuk_uzak_yuzler;ortusen_yuzler,0.41776785714285714,52b905ebe9dc1ed81a491a9857c2665d12a825248c8e0ec6010a8b92c3e929ca,0.16666666666666666,0.8214285714285714,unlabeled_pool,0.3482142857142857,3000
0,UNLABELED,0.75,625.7169269000345,0.008382161458333334,108.19257990519206,3374044,2026-07-29T09:52:06,3,0.6777355074882507,0.6983845233917236,53.448626116812335,0.5803571428571429,0.023391812865497075,0.6339285714285714,0.006181081136067708,38,19,0.19866071428571427,,20260729_095206.jpg,4000,0.5,18,0.0012037738924846053,0.015625,0.2736313575864049,5a4acd92b629c5c6,True,scene-0012,sahne_cesitliligi,0.4170535714285715,1e91e86dd4d1df04328cfc2ec1dfe42efa8e4dc41f458ba79dbc7b7e2652e392,0.05263157894736842,0.7098214285714286,unlabeled_pool,0.39955357142857145,3000
0,UNLABELED,0.75,717.7680344150853,0.0030301411946614585,106.58154678344727,3791311,2026-07-29T09:52:04,3,0.6539316773414612,0.7297568917274475,51.76382235061214,0.578125,0.017543859649122806,0.578125,0.006923675537109375,35,19,0.35267857142857145,,20260729_095204.jpg,4000,0.45714285714285713,20,0.0025049145333468914,0.026785714285714284,0.3010392820366216,4acccd923669c5c6,True,scene-0012,sahne_cesitliligi,0.41535714285714287,0082f8e121523e950926950bdf0d72b40c94d549e02d69314efc706bf5e039d0,0.05263157894736842,0.7075892857142857,unlabeled_pool,0.34375,3000
0,UNLABELED,0.75,1452.683324522487,0.0025431315104166665,106.34098307291667,3420564,2026-07-29T09:53:50,3,0.7474040985107422,0.7648438215255737,47.55216572933016,0.48660714285714285,0.06060606060606061,0.7522321428571429,0.010794321695963541,28,12,0.37276785714285715,,20260729_095350.jpg,4000,0.5714285714285714,20,0.031179243698716164,0.39732142857142855,0.6139836718183684,2e4b60a869e817d7,True,scene-0014,ortusen_yuzler,0.4139732142857143,10f2cceefbf5dda7407c5db92fd9f88541e4469646d0ba42a4999ea364b12656,0.0,0.14285714285714285,unlabeled_pool,0.40401785714285715,3000
0,UNLABELED,0.75,1430.5663633855418,0.027324676513671875,96.9987564086914,4171811,2026-07-29T09:55:23,3,0.7072136998176575,0.7124770879745483,52.97310129523737,0.7008928571428571,0.016091954022988506,0.5602678571428571,0.022370656331380207,65,30,0.06473214285714286,,20260729_095523.jpg,4000,0.5384615384615384,12,0.005231073591858149,0.39955357142857145,0.6140864444667038,2eaba92e82e2e0ec,True,scene-0016,sahne_cesitliligi,0.41383928571428574,be910aa1f037399d7ea8f917a806ed03af9c7241c9db8571930879d17485ef6d,0.0,0.20758928571428573,unlabeled_pool,0.4174107142857143,3000
0,UNLABELED,0.75,727.5678799113939,0.00347900390625,111.76945877075195,3311802,2026-07-29T09:51:32,3,0.7648890018463135,0.843511700630188,54.68945470281779,0.6183035714285714,0.014492753623188406,0.5178571428571429,0.04063542683919271,46,24,0.08928571428571429,,20260729_095132.jpg,4000,0.4782608695652174,14,0.0016026794910430908,0.5267857142857143,0.6923632495458285,7a0b1497736a8d85,True,scene-0011,sahne_cesitliligi,0.41357142857142865,ae1405fef0cd85b9f418f6bce7d24d786aefdc8f153ec1ddd2da606084f7aa0c,0.08333333333333333,0.7455357142857143,unlabeled_pool,0.13839285714285715,3000
0,UNLABELED,0.75,81.04243966077532,0.005772908528645833,63.09414927164713,2389459,2026-07-29T10:22:08,3,0.5096091628074646,0.4077882766723633,46.07450967555919,0.328125,0.09523809523809523,0.8504464285714286,0.09746805826822917,9,7,0.2611607142857143,,20260729_102208.jpg,4000,0.2222222222222222,18,0.005275805946439505,0.9933035714285714,2.4054660651087456,265dad2058ab6575,True,scene-0022,ortusen_yuzler;aykiri_aydinlatma_netlik_veya_kadraj,0.41218750000000004,9c1ec4540c13699761077fa02c49b8ca21fc8b5f511f240cc4a84634585b4699,0.0,0.23660714285714285,unlabeled_pool,0.13616071428571427,3000
0,UNLABELED,0.75,784.6170036643744,0.03937530517578125,101.25477727254231,3857737,2026-07-29T09:58:43,3,0.5639538764953613,0.44346657395362854,52.38974005923542,0.5580357142857143,0.03333333333333333,0.6763392857142857,0.0043487548828125,29,16,0.12276785714285714,,20260729_095843.jpg,4000,0.4482758620689655,14,0.00436795549467206,0.18303571428571427,0.48035323938296864,25244a2a2676fcfc,True,scene-0020,sahne_cesitliligi,0.41107142857142864,581e2fb6dacae32acf0593ed9b478a271bdab6ae8608d9a9bf51a15ad5e0b571,0.0,0.22544642857142858,unlabeled_pool,0.5580357142857143,3000
0,UNLABELED,0.75,389.94264893186573,0.013284047444661459,107.08303324381511,2386674,2026-07-29T10:35:27,3,0.8519783616065979,0.9028935432434082,56.84249313309018,0.08928571428571429,0.3333333333333333,0.9709821428571429,0.04332733154296875,5,3,0.9352678571428571,,20260729_103527.jpg,4000,0.4,24,0.04182584956288338,0.6941964285714286,0.8204495395577955,1962e22a1fd8c9d9,True,scene-0036,ortusen_yuzler;mevcut_etiketlerden_gorsel_olarak_uzak,0.4107589285714286,15329a8b7a59a79a9175ca992d3cd22f544434216437f4134e7ef2972a03c58b,0.0,0.45535714285714285,unlabeled_pool,0.03125,3000
0,UNLABELED,0.75,217.63356833221337,0.030813852945963543,88.22025934855144,1443701,2026-07-29T10:28:26,3,0.6427847743034363,0.7209782600402832,57.14828274829773,0.19642857142857142,0.0,0.09598214285714286,0.005404154459635417,9,5,0.27455357142857145,,20260729_102826(0).jpg,4000,0.4444444444444444,18,0.001399488653987646,0.7165178571428571,0.8338011767674376,66a0a8a8d6172fab,True,scene-0033,kucuk_uzak_yuzler,0.40928571428571425,2d88c42e2531197d33fda85dded6856782406d2bab1a34972f7b828c8e749b33,0.2,0.8415178571428571,unlabeled_pool,0.3392857142857143,3000
0,UNLABELED,0.75,525.1897241483288,0.012929280598958334,119.43793106079102,3476420,2026-07-29T09:51:43,3,0.7155583500862122,0.8036088943481445,53.54297886958209,0.6227678571428571,0.010869565217391304,0.39955357142857145,0.024400075276692707,44,24,0.19642857142857142,,20260729_095143.jpg,4000,0.45454545454545453,18,0.0017740009352564812,0.37723214285714285,0.6013896742369079,6301bcf673688d85,True,scene-0011,kucuk_uzak_yuzler,0.40875000000000006,553065ab8baa11e168535eac6d09557aa8910412e843216659ea8dd6d3b00dd7,0.125,0.7834821428571429,unlabeled_pool,0.18080357142857142,3000
0,UNLABELED,0.75,1140.3612721760026,0.026772816975911457,97.62613677978516,4299652,2026-07-29T09:56:43,3,0.6384449601173401,0.624712347984314,49.26044723134926,0.7879464285714286,0.02857142857142857,0.65625,0.013642628987630209,65,36,0.16294642857142858,,20260729_095643.jpg,4000,0.4461538461538462,16,0.003134867874905467,0.21651785714285715,0.4995262088190866,0d889ad2c364f4fc,True,scene-0019,kalabalik_sahne,0.40834821428571433,8f34b2a466961b22d45ebe6fb1b88b468092693b175588177166398f9f16e3b6,0.0,0.22098214285714285,unlabeled_pool,0.35714285714285715,3000
0,UNLABELED,0.75,745.4235004745168,0.007595062255859375,107.85794576009114,3531330,2026-07-29T09:52:02,3,0.6217104196548462,0.6154090166091919,53.87324416351904,0.6495535714285714,0.015384615384615385,0.5446428571428571,0.010367075602213541,43,26,0.3482142857142857,,20260729_095202.jpg,4000,0.3953488372093023,20,0.0019086571410298347,0.002232142857142857,0.21597191946645386,4a60e5da122dc5f6,True,scene-0012,sahne_cesitliligi,0.4077678571428572,b32c16e8f568ca39b104b7f7a5390b49f0494ad27d4e3ce6ec7fe41f29815ee2,0.07692307692307693,0.7410714285714286,unlabeled_pool,0.2767857142857143,3000
0,UNLABELED,0.75,220.59745660303759,0.03443145751953125,90.13452784220378,1458830,2026-07-29T10:28:25,3,0.5922060012817383,0.582584023475647,57.911831745254304,0.140625,0.0,0.09151785714285714,0.0030186971028645835,8,4,0.27232142857142855,,20260729_102825(0).jpg,4000,0.5,18,0.007497094571590424,0.7678571428571429,0.8953654660313414,24a0a8a8e6772fab,True,scene-0033,aykiri_aydinlatma_netlik_veya_kadraj,0.4071875000000001,1440798428700060a36f78d508c303dcdd85f0ac6e3b5c168fddc7f197014c3d,0.0,0.3125,unlabeled_pool,0.609375,3000
0,UNLABELED,0.75,154.28731491240129,0.018765767415364582,102.70259348551433,1911914,2026-07-29T10:35:35,3,0.79451984167099,0.7797163724899292,65.9289987838707,0.09375,0.3333333333333333,0.9776785714285714,0.07077789306640625,5,3,0.4888392857142857,,20260729_103535(0).jpg,4000,0.4,20,0.039529528468847275,0.9598214285714286,1.677318722262239,6fa530481f71a5d8,True,scene-0036,ortusen_yuzler;aykiri_aydinlatma_netlik_veya_kadraj,0.4053125,6b4f5c053b1c1e6d2cfb2782ca63b93c5106561172786987cd1ac664fbf7adb4,0.0,0.46651785714285715,unlabeled_pool,0.04017857142857143,3000
0,UNLABELED,0.75,180.25713520780175,0.020375569661458332,98.24542617797852,1494866,2026-07-29T10:28:55,3,0.7874441146850586,0.8276917934417725,50.597290204833385,0.28125,0.06666666666666667,0.8013392857142857,0.005942026774088542,11,6,0.9888392857142857,,20260729_102855.jpg,4000,0.45454545454545453,26,0.008106431923806667,0.47098214285714285,0.6576665247655427,77247af6a98141f0,True,scene-0034,ortusen_yuzler;mevcut_etiketlerden_gorsel_olarak_uzak,0.4050892857142857,e1e142f321bbde6f56e0a54ce5bc66d488a9afa590fb6359a639a40c3a82f990,0.0,0.3638392857142857,unlabeled_pool,0.08482142857142858,3000
0,UNLABELED,0.75,942.9766778955997,0.03553136189778646,101.60359064737956,4128348,2026-07-29T09:58:45,3,0.7470045685768127,0.7868361473083496,51.213096901339455,0.546875,0.047619047619047616,0.7165178571428571,0.004049936930338542,39,15,0.03125,,20260729_095845.jpg,4000,0.6153846153846154,10,0.006537520792335272,0.265625,0.527906131701207,24448a2b3276fcfc,True,scene-0020,sahne_cesitliligi,0.40446428571428567,bb93ae03cac907288b279375f9c047badec43c61836a41b1eb8feed54e6deea6,0.0,0.22991071428571427,unlabeled_pool,0.5178571428571429,3000
0,UNLABELED,0.75,200.81189710388162,0.011145273844401041,103.77649815877278,2213408,2026-07-29T10:35:32,3,0.7213417887687683,0.818221926689148,60.34159096578301,0.31473214285714285,0.2,0.9575892857142857,0.06110382080078125,10,6,0.08035714285714286,,20260729_103532.jpg,4000,0.4,12,0.04383840784430504,0.8950892857142857,1.2949533160668738,1ccff0184be53195,True,scene-0036,ortusen_yuzler;aykiri_aydinlatma_netlik_veya_kadraj,0.404375,10caf254e0eeb81528c50813e20cf9814815ba9101b0e624341b5f8af0e43ffd,0.0,0.46205357142857145,unlabeled_pool,0.10044642857142858,3000
0,UNLABELED,0.75,193.19427078090496,0.0120849609375,95.75553894042969,1484937,2026-07-29T10:29:20,3,0.6284611821174622,0.5911903381347656,46.47299996327346,0.171875,0.0,0.171875,0.0035235087076822915,8,4,0.48214285714285715,,20260729_102920.jpg,4000,0.5,20,0.008390435948967934,0.5379464285714286,0.6985316977906343,730f38f1789c4cc4,True,scene-0035,sahne_cesitliligi,0.40424107142857146,845b59a5bc5d743af0925362d76e3d7c7943f648ae655399d476de6e143fb73e,0.0,0.44642857142857145,unlabeled_pool,0.5223214285714286,3000
0,UNLABELED,0.75,294.5947892264357,0.03923670450846354,92.16185633341472,1483430,2026-07-29T10:28:29,3,0.7014259099960327,0.842103898525238,58.53999954839186,0.20535714285714285,0.1,0.8683035714285714,0.003927866617838542,10,5,0.17633928571428573,,20260729_102829(0).jpg,4000,0.5,16,0.007417057640850544,0.7209821428571429,0.8374120887616472,26a4acaca43727ab,True,scene-0033,ortusen_yuzler,0.4034821428571429,152edf7de022778615cb95d4cfd3126e22e8c903fa6fff8dda9a3c00953462ac,0.0,0.328125,unlabeled_pool,0.3325892857142857,3000
0,UNLABELED,0.75,295.57046477795245,0.033953348795572914,95.21416982014973,1617718,2026-07-29T10:28:01,3,0.5761547088623047,0.5756537914276123,54.75877144487512,0.3392857142857143,0.09523809523809523,0.8549107142857143,0.027243296305338543,9,7,0.6629464285714286,,20260729_102801(0).jpg,4000,0.2222222222222222,22,0.0031201676465570927,0.703125,0.8257214824808989,4c92def6f3a90181,True,scene-0032,ortusen_yuzler,0.40321428571428575,8fd932688228d2a2390948c037ba55f20e98d101c933e34a5aea3e485756e785,0.0,0.28348214285714285,unlabeled_pool,0.06473214285714286,3000
0,UNLABELED,0.75,132.47938111082962,0.045934041341145836,96.41687774658203,1398942,2026-07-29T10:28:51,3,0.7716681361198425,0.8080588579177856,54.771889342386864,0.2767857142857143,0.06666666666666667,0.7991071428571429,0.025925954182942707,12,6,0.28348214285714285,,20260729_102851(0).jpg,4000,0.5,18,0.0033101472072303295,0.8683035714285714,1.1863033893940451,73a886faf7a901c0,True,scene-0034,ortusen_yuzler;aykiri_aydinlatma_netlik_veya_kadraj,0.40290178571428575,7132c73ad46b97b4f0a5efa53fd1ae1464e44e54104818a9c6f30e65db47534d,0.0,0.35044642857142855,unlabeled_pool,0.16294642857142858,3000
0,UNLABELED,0.75,440.2168795264103,0.004278818766276042,96.70002746582031,2108100,2026-07-29T10:36:01,3,0.5653960108757019,0.5653960108757019,59.49007183429712,0.049107142857142856,0.0,0.20982142857142858,0.07446924845377605,3,2,0.75,,20260729_103601.jpg,4000,0.3333333333333333,22,0.006955913733690977,0.8839285714285714,1.2336882150481645,3e651b0a14c5bad9,True,scene-0037,aykiri_aydinlatma_netlik_veya_kadraj;mevcut_etiketlerden_gorsel_olarak_uzak,0.4022321428571429,3107d7bbeeec8a459d3b6d9f098091ff6f6debc8fd88b5246acb61998dd786cf,0.0,0.5044642857142857,unlabeled_pool,0.24776785714285715,3000
0,UNLABELED,0.75,1123.0050434044076,0.00331878662109375,108.37616729736328,3728443,2026-07-29T09:54:01,3,0.6367528438568115,0.6804165244102478,48.34135817320019,0.5178571428571429,0.08974358974358974,0.8482142857142857,0.00018564860026041666,21,13,0.59375,,20260729_095401.jpg,4000,0.38095238095238093,22,0.022504134103655815,0.40401785714285715,0.6157987437897947,2a56960943cb2db7,True,scene-0014,ortusen_yuzler,0.4014732142857143,3d54b4ff4af2ed79ffa64d6ff40b90ebe45e063d4aa2a93855fd5297d8296a8c,0.0,0.16294642857142858,unlabeled_pool,0.19419642857142858,3000
0,UNLABELED,0.75,169.65693929475674,0.009726206461588541,82.20893859863281,1932239,2026-07-29T10:22:59,3,0.6133535504341125,0.6137449741363525,48.767257922800766,0.2544642857142857,0.06666666666666667,0.7745535714285714,0.004084269205729167,8,6,0.16741071428571427,,20260729_102259(0).jpg,4000,0.25,16,0.0017964465077966452,0.7589285714285714,0.8819716210941567,200f07c4d4ea3f97,True,scene-0024,kucuk_uzak_yuzler;ortusen_yuzler;aykiri_aydinlatma_netlik_veya_kadraj,0.39986607142857145,c0626cdcb9efa774507fdc16cd8c79f30b38bae07743f6b55cf621aaa4011edd,0.16666666666666666,0.8169642857142857,unlabeled_pool,0.05580357142857143,3000
0,UNLABELED,0.75,697.8637784421431,0.008383433024088541,107.46509043375652,3650543,2026-07-29T09:51:58,3,0.7044103145599365,0.832390308380127,55.19843305299619,0.7834821428571429,0.014285714285714285,0.5111607142857143,0.023311614990234375,63,36,0.3392857142857143,,20260729_095158.jpg,4000,0.42857142857142855,20,0.001999402418732643,0.078125,0.38143064166060925,6a1c15a67a74958b,True,scene-0012,kalabalik_sahne,0.3991517857142858,82582b1da5838ffcfd50aaf7c5cea0ec3ead89f0dde0f5fd09eb39f49950dd83,0.027777777777777776,0.6741071428571429,unlabeled_pool,0.15625,3000
0,UNLABELED,0.75,334.8319414143509,0.034581502278645836,90.69671630859375,1484989,2026-07-29T10:28:29,3,0.5537193417549133,0.496526300907135,57.97245041325721,0.2700892857142857,0.06666666666666667,0.7946428571428571,0.002979278564453125,9,6,0.27901785714285715,,20260729_102829.jpg,4000,0.3333333333333333,18,0.006786135490983725,0.640625,0.7606467695299696,64a4a8a8b4372fab,True,scene-0033,ortusen_yuzler,0.3982142857142857,fa56d9d090e36d5a3ad6b664fe53429a0daf892ceb3ddd3caad3e42e26b3d984,0.0,0.33035714285714285,unlabeled_pool,0.29464285714285715,3000
0,UNLABELED,0.75,495.18115067543494,0.027660369873046875,94.07245635986328,2154594,2026-07-29T10:35:54,3,0.9389420747756958,0.9389420747756958,62.654946942096785,0.011160714285714286,0.0,0.203125,0.0794385274251302,3,1,0.9375,,20260729_103554.jpg,4000,0.6666666666666666,24,0.008758129552006721,0.921875,1.4526777046423003,148fe6cec88fc48c,True,scene-0037,aykiri_aydinlatma_netlik_veya_kadraj;mevcut_etiketlerden_gorsel_olarak_uzak,0.39754464285714286,6b8fbf2236eccdf0a88a8768720337cf80e2f4e0f952b18072f6b6599bd28d58,0.0,0.5,unlabeled_pool,0.16071428571428573,3000
0,UNLABELED,0.75,251.24553152793976,0.014753977457682291,92.43667348225911,1597106,2026-07-29T10:29:12,3,0.6925007700920105,0.7639399766921997,50.00283604796549,0.16294642857142858,0.0,0.15848214285714285,0.0037829081217447915,10,4,0.47767857142857145,,20260729_102912.jpg,4000,0.6,20,0.007978234440088272,0.3794642857142857,0.6030144785525031,6e369a83e15178f0,True,scene-0034,sahne_cesitliligi,0.39678571428571435,3c745529e37d17a57b40eac2721d97f3459cf8d807d655a858c803854bcdc433,0.0,0.43080357142857145,unlabeled_pool,0.6071428571428571,3000
0,UNLABELED,0.75,282.86296309938024,0.0023981730143229165,115.50857925415039,2729384,2026-07-29T09:54:05,3,0.7417165040969849,0.7972572445869446,46.52548703509128,0.4330357142857143,0.08888888888888889,0.8415178571428571,0.0031369527180989585,14,10,0.6004464285714286,,20260729_095405(0).jpg,4000,0.2857142857142857,22,0.02722339518368244,0.7611607142857143,0.882701945994729,635a4e60b9f15607,True,scene-0014,ortusen_yuzler;aykiri_aydinlatma_netlik_veya_kadraj,0.3967857142857143,f7e21cc3a451caf08e87774ed9b22befd3af150106a08a18413f630eaf03cb1a,0.0,0.17633928571428573,unlabeled_pool,0.026785714285714284,3000
0,UNLABELED,0.75,735.1860683186229,0.006811777750651042,107.59621683756511,3512607,2026-07-29T09:52:03,3,0.6796438694000244,0.7725431323051453,52.96320473437854,0.6049107142857143,0.021645021645021644,0.6138392857142857,0.007413228352864583,40,22,0.35044642857142855,,20260729_095203.jpg,4000,0.45,20,0.001774470554664731,0.006696428571428571,0.23428128249331853,4a68cdda9229c5e6,True,scene-0012,sahne_cesitliligi,0.3961160714285714,6166f172e4e56d06058461c8bce1f2332146f2d63fddc1f83092fb8448818015,0.045454545454545456,0.7008928571428571,unlabeled_pool,0.25892857142857145,3000
0,UNLABELED,0.75,1193.982020094829,0.028931935628255207,100.19164148966472,4326010,2026-07-29T09:55:30,3,0.6766669154167175,0.7710624933242798,51.01935726311925,0.6785714285714286,0.014778325123152709,0.5245535714285714,0.011681874593098959,52,29,0.07142857142857142,,20260729_095530(0).jpg,4000,0.4423076923076923,12,0.00187282997649163,0.19642857142857142,0.4883010141153566,75df1a1486c69199,True,scene-0016,sahne_cesitliligi,0.39598214285714284,dada5c1194a2c6d1165ef309ee4a173641fb3859cfabcff43b8df71bf6848a0e,0.06896551724137931,0.7299107142857143,unlabeled_pool,0.234375,3000
0,UNLABELED,0.435,948.6262380235172,0.008157040028089887,110.60033137289327,1483656,2026-07-29T09:51:47,3,0.8223695158958435,0.7978562712669373,53.91503466017386,0.5,0.01282051282051282,0.46875,0.034100684691011234,25,13,0.5625,,20260729_095147(0).jpg,4000,0.48,22,0.007777232211083174,0.9508928571428571,1.6245808264803048,109f1d9897149b8f,True,scene-0011,aykiri_aydinlatma_netlik_veya_kadraj,0.39401785714285714,1625f0d63d719e1575ac4cd676190ca21cd3bc331e0f9eb869abe3725e3dc5db,0.0,0.05357142857142857,unlabeled_pool,0.07142857142857142,1740
0,UNLABELED,0.75,1339.392612148501,0.023606618245442707,95.64477030436198,4178393,2026-07-29T09:55:24,3,0.6167401075363159,0.636242687702179,52.27530136193395,0.7433035714285714,0.013257575757575758,0.47098214285714285,0.024205525716145832,56,33,0.10491071428571429,,20260729_095524.jpg,4000,0.4107142857142857,14,0.005332667846232653,0.390625,0.6062942659873131,2c89896ec270f4fc,True,scene-0016,sahne_cesitliligi,0.3930357142857142,953918ccfdc117232f19cbc2f542f56634ad25518b218745d649ebbffd2c88f3,0.0,0.21205357142857142,unlabeled_pool,0.33035714285714285,3000
0,UNLABELED,0.75,568.8460434307282,0.0026308695475260415,107.69446563720703,3751843,2026-07-29T09:52:08,3,0.6690513491630554,0.8136436343193054,53.93439446815949,0.5825892857142857,0.023391812865497075,0.6361607142857143,0.006403605143229167,30,19,0.5758928571428571,,20260729_095208.jpg,4000,0.36666666666666664,22,0.0027621507178992033,0.05580357142857143,0.3510515009859733,1ac2c59bb669c1c6,True,scene-0012,sahne_cesitliligi,0.3922321428571429,ff7cf7a0bf2d88ba73615d9c0ff739c70382464adb09052f759adc5117a23a9d,0.05263157894736842,0.7120535714285714,unlabeled_pool,0.12276785714285714,3000
0,UNLABELED,0.75,138.50471963199865,0.014626820882161459,91.85697555541992,1576450,2026-07-29T10:29:07,3,0.6827014088630676,0.7903217077255249,48.78919544150416,0.3549107142857143,0.047619047619047616,0.734375,0.009197235107421875,8,7,0.7008928571428571,,20260729_102907(0).jpg,4000,0.125,22,0.006970713380724192,0.6450892857142857,0.7651073157366513,7776068161f938b8,True,scene-0034,sahne_cesitliligi,0.39205357142857145,0317150669838a2e198b174c89bd180b821b955eb2cc10b810783c21cb2ae3b7,0.0,0.41294642857142855,unlabeled_pool,0.008928571428571428,3000
0,UNLABELED,0.75,644.9009024075398,0.004739125569661458,109.22121810913086,3450892,2026-07-29T09:54:02,3,0.5572665929794312,0.47322267293930054,50.13917848361509,0.5267857142857143,0.12087912087912088,0.9017857142857143,0.0010464986165364583,23,14,0.22544642857142858,,20260729_095402.jpg,4000,0.391304347826087,18,0.04290543496608734,0.14955357142857142,0.46065856017412976,5a3e5281498b25f7,True,scene-0014,ortusen_yuzler,0.3918303571428572,99e6c2035405681b9e63540b3456f489ebcf95c067143329f8bff835b1a9a272,0.0,0.16741071428571427,unlabeled_pool,0.43526785714285715,3000
0,UNLABELED,0.75,789.1198603804738,0.06720860799153645,99.71513493855794,14207952,2026-07-29T09:26:43,3,0.6718630194664001,0.8756325244903564,68.99179554997119,0.32142857142857145,0.0,0.013392857142857142,0.08129628499348958,16,7,0.017857142857142856,,20260729_092643.jpg,8160,0.5625,10,0.006075842306017876,0.9888392857142857,1.9495179992448999,0ce11a1f771ee981,True,scene-0010,aykiri_aydinlatma_netlik_veya_kadraj,0.3909821428571429,f53bef8f0362ce0bb8985409dea896ccb5b24992463e927b5b8b1d92fbfcdbc8,0.0,0.022321428571428572,unlabeled_pool,0.578125,6120
0,UNLABELED,0.75,226.85544331827077,0.012200673421223959,107.24371719360352,2245751,2026-07-29T10:35:30,3,0.6862557530403137,0.7515126466751099,56.58112596961992,0.17410714285714285,0.3333333333333333,0.9754464285714286,0.042163848876953125,5,4,0.48660714285714285,,20260729_103530.jpg,4000,0.2,20,0.042094022035598755,0.8080357142857143,0.9606584756825909,1d02e62a1fd95999,True,scene-0036,ortusen_yuzler;aykiri_aydinlatma_netlik_veya_kadraj,0.38941964285714287,4ecfb60355ffd779401ecc7e638fe9cddf3eac25e16dde6baf4e8028671e59af,0.0,0.45982142857142855,unlabeled_pool,0.017857142857142856,3000
0,UNLABELED,0.75,1890.2640177265987,0.00275421142578125,105.95096842447917,3983088,2026-07-29T09:53:52,3,0.6184585690498352,0.516724169254303,47.89875969263117,0.5401785714285714,0.08571428571428572,0.8303571428571429,0.0117034912109375,23,15,0.375,,20260729_095352.jpg,4000,0.34782608695652173,20,0.026464004069566727,0.5334821428571429,0.6933811455199841,164b72c029e95797,True,scene-0014,ortusen_yuzler,0.3879910714285715,f29c4d19137e5a859582969a849141ce6458baebc2f4a5d55f3bfcf4fe427af0,0.0,0.14508928571428573,unlabeled_pool,0.16517857142857142,3000
0,UNLABELED,0.75,580.6709880458258,0.0022214253743489585,107.25846735636394,3134582,2026-07-29T09:52:08,3,0.6553547978401184,0.6904622316360474,54.381138189734465,0.5982142857142857,0.023809523809523808,0.640625,0.010223388671875,41,21,0.5736607142857143,,20260729_095208(0).jpg,4000,0.4878048780487805,22,0.0034863522741943598,0.04017857142857143,0.32258546078454564,5a82c5dfb229c1c6,True,scene-0012,sahne_cesitliligi,0.3877232142857143,da13af82136f296119dc840d6ed6e8d7226d26b2687e44471e3478599d0a5ddd,0.0,0.07589285714285714,unlabeled_pool,0.421875,3000
0,UNLABELED,0.75,549.6278809468823,0.014856974283854166,91.44686381022136,2698313,2026-07-29T10:37:57,3,0.6558453440666199,0.6660763621330261,55.5672483590913,0.9263392857142857,0.012794612794612794,0.4642857142857143,0.0002619425455729167,91,55,0.13392857142857142,,20260729_103757(0).jpg,4000,0.3956043956043956,14,0.004485328681766987,0.05133928571428571,0.3439592278471322,55f1c0c08ddcd595,True,scene-0038,kalabalik_sahne,0.38598214285714294,d0bba024888421bab8ce362bda981dcc595b9e3942c962de475f465d2f9e5b63,0.0,0.5625,unlabeled_pool,0.18303571428571427,3000
0,UNLABELED,0.75,155.40870022493706,0.01389312744140625,89.45865631103516,1577233,2026-07-29T10:29:07,3,0.5549443364143372,0.6022661924362183,48.05891646184222,0.3013392857142857,0.0,0.14955357142857142,0.010613759358723959,8,6,0.9263392857142857,,20260729_102907.jpg,4000,0.25,24,0.005249182693660259,0.6741071428571429,0.7858316194039312,77760e8141f938b8,True,scene-0034,mevcut_etiketlerden_gorsel_olarak_uzak,0.38580357142857147,4f605462fd7f154c793b873ad267af5fb26a0d67546a0abab859a58e760192e9,0.0,0.4174107142857143,unlabeled_pool,0.11830357142857142,3000
0,UNLABELED,0.75,692.8760690371904,0.002063751220703125,106.49750010172527,3097671,2026-07-29T09:51:38,3,0.6362043023109436,0.6615861058235168,55.627107445562075,0.7790178571428571,0.01904761904761905,0.5982142857142857,0.039616902669270836,62,36,0.020089285714285716,,20260729_095138(1).jpg,4000,0.41935483870967744,10,0.004061318002641201,0.484375,0.6647637268375404,426ab5a10644fbbb,True,scene-0011,kalabalik_sahne,0.3849107142857143,8645603965e5dec9e4526fb47ec695ab2e845417f7ba00445aef1a4f14597e66,0.0,0.04017857142857143,unlabeled_pool,0.29910714285714285,3000
0,UNLABELED,0.75,294.67068807384766,0.014963785807291666,96.76846313476562,1611006,2026-07-29T10:28:59,3,0.8118415474891663,0.7939008474349976,47.31940598156775,0.15178571428571427,0.0,0.11830357142857142,0.0034205118815104165,13,4,0.6897321428571429,,20260729_102859(0).jpg,4000,0.6923076923076923,22,0.007436934392899275,0.31919642857142855,0.5648778176630419,3c8e7e7ebd8101c0,True,scene-0034,sahne_cesitliligi,0.3838392857142857,00e26440bbec64e8a09b7188405deda394e694fea56669e4f6fff317dbe4f931,0.0,0.37276785714285715,unlabeled_pool,0.5558035714285714,3000
0,UNLABELED,0.75,637.4675035022859,0.004857381184895833,110.81291961669922,3170926,2026-07-29T09:52:01,3,0.6133152842521667,0.6391814947128296,53.2665962971312,0.625,0.03260869565217391,0.6651785714285714,0.00878143310546875,45,24,0.34375,,20260729_095201(0).jpg,4000,0.4666666666666667,20,0.0034255273640155792,0.03571428571428571,0.31439175798979613,4868e5de1a25e5d2,True,scene-0012,sahne_cesitliligi,0.3837946428571429,cbb4bf01091dc568c05ac1a0a8b46c05c739cae998385d43e0c7191f5b4b0193,0.0,0.06919642857142858,unlabeled_pool,0.484375,3000
0,UNLABELED,0.75,238.4768998882872,0.0033658345540364585,113.53258514404297,2787616,2026-07-29T09:54:03,3,0.6969916224479675,0.7671067714691162,48.41136153902709,0.4888392857142857,0.10606060606060606,0.8816964285714286,0.007863362630208334,20,12,0.22767857142857142,,20260729_095403.jpg,4000,0.4,18,0.03842747583985329,0.6830357142857143,0.7963939838624906,0b50ea3da9615697,True,scene-0014,ortusen_yuzler,0.3834821428571428,2d222026d2fb505938ea99d6259736b9916ccdaf3251f86d4e0c4ad832395c80,0.0,0.171875,unlabeled_pool,0.13169642857142858,3000
0,UNLABELED,0.75,270.48812452482355,0.0017547607421875,108.85194269816081,2619471,2026-07-29T09:51:31,3,0.6669153571128845,0.7017600536346436,61.67129248703661,0.71875,0.018145161290322582,0.5825892857142857,0.047498067220052086,46,32,0.14285714285714285,,20260729_095131.jpg,4000,0.30434782608695654,16,0.0033005457371473312,0.8816964285714286,1.2320001175382898,7318a4a741d21daf,True,scene-0011,aykiri_aydinlatma_netlik_veya_kadraj,0.3814732142857143,cc5ea3861567a2da066be4d9fc4e4769c7ecb9537bdf82ca7564e79a04e31d1f,0.0,0.03571428571428571,unlabeled_pool,0.05803571428571429,3000
0,UNLABELED,0.75,356.15892433308983,0.008073170979817709,80.9216677347819,2716056,2026-07-29T10:22:59,3,0.6040160059928894,0.6547095775604248,47.32651431476547,0.12276785714285714,0.0,0.049107142857142856,0.0010846455891927083,10,4,0.07366071428571429,,20260729_102259.jpg,4000,0.6,12,0.005272574257105589,0.6361607142857143,0.7559620117292806,007d1dd484e27eb3,True,scene-0024,sahne_cesitliligi,0.3800892857142857,686c8ee3fe9623e6e6f323addf1593109cef9be9d5f4d4898798192768e328aa,0.0,0.25892857142857145,unlabeled_pool,0.7276785714285714,3000
0,UNLABELED,0.75,640.4988026573168,0.0037167867024739585,111.6676762898763,3364375,2026-07-29T09:53:31,3,0.5008276104927063,0.5539783835411072,46.736159306567664,0.05357142857142857,0.0,0.015625,0.007460276285807292,21,3,0.35714285714285715,,20260729_095331.jpg,4000,0.8571428571428571,20,0.09246935695409775,0.22098214285714285,0.5004328218317193,325ed3b00f5a6554,True,scene-0014,dusuk_guven,0.37861607142857157,f7fbc80d5353da950bcb95ebc8cb7e9a7b5b734283cb30deedb13d665a686bfa,0.0,0.08482142857142858,unlabeled_pool,0.9866071428571429,3000
0,UNLABELED,0.75,1193.427062905471,0.005830128987630208,101.4996337890625,3746908,2026-07-29T09:53:56,3,0.6754330396652222,0.6365376710891724,47.741417077093296,0.5066964285714286,0.0641025641025641,0.7544642857142857,0.010461171468098959,26,13,0.37723214285714285,,20260729_095356(0).jpg,4000,0.5,20,0.03489820659160614,0.13169642857142858,0.44271666305859636,7836669249cb0df4,True,scene-0014,ortusen_yuzler,0.37750000000000006,046397dbec2dcdbb8bc00f6ecf1e1cfa893433b424e795617ce84c2edb44c57f,0.0,0.14732142857142858,unlabeled_pool,0.40625,3000
0,UNLABELED,0.75,228.47394206797694,0.011183420817057291,104.05464680989583,2128050,2026-07-29T10:35:33,3,0.7316709160804749,0.7122913599014282,60.30619417473157,0.3169642857142857,0.26666666666666666,0.9598214285714286,0.05879974365234375,8,6,0.03794642857142857,,20260729_103533.jpg,4000,0.25,10,0.047088202089071274,0.8772321428571429,1.227147469823313,1ccff0185ae53195,True,scene-0036,ortusen_yuzler;aykiri_aydinlatma_netlik_veya_kadraj,0.37491071428571426,59fd1ce4aa1a10a3a44c7a8ac29faa536b6653568f13f6242b9e6c3f48228834,0.0,0.4642857142857143,unlabeled_pool,0.020089285714285716,3000
0,UNLABELED,0.75,160.54436594990298,0.014954884847005209,92.97798156738281,1442983,2026-07-29T10:28:54,3,0.7061375975608826,0.7800036072731018,49.030750185119985,0.40625,0.1111111111111111,0.8950892857142857,0.009419759114583334,12,9,0.46205357142857145,,20260729_102854.jpg,4000,0.25,20,0.003746646922081709,0.5647321428571429,0.7057309404280729,777abe86014078f8,True,scene-0034,ortusen_yuzler,0.3740625,8b2cb4523292a7582eeef2dbede6a2c3954fb4fb32448ca691a1c81063833670,0.0,0.36160714285714285,unlabeled_pool,0.024553571428571428,3000
0,UNLABELED,0.75,1217.4322954504605,0.027072906494140625,101.23722585042317,4331962,2026-07-29T09:55:31,3,0.6648710370063782,0.693749189376831,50.018417026818334,0.6830357142857143,0.014778325123152709,0.5267857142857143,0.007212320963541667,45,29,0.11160714285714286,,20260729_095531(1).jpg,4000,0.35555555555555557,14,0.0016186741413548589,0.20089285714285715,0.49054430431134854,7d571a14c6c65199,True,scene-0016,kucuk_uzak_yuzler,0.37388392857142855,ab5e3c7acf976fc61258798afb20b22762c299cff7475012b9437366172b3102,0.10344827586206896,0.765625,unlabeled_pool,0.11383928571428571,3000
0,UNLABELED,0.75,548.9493461243097,0.015494028727213541,98.40625,2607444,2026-07-29T10:37:53,3,0.72621089220047,0.7454601526260376,55.80755987513809,0.9196428571428571,0.00725689404934688,0.29464285714285715,0.0,97,53,0.2924107142857143,,20260729_103753(0).jpg,4000,0.4536082474226804,18,0.004511900711804628,0.011160714285714286,0.27213417160809084,7f00a0057fc7fa81,True,scene-0038,kalabalik_sahne,0.37245535714285716,68eb971b4932f7da55575d747cac1d743534bc11dc3c4ebae88ab3706298a51c,0.0,0.5558035714285714,unlabeled_pool,0.15848214285714285,3000
0,UNLABELED,0.75,448.7594159444157,0.005456288655598958,109.61278915405273,3391902,2026-07-29T09:52:07,3,0.68299800157547,0.6191026568412781,52.81017923453432,0.5357142857142857,0.009523809523809525,0.36160714285714285,0.0037867228190104165,31,15,0.5714285714285714,,20260729_095207.jpg,4000,0.5161290322580645,22,0.003349384991452098,0.17410714285714285,0.4760519093494358,5a42cd9bb66981c6,True,scene-0012,sahne_cesitliligi,0.36941964285714285,1bae8bd71401113401b3909d925ddf7b2c52e22aef985f7ff45ecdf012ece9b0,0.0,0.07366071428571429,unlabeled_pool,0.4263392857142857,3000
0,UNLABELED,0.75,574.4217388954697,0.006318410237630208,109.88896814982097,3292772,2026-07-29T09:53:49,3,0.6082839965820312,0.6210208535194397,50.9947500058578,0.5044642857142857,0.11538461538461539,0.8973214285714286,0.013250986735026041,23,13,0.21875,,20260729_095349.jpg,4000,0.43478260869565216,18,0.05279237776994705,0.11160714285714286,0.4267586882905029,4e4b22f8ad2942d7,True,scene-0014,ortusen_yuzler,0.36941964285714285,11664e4cc575b9e8fdb95df5735bf617145656cbc6cbfe4f33c03d13072e6dcf,0.0,0.140625,unlabeled_pool,0.4107142857142857,3000
0,UNLABELED,0.75,917.9585002977138,0.0291290283203125,99.79766845703125,3934626,2026-07-29T09:55:32,3,0.6753607392311096,0.7358791828155518,50.616802076199626,0.6272321428571429,0.007246376811594203,0.2924107142857143,0.005362192789713542,54,24,0.11607142857142858,,20260729_095532(0).jpg,4000,0.5555555555555556,14,0.0051393951289355755,0.09821428571428571,0.41756603961290023,2c0b8b52e2f275cc,True,scene-0016,sahne_cesitliligi,0.3693303571428572,6db2d99e829df12dc468965a89fa769e81b5f6a56a1603da97e94fc4537f8b9f,0.0,0.21428571428571427,unlabeled_pool,0.5535714285714286,3000
0,UNLABELED,0.75,591.7208976336842,0.0668627421061198,99.60713450113933,14554407,2026-07-29T09:26:48,3,0.590008020401001,0.4990656077861786,65.16605049898672,0.38169642857142855,0.05555555555555555,0.7477678571428571,0.04773585001627604,13,9,0.19419642857142858,,20260729_092648.jpg,8160,0.3076923076923077,18,0.007991662248969078,0.9241071428571429,1.4671472679789823,69c81e7f131fc184,True,scene-0010,aykiri_aydinlatma_netlik_veya_kadraj,0.36665178571428575,0371494582be3d8d05762b0f4cb99fab3e4cab74b3de16e55d586668c1ae0bf6,0.0,0.026785714285714284,unlabeled_pool,0.14508928571428573,6120
0,UNLABELED,0.75,706.0143055456318,0.0027008056640625,111.32131576538086,3120080,2026-07-29T09:51:40,3,0.7149227857589722,0.870180606842041,54.460846147169875,0.6941964285714286,0.013793103448275862,0.4888392857142857,0.028411865234375,60,30,0.3236607142857143,,20260729_095140(1).jpg,4000,0.5,20,0.003933626227080822,0.28348214285714285,0.5429907374219178,1ad4c5eb3a1c83c3,True,scene-0011,sahne_cesitliligi,0.36348214285714286,b11aabfa7e7c29906c710582d5a49ceb42978ca3eff74f2ae27109831eacaee4,0.0,0.04241071428571429,unlabeled_pool,0.30580357142857145,3000
0,UNLABELED,0.75,307.39815071667357,0.009688059488932291,79.94931666056316,2385870,2026-07-29T10:23:03,3,0.6268972158432007,0.6201869249343872,48.32918017921691,0.2611607142857143,0.06666666666666667,0.7790178571428571,0.004058837890625,10,6,0.16964285714285715,,20260729_102303.jpg,4000,0.4,16,0.006671600043773651,0.6116071428571429,0.7349556781212532,007d1d0d94f237ba,True,scene-0024,ortusen_yuzler,0.3617857142857143,193824ee949d26abc2102e5d22b6f91e6fa76aa72ac8a1106296f82e9e66a0a2,0.0,0.265625,unlabeled_pool,0.27232142857142855,3000
0,UNLABELED,0.75,1155.4262113161121,0.02761077880859375,97.26711527506511,4317040,2026-07-29T09:56:42,3,0.6548542380332947,0.6873759031295776,49.60545308311737,0.8035714285714286,0.025525525525525526,0.6450892857142857,0.01230621337890625,59,37,0.2544642857142857,,20260729_095642(0).jpg,4000,0.3728813559322034,18,0.0031432427931576967,0.21205357142857142,0.49317473000221373,0d8c9ad2c644f4fc,True,scene-0019,kalabalik_sahne,0.36125,b11fb1b042185aaaca79a51ae109665be85e6d9cddc1ab4f1df32d04519b2b01,0.0,0.21651785714285715,unlabeled_pool,0.14732142857142858,3000
0,UNLABELED,0.75,551.5297875772861,0.0031763712565104165,106.48483784993489,2961204,2026-07-29T09:51:56,3,0.6824553608894348,0.6769769191741943,59.02382335409941,0.8236607142857143,0.014844804318488529,0.5334821428571429,0.022932688395182293,61,39,0.3325892857142857,,20260729_095156(0).jpg,4000,0.36065573770491804,20,0.003666712436825037,0.35044642857142855,0.5854457711216776,0a3da5e24215bdab,True,scene-0012,kalabalik_sahne,0.35000000000000003,8379afb9661b75b6527fee2b82bcf1c27b9bba53a557c98b8a5d7cf0b67b682f,0.0,0.060267857142857144,unlabeled_pool,0.09821428571428571,3000
0,UNLABELED,0.75,212.4236392162644,0.04255803426106771,90.15391031901042,1496706,2026-07-29T10:28:25,3,0.7576372027397156,0.7766050696372986,59.68832741682795,0.14285714285714285,0.0,0.09375,0.009342193603515625,10,4,0.078125,,20260729_102825.jpg,4000,0.6,12,0.006765952333807945,0.8147321428571429,0.9765311239410642,35a0a8aca4b707af,True,scene-0033,aykiri_aydinlatma_netlik_veya_kadraj,0.34924107142857147,df8c9d736dfadcf63fcced62798f0f95ad9b89644d1486aa0cdc8d8c5eb9054a,0.0,0.31473214285714285,unlabeled_pool,0.45535714285714285,3000
0,UNLABELED,0.75,812.0072579930162,0.0027376810709635415,109.71972274780273,3232344,2026-07-29T09:53:48,3,0.6465190649032593,0.6803160905838013,49.20025426194598,0.5245535714285714,0.08791208791208792,0.8370535714285714,0.013707478841145834,22,14,0.5915178571428571,,20260729_095348.jpg,4000,0.36363636363636365,22,0.035740528255701065,0.16741071428571427,0.4720756706464546,0a5a55a8e9d51697,True,scene-0014,ortusen_yuzler,0.3454464285714286,c27127ef696ff2efb1e1521eb26d273471a8807059527811d60d6a2b0578d760,0.0,0.13616071428571427,unlabeled_pool,0.14285714285714285,3000
0,UNLABELED,0.75,378.54949146065337,0.000911712646484375,115.7941296895345,3057232,2026-07-29T09:52:00,3,0.7066448330879211,0.8201779723167419,54.244408666290084,0.6763392857142857,0.014778325123152709,0.5223214285714286,0.009272257486979166,47,29,0.5669642857142857,,20260729_095200.jpg,4000,0.3829787234042553,22,0.003763413056731224,0.3325892857142857,0.573030442083921,18b4add652658d9a,True,scene-0012,sahne_cesitliligi,0.345,0e7eefc9c341b3ecc1ae04544865671385806d1d5029f0ad7bffbdb774e12588,0.0,0.06696428571428571,unlabeled_pool,0.09598214285714286,3000
0,UNLABELED,0.75,189.58345030703458,0.014751434326171875,90.93601989746094,1493033,2026-07-29T10:29:03,3,0.7778510451316833,0.8831809163093567,50.06449538538065,0.22544642857142858,0.0,0.13169642857142858,0.005283355712890625,9,5,0.46875,,20260729_102903.jpg,4000,0.4444444444444444,20,0.0026886998675763607,0.5223214285714286,0.6899886953876304,4f7c8a0fc15170f8,True,scene-0034,kucuk_uzak_yuzler,0.33964285714285725,91cbf434201b0ba2f5e40af9eb46992fff730d15b221ec33f8c82c4cae0f1bd3,0.2,0.8459821428571429,unlabeled_pool,0.08258928571428571,3000
0,UNLABELED,0.75,841.3343487263046,0.026334126790364582,95.58680597941081,3731591,2026-07-29T09:55:14,3,0.6789604425430298,0.6798070073127747,50.35026623380169,0.7299107142857143,0.014112903225806451,0.4955357142857143,0.02248382568359375,58,32,0.05580357142857143,,20260729_095514.jpg,4000,0.4482758620689655,12,0.003981989808380604,0.23660714285714285,0.5137925350018551,08a94072ea78fcfc,True,scene-0016,sahne_cesitliligi,0.3394642857142857,a47ff0c1bb5824e5b74d2ed1749bee92dec2ed75f088380a8faefdd4cb5975a1,0.0,0.20535714285714285,unlabeled_pool,0.25223214285714285,3000
0,UNLABELED,0.75,505.3877563356121,0.002655029296875,116.70763651529948,3147709,2026-07-29T09:53:43,3,0.6004143357276917,0.5726439952850342,54.67409553236883,0.5513392857142857,0.03333333333333333,0.6741071428571429,0.007052103678385417,26,16,0.21428571428571427,,20260729_095343.jpg,4000,0.38461538461538464,18,0.008812574669718742,0.20535714285714285,0.49178141734284864,74ef149bd309e424,True,scene-0014,sahne_cesitliligi,0.33875000000000005,36e2512c9c7e918df07fdb8fe50afbb3e352cf140347a3626d9421383353e2e5,0.0,0.125,unlabeled_pool,0.30357142857142855,3000
0,UNLABELED,0.75,639.1410875781424,0.008831024169921875,108.9622433980306,3596931,2026-07-29T09:52:06,3,0.6556055545806885,0.7460716962814331,52.796883789413606,0.5334821428571429,0.0380952380952381,0.703125,0.0030123392740885415,28,15,0.3549107142857143,,20260729_095206(0).jpg,4000,0.4642857142857143,20,0.0036730002611875534,0.044642857142857144,0.3269470786726784,5a42cd9eb62985c6,True,scene-0012,sahne_cesitliligi,0.3386160714285714,7b717d8bf2888afc48c33724331ca2e0a0b87689d5015c286b38c33911248fef,0.0,0.07142857142857142,unlabeled_pool,0.3638392857142857,3000
0,UNLABELED,0.75,838.6135874842925,0.00360870361328125,112.53396352132161,3331840,2026-07-29T09:51:41,3,0.6922745704650879,0.8163729310035706,55.20844897181282,0.75,0.0142602495543672,0.5044642857142857,0.030340830485026043,53,34,0.32589285714285715,,20260729_095141.jpg,4000,0.3584905660377358,20,0.003368774428963661,0.4263392857142857,0.6237459359312006,1a9485cb7a3d8783,True,scene-0011,kalabalik_sahne,0.33714285714285713,289bd6330453bb344c15f23c5b48d326c3a207b8dcee841e89086fef90b3b042,0.0,0.049107142857142856,unlabeled_pool,0.08035714285714286,3000
0,UNLABELED,0.75,189.37155185868644,0.014672597249348959,90.89698028564453,1493234,2026-07-29T10:29:02,3,0.784554123878479,0.8595461845397949,50.0573259877749,0.22098214285714285,0.0,0.125,0.005435943603515625,9,5,0.4642857142857143,,20260729_102902(1).jpg,4000,0.4444444444444444,20,0.0028037498705089092,0.515625,0.6881142939985463,4f7c8a0fc15170f8,True,scene-0034,kucuk_uzak_yuzler,0.3342857142857143,47870b72a014aebb24b0526bfefe7de4a98354202b43b22b1c65c73ac50e709e,0.2,0.84375,unlabeled_pool,0.07589285714285714,3000
0,UNLABELED,0.75,756.5318973171119,0.002025604248046875,110.28830846150716,3191310,2026-07-29T09:51:40,3,0.6536648869514465,0.7244498133659363,54.91071784850093,0.7991071428571429,0.013513513513513514,0.48660714285714285,0.030503590901692707,62,37,0.049107142857142856,,20260729_095140.jpg,4000,0.4032258064516129,12,0.003696899861097336,0.33705357142857145,0.5764749084730482,0adcd5ab2a14d1e3,True,scene-0011,kalabalik_sahne,0.33205357142857145,bd0a22582d18874c3862e3467f2d184f9852f61ffca10d8b0da4024c8a89a98a,0.0,0.044642857142857144,unlabeled_pool,0.20535714285714285,3000
0,UNLABELED,0.75,328.0840963392141,0.011684417724609375,81.82520802815755,2297339,2026-07-29T10:23:01,3,0.5534552335739136,0.5088124871253967,49.56492619385562,0.33482142857142855,0.09523809523809523,0.8526785714285714,0.0019900004069010415,10,7,0.07589285714285714,,20260729_102301.jpg,4000,0.3,12,0.006275290623307228,0.48660714285714285,0.6656987891477212,781c07c4c0da1f9f,True,scene-0024,ortusen_yuzler,0.3310714285714286,18fc9ebb84f425ecd1f742fda25be7d920c7d9d66b17d03fa657051d61a188c6,0.0,0.26339285714285715,unlabeled_pool,0.19642857142857142,3000
0,UNLABELED,0.75,718.4163805349041,0.006023406982421875,107.51837539672852,3505071,2026-07-29T09:51:58,3,0.6417690515518188,0.6652494668960571,54.30928368281092,0.7522321428571429,0.016042780748663103,0.5580357142857143,0.022332509358723957,57,34,0.33705357142857145,,20260729_095158(0).jpg,4000,0.40350877192982454,20,0.0036708603147417307,0.07142857142857142,0.3714302251706289,7a1c15827a75958b,True,scene-0012,kalabalik_sahne,0.33062500000000006,308bf424154524f18573e4678251c811a02bd157092bc1e247522fabfac8be91,0.0,0.0625,unlabeled_pool,0.22767857142857142,3000
0,UNLABELED,0.75,340.0748784988082,0.00534820556640625,105.54717508951823,2144839,2026-07-29T10:35:52,3,0.7274990081787109,0.7643008232116699,50.492506117106394,0.11160714285714286,0.0,0.20089285714285715,0.022733052571614582,6,3,0.49776785714285715,,20260729_103552.jpg,4000,0.5,20,0.014171415008604527,0.49776785714285715,0.6805908407375291,64a3b96ca23969c5,True,scene-0037,sahne_cesitliligi,0.3264732142857143,5b8e6de42e31b59fc33c71be54134352991101ef6a25234528ffc542153b9194,0.0,0.49776785714285715,unlabeled_pool,0.26785714285714285,3000
0,UNLABELED,0.75,440.8403741134861,0.004899342854817708,97.9097506205241,2095364,2026-07-29T10:36:02,3,0.8514006733894348,0.8514006733894348,59.790803174777096,0.017857142857142856,0.0,0.21428571428571427,0.0727068583170573,1,1,0.7544642857142857,,20260729_103602.jpg,4000,0.0,22,0.012315916828811169,0.8705357142857143,1.1945480978238106,37651b0a14c5bad9,True,scene-0037,aykiri_aydinlatma_netlik_veya_kadraj;mevcut_etiketlerden_gorsel_olarak_uzak,0.32607142857142857,cf15b7ce07345538ddc12ee394729f3203f979035f4267a02036a8b8714527c3,0.0,0.5089285714285714,unlabeled_pool,0.0,3000
0,UNLABELED,0.75,424.4866259415076,0.005123138427734375,97.32074737548828,2084109,2026-07-29T10:36:02,3,0.8305899500846863,0.8305899500846863,59.602014007051814,0.015625,0.0,0.21205357142857142,0.07389450073242188,1,1,0.7522321428571429,,20260729_103602(0).jpg,4000,0.0,22,0.011996016837656498,0.8727678571428571,1.2223839073484537,37651b0a14c5bad9,True,scene-0037,aykiri_aydinlatma_netlik_veya_kadraj;mevcut_etiketlerden_gorsel_olarak_uzak,0.32580357142857147,3cbba4e6a042ab72d95fb788b009c3bdfdfb73df49a3cefabe923417de279679,0.0,0.5066964285714286,unlabeled_pool,0.002232142857142857,3000
0,UNLABELED,0.75,890.4468917621543,0.0032145182291666665,108.49775568644206,3075681,2026-07-29T09:54:02,3,0.6822820901870728,0.6194800734519958,48.110200107871464,0.5200892857142857,0.0641025641025641,0.7589285714285714,0.006334940592447917,20,13,0.5959821428571429,,20260729_095402(0).jpg,4000,0.35,22,0.029428686946630478,0.16517857142857142,0.47164193885639966,0a57426829eb54bf,True,scene-0014,ortusen_yuzler,0.32535714285714284,7cc145f57a8a273da6464ae693c62fd82d702d4e33ccaa881e2c9cc5e035c2c5,0.0,0.16517857142857142,unlabeled_pool,0.08705357142857142,3000
0,UNLABELED,0.75,79.82371866018609,0.001514434814453125,67.23455301920573,2449595,2026-07-29T10:22:05,3,0.7855896949768066,0.8679991960525513,45.34972780322027,0.05803571428571429,0.0,0.03571428571428571,0.03752009073893229,5,3,0.8816964285714286,,20260729_102205.jpg,4000,0.4,24,0.021674396470189095,0.9776785714285714,1.7932174654514454,7e05b07e40e43f29,True,scene-0022,aykiri_aydinlatma_netlik_veya_kadraj;mevcut_etiketlerden_gorsel_olarak_uzak,0.3242857142857143,67b28e7ded0dc300374e513e5d738a5d5b28c3585bede1ac60653a263e793aeb,0.0,0.23214285714285715,unlabeled_pool,0.05133928571428571,3000
0,UNLABELED,0.75,819.6991996454435,0.0036557515462239585,117.96327082316081,3409373,2026-07-29T09:53:59,3,0.691146731376648,0.7907239198684692,50.65413971951994,0.5535714285714286,0.058333333333333334,0.75,8.900960286458333e-05,23,16,0.38169642857142855,,20260729_095359.jpg,4000,0.30434782608695654,20,0.020639171823859215,0.3482142857142857,0.584817262201369,6a27b613930bad64,True,scene-0014,ortusen_yuzler,0.3234821428571429,3c51f82526e6bca798c6204b670308a0725b853618661c023d4d61de5789306d,0.0,0.16071428571428573,unlabeled_pool,0.049107142857142856,3000
0,UNLABELED,0.75,1001.8139157105793,0.026996612548828125,97.65733846028645,4125715,2026-07-29T09:56:44,3,0.6760699152946472,0.7256331443786621,49.228962306112905,0.8125,0.041251778093883355,0.7053571428571429,0.011273701985677084,58,38,0.12053571428571429,,20260729_095644.jpg,4000,0.3448275862068966,14,0.0032094407361000776,0.11607142857142858,0.4312002517830818,4dc89ad2c644f0fc,True,scene-0019,kalabalik_sahne,0.3223214285714286,8002b26786f23ac9064939be5c74cd6a063c687961835040a5e1fa3b8b257326,0.0,0.22321428571428573,unlabeled_pool,0.08928571428571429,3000
0,UNLABELED,0.75,614.0553270837021,0.004182179768880208,106.6114018758138,3541673,2026-07-29T09:51:59,3,0.6382014751434326,0.6699222326278687,55.56694538862344,0.7254464285714286,0.016129032258064516,0.5647321428571429,0.020848592122395832,51,32,0.34151785714285715,,20260729_095159.jpg,4000,0.37254901960784315,20,0.0030015299562364817,0.125,0.43679942918981524,18b4a5d652658d9b,True,scene-0012,sahne_cesitliligi,0.3203571428571429,344a715b8b14eb8512d6f085579cff2576eebb4e922c576714f5e9ace7e7f2b1,0.0,0.06473214285714286,unlabeled_pool,0.17410714285714285,3000
0,UNLABELED,0.75,237.91778457845137,0.015743255615234375,95.39992014567058,1569545,2026-07-29T10:29:14,3,0.7048433423042297,0.742514967918396,48.86520307215234,0.3125,0.0,0.16517857142857142,0.006177266438802083,8,6,0.9308035714285714,,20260729_102914.jpg,4000,0.25,24,0.008100324310362339,0.36160714285714285,0.5885886421498686,6fa63e8a03c178f0,True,scene-0034,mevcut_etiketlerden_gorsel_olarak_uzak,0.31825892857142857,91d5ee40022d475b854b8674a018c0edcbb829b76e848313fe35736b0aed553a,0.0,0.43973214285714285,unlabeled_pool,0.029017857142857144,3000
0,UNLABELED,0.75,182.2387251592639,0.013852437337239584,101.78783289591472,2147358,2026-07-29T10:35:37,3,0.959732174873352,0.959732174873352,62.65800957225041,0.03571428571428571,0.0,0.17857142857142858,0.061801910400390625,5,2,0.49330357142857145,,20260729_103537(0).jpg,4000,0.6,20,0.04608365148305893,0.9084821428571429,1.366599937193703,59ef24101b63ddd0,True,scene-0036,aykiri_aydinlatma_netlik_veya_kadraj,0.3136160714285715,ca83276a3315faaddaf25178232944fe92139caefa0a49b5b499435df878a8a9,0.0,0.47544642857142855,unlabeled_pool,0.0625,3000
0,UNLABELED,0.75,234.927797650839,0.014453887939453125,94.55502065022786,1581964,2026-07-29T10:29:13,3,0.7342608571052551,0.8130396604537964,48.6587587828253,0.16517857142857142,0.0,0.16071428571428573,0.008242289225260416,8,4,0.7120535714285714,,20260729_102913(0).jpg,4000,0.5,22,0.008795907720923424,0.3236607142857143,0.566356806051225,7f263e8a03c178f0,True,scene-0034,sahne_cesitliligi,0.3132142857142857,9dc137513977bd403845b856ffbd147561b02544b987d6374c080a66e17b1b7f,0.0,0.4330357142857143,unlabeled_pool,0.23660714285714285,3000
0,UNLABELED,0.75,78.39695451219767,0.004297892252604167,92.44650522867839,1832003,2026-07-29T10:35:58,3,0.6773573756217957,0.6773573756217957,59.3910570722565,0.013392857142857142,0.0,0.20758928571428573,0.07977676391601562,1,1,0.5,,20260729_103558.jpg,4000,0.0,20,0.012054800987243652,0.9821428571428571,1.8950153205154978,6e481a14d4e59af9,True,scene-0037,aykiri_aydinlatma_netlik_veya_kadraj,0.31214285714285717,7eb9bce5ee0702af36f47b96e0a7241cab7117bcd2c67f31e2786e95a9d51da7,0.0,0.5022321428571429,unlabeled_pool,0.004464285714285714,3000
0,UNLABELED,0.75,230.73644670346718,0.014303843180338541,94.27274831136067,1574235,2026-07-29T10:29:13,3,0.5827683806419373,0.5557170510292053,48.60499868801398,0.3080357142857143,0.0,0.16294642857142858,0.008022308349609375,9,6,0.4799107142857143,,20260729_102913.jpg,4000,0.3333333333333333,20,0.008352411910891533,0.34151785714285715,0.5779071445318844,7f262e8b03c178f0,True,scene-0034,sahne_cesitliligi,0.3098214285714286,adc825eccba94b434ca284e7daee873b400ef9842c7e081dc8761623ee8fb023,0.0,0.43526785714285715,unlabeled_pool,0.20982142857142858,3000
0,UNLABELED,0.75,136.90711766440023,0.013654073079427084,92.04465103149414,1372163,2026-07-29T10:29:19,3,0.8638675212860107,0.85204017162323,48.499192130567366,0.16741071428571427,0.0,0.16741071428571427,0.010044097900390625,5,4,0.7165178571428571,,20260729_102919(0).jpg,4000,0.2,22,0.007756385020911694,0.65625,0.7723122570209531,2f7ec36101f8389c,True,scene-0035,sahne_cesitliligi,0.30495535714285715,eb5cfb79cb4176e186607efff6127770221dad4a6e55f3bc05363cbe0cd8ac65,0.0,0.4419642857142857,unlabeled_pool,0.006696428571428571,3000
0,UNLABELED,0.75,751.6137864762496,0.007244110107421875,84.26040776570638,2467452,2026-07-29T10:22:28,3,0.6249184608459473,0.694726824760437,52.97120365622526,0.11830357142857142,0.0,0.04241071428571429,0.035428365071614586,7,4,0.640625,,20260729_102228.jpg,4000,0.42857142857142855,22,0.0035882173106074333,0.42857142857142855,0.6245089479229399,5f4f3c629e2409e1,True,scene-0023,sahne_cesitliligi,0.30491071428571426,b857eae4fc07957a890592c2b495fb96a95c9f7a1f142d187730912ab05359e8,0.0,0.24776785714285715,unlabeled_pool,0.34598214285714285,3000
0,UNLABELED,0.75,1464.4636594351202,0.0020357767740885415,108.7006950378418,3527094,2026-07-29T09:53:56,3,0.714786946773529,0.7844749093055725,49.709672230769286,0.5089285714285714,0.0641025641025641,0.7566964285714286,0.009565989176432291,23,13,0.05357142857142857,,20260729_095356.jpg,4000,0.43478260869565216,12,0.026263607665896416,0.359375,0.5884010221487084,1e36070ad94b6d3c,True,scene-0014,ortusen_yuzler,0.30482142857142863,e4a291e9d8a629009bc22cf620b657be8c7513c1f8010cbf37d45a7e8276c753,0.0,0.14955357142857142,unlabeled_pool,0.15178571428571427,3000
0,UNLABELED,0.75,388.33983165438985,0.0565948486328125,92.74608993530273,1460748,2026-07-29T10:28:09,3,0.8688068389892578,0.871914267539978,59.765859517902456,0.13839285714285715,0.0,0.08928571428571429,0.0242156982421875,6,4,0.6763392857142857,,20260729_102809.jpg,4000,0.3333333333333333,22,0.0072462297976017,0.8504464285714286,1.1115330060485746,7d3f3c5cf6810181,True,scene-0032,aykiri_aydinlatma_netlik_veya_kadraj,0.3007142857142857,a6b404a2f4ec38af52f5159aa93bcc826c15d70dc5684e79131c4da939004cbe,0.0,0.3080357142857143,unlabeled_pool,0.013392857142857142,3000
0,UNLABELED,0.75,1014.9705695071389,0.006315867106119792,114.27032089233398,3313115,2026-07-29T09:51:46,3,0.6321498155593872,0.584470808506012,53.705265204171525,0.5959821428571429,0.03333333333333333,0.671875,0.027141571044921875,31,21,0.022321428571428572,,20260729_095146.jpg,4000,0.3225806451612903,10,0.0043625435791909695,0.43526785714285715,0.6299057537174917,0ebb1086f3788c8f,True,scene-0011,sahne_cesitliligi,0.29714285714285715,a35b4a1454d7b92a4d91feb21ecbd085dde17246860a01675de53f5aaad73436,0.0,0.05133928571428571,unlabeled_pool,0.11160714285714286,3000
0,UNLABELED,0.75,388.6153159511741,0.011259714762369791,84.81772867838542,2592794,2026-07-29T10:23:00,3,0.6015592217445374,0.6540799140930176,50.82815575209887,0.25669642857142855,0.13333333333333333,0.921875,0.004940032958984375,9,6,0.265625,,20260729_102300(0).jpg,4000,0.3333333333333333,18,0.004358082078397274,0.234375,0.5126708869485036,7c0447c4e08a5f9f,True,scene-0024,ortusen_yuzler,0.2969642857142857,789ac028a72fa0160f57bad8368782f002b89a9188e8aaf5b15575062c396011,0.0,0.2611607142857143,unlabeled_pool,0.16964285714285715,3000
0,UNLABELED,0.75,146.94314758450977,0.014615376790364584,94.91638692220052,1588618,2026-07-29T10:29:06,3,0.7253214716911316,0.8072198629379272,48.899901072844216,0.29910714285714285,0.0,0.14732142857142858,0.006603240966796875,9,6,0.47098214285714285,,20260729_102906(0).jpg,4000,0.3333333333333333,20,0.006884897593408823,0.6004464285714286,0.7264632049403045,46ae3ac7859170f8,True,scene-0034,sahne_cesitliligi,0.2955803571428572,b50a483b6082c351ebcc3105a5c0951efeddf45a0bb928a3c6de0e1b7e3a5309,0.0,0.40401785714285715,unlabeled_pool,0.04241071428571429,3000
0,UNLABELED,0.75,740.0704633120653,0.0034535725911458335,118.0307133992513,3208068,2026-07-29T09:54:13,3,0.7008948922157288,0.7736608386039734,52.65959372869909,0.47544642857142855,0.0,0.020089285714285716,8.0108642578125e-05,20,11,0.6138392857142857,,20260729_095413.jpg,4000,0.45,22,0.003406896721571684,0.23214285714285715,0.5108183820469584,4c70a6be42db823e,True,scene-0014,sahne_cesitliligi,0.2925892857142857,24ae5145ad9fcfafabc1e70da15de39ef384b437f70df1e01c6ab4ff1303a32a,0.0,0.203125,unlabeled_pool,0.20089285714285715,3000
0,UNLABELED,0.75,264.7324713035858,0.014530181884765625,95.11057790120442,1625247,2026-07-29T10:29:12,3,0.8260310292243958,0.8293176293373108,49.21827706148538,0.30580357142857145,0.0,0.15625,0.0023295084635416665,12,6,0.47544642857142855,,20260729_102912(0).jpg,4000,0.5,20,0.008564695715904236,0.3549107142857143,0.5859887692069231,6f260e8b23d178f0,True,scene-0034,sahne_cesitliligi,0.276875,0c47c0e52247ea50725a52ee453dedaad2204ab667ff0a93d0e36422270e15af,0.0,0.42857142857142855,unlabeled_pool,0.09375,3000
0,UNLABELED,0.75,355.0331894905914,0.029300689697265625,86.48630777994792,1532940,2026-07-29T10:28:27,3,0.7659363150596619,0.8003430366516113,57.12842510661632,0.19866071428571427,0.0,0.10044642857142858,0.004094441731770833,8,5,0.6785714285714286,,20260729_102827(0).jpg,4000,0.375,22,0.006715710740536451,0.5446428571428571,0.7008367220283271,4c48c8c8cc6f6fca,True,scene-0033,sahne_cesitliligi,0.27553571428571433,27dff1ca069e8fd79a581e19e94c27cfd675c5a370c6d8b227b85853f1ee17a7,0.0,0.31919642857142855,unlabeled_pool,0.044642857142857144,3000
0,UNLABELED,0.75,89.93154005430631,0.0009206136067708334,64.72960917154948,2479067,2026-07-29T10:22:07,3,0.9099360704421997,0.9163039326667786,43.88175355950115,0.11607142857142858,0.0,0.03794642857142857,0.046742757161458336,7,4,0.421875,,20260729_102207.jpg,4000,0.42857142857142855,20,0.02285049296915531,0.984375,1.9467571315310082,2a31974c7cd91563,True,scene-0022,aykiri_aydinlatma_netlik_veya_kadraj,0.27419642857142856,00027d3c1097ba8a08f2be32b273b5673c0d335f6eb9393fb5086366888685e3,0.0,0.234375,unlabeled_pool,0.022321428571428572,3000
0,UNLABELED,0.75,588.430142626553,0.005574544270833333,115.71401723225911,3187077,2026-07-29T09:53:27,3,0.6759828329086304,0.6759828329086304,61.956077735678456,0.024553571428571428,1.0,0.9977678571428571,0.0020395914713541665,3,2,0.578125,,20260729_095327.jpg,4000,0.3333333333333333,22,0.027545467019081116,0.43080357142857145,0.6252205689370885,49abd62813ca0d77,True,scene-0014,ortusen_yuzler,0.2733035714285714,411ddc49a3bd55e05761ba37296b000ee07b1450dcba5cd110088750f41c48d5,0.0,0.078125,unlabeled_pool,0.06919642857142858,3000
0,UNLABELED,0.75,272.1100756525975,0.028406778971354168,93.64379755655925,1608809,2026-07-29T10:28:01,3,0.7158445119857788,0.7317914366722107,53.84921854274147,0.19196428571428573,0.0,0.06473214285714286,0.028451283772786457,8,5,0.43973214285714285,,20260729_102801.jpg,4000,0.375,20,0.005648727994412184,0.7053571428571429,0.8257556934101371,0892fef6f3a911c0,True,scene-0032,sahne_cesitliligi,0.27111607142857147,cc1cdd97f4ad5db146df8fdcd95a28fd0506f1cabb4163c0034c0fd8833b1dfc,0.0,0.2857142857142857,unlabeled_pool,0.07366071428571429,3000
0,UNLABELED,0.75,403.9296091520162,0.01055908203125,89.7331034342448,2797147,2026-07-29T10:22:56,3,0.6493808031082153,0.6049301624298096,50.863817983778276,0.25,0.06666666666666667,0.7723214285714286,0.0012143452962239583,8,6,0.43080357142857145,,20260729_102256(0).jpg,4000,0.25,20,0.00559978699311614,0.20982142857142858,0.49274946284228704,3c760526a0bc479f,True,scene-0024,ortusen_yuzler,0.25875000000000004,6b6fe22774b2763edef82facbca9ad63756a1d27e931588b8b110c487fd430ee,0.0,0.2544642857142857,unlabeled_pool,0.03794642857142857,3000
0,UNLABELED,0.75,248.00210540295234,0.032254536946614586,87.94318771362305,1495966,2026-07-29T10:28:27,3,0.8346524238586426,0.8646971583366394,57.52467713041019,0.20089285714285715,0.0,0.10267857142857142,0.007382710774739583,7,5,0.17410714285714285,,20260729_102827.jpg,4000,0.2857142857142857,16,0.003118551103398204,0.6808035714285714,0.7963134467218178,24a0a8a8f6372fab,True,scene-0033,sahne_cesitliligi,0.22839285714285715,2edb1e3fcc3e96cd8aa199862729696044548b2d0ef00505d4510f9e5b6fb646,0.0,0.32142857142857145,unlabeled_pool,0.011160714285714286,3000
0,UNLABELED,0.75,270.6794620335937,0.008668263753255209,86.41430918375652,1859547,2026-07-29T10:23:30,3,0.718900203704834,0.7039252519607544,48.915288000863136,0.0625,0.0,0.05133928571428571,0.0001373291015625,5,3,0.26785714285714285,,20260729_102330.jpg,4000,0.4,18,0.012451503425836563,0.6205357142857143,0.7411696684013607,26181929e6d757c3,True,scene-0026,sahne_cesitliligi,0.21531250000000002,4751150503c5c2f966c8c9d7aa7a9b8d301d51f2aa514b03d154010942f3c811,0.0,0.26785714285714285,unlabeled_pool,0.10267857142857142,3000
0,UNLABELED,0.75,292.6382579026571,0.026388804117838543,92.30648295084636,1563139,2026-07-29T10:28:33,3,0.7253684997558594,0.8630742430686951,54.94748813101945,0.20982142857142858,0.0,0.10714285714285714,0.003681182861328125,7,5,0.03571428571428571,,20260729_102833.jpg,4000,0.2857142857142857,10,0.007658052258193493,0.39285714285714285,0.6088965816691227,36a8acaeb61705a3,True,scene-0033,sahne_cesitliligi,0.17700892857142858,4b8e84dd6e545110ebfaae89595b2a21cce2219767784f2e849e8d102192e821,0.0,0.33705357142857145,unlabeled_pool,0.03571428571428571,3000
