review_priority,stable_id,image_id,image_name,instance_index,vertex_count,area_ratio,signals,likely_issue,decision_required,human_decision
P3,image-0000-instance-001,0,20260729_092402.jpg,1,4,0.01175942,UNVERIFIED_HUMAN_ANNOTATION,"Bu insan çizimi polygon, görünür ön yüz kurallarına göre henüz doğrulanmadı.","Ön yüz kapsamını, yan yüzlerin dışarıda kalmasını, gölge/örtüşme sınırını ve çizim hassasiyetini kontrol edip insan kararını kaydedin.",
P3,image-0000-instance-002,0,20260729_092402.jpg,2,4,0.01545208,UNVERIFIED_HUMAN_ANNOTATION,"Bu insan çizimi polygon, görünür ön yüz kurallarına göre henüz doğrulanmadı.","Ön yüz kapsamını, yan yüzlerin dışarıda kalmasını, gölge/örtüşme sınırını ve çizim hassasiyetini kontrol edip insan kararını kaydedin.",
P2,image-0000-instance-003,0,20260729_092402.jpg,3,4,0.01697572,FRAME_BOUNDARY_TRUNCATION_REVIEW|UNVERIFIED_HUMAN_ANNOTATION,Şekil veya görüntü sınırında kesilme fiziksel olarak yorumlanmalı; köşe sayısı tek başına hata değildir.,"Polygonun yalnızca görünen ön yüzü izlediğini, örtücü nesnede/görüntü kenarında durduğunu ve gizli geometri uydurmadığını doğrulayın.",
P3,image-0000-instance-004,0,20260729_092402.jpg,4,4,0.01386409,UNVERIFIED_HUMAN_ANNOTATION,"Bu insan çizimi polygon, görünür ön yüz kurallarına göre henüz doğrulanmadı.","Ön yüz kapsamını, yan yüzlerin dışarıda kalmasını, gölge/örtüşme sınırını ve çizim hassasiyetini kontrol edip insan kararını kaydedin.",
P3,image-0000-instance-005,0,20260729_092402.jpg,5,4,0.01432798,UNVERIFIED_HUMAN_ANNOTATION,"Bu insan çizimi polygon, görünür ön yüz kurallarına göre henüz doğrulanmadı.","Ön yüz kapsamını, yan yüzlerin dışarıda kalmasını, gölge/örtüşme sınırını ve çizim hassasiyetini kontrol edip insan kararını kaydedin.",
P3,image-0000-instance-006,0,20260729_092402.jpg,6,4,0.02143023,UNVERIFIED_HUMAN_ANNOTATION,"Bu insan çizimi polygon, görünür ön yüz kurallarına göre henüz doğrulanmadı.","Ön yüz kapsamını, yan yüzlerin dışarıda kalmasını, gölge/örtüşme sınırını ve çizim hassasiyetini kontrol edip insan kararını kaydedin.",
P3,image-0001-instance-001,1,20260729_092409.jpg,1,4,0.00690786,UNVERIFIED_HUMAN_ANNOTATION,"Bu insan çizimi polygon, görünür ön yüz kurallarına göre henüz doğrulanmadı.","Ön yüz kapsamını, yan yüzlerin dışarıda kalmasını, gölge/örtüşme sınırını ve çizim hassasiyetini kontrol edip insan kararını kaydedin.",
P2,image-0001-instance-002,1,20260729_092409.jpg,2,5,0.01079769,FRAME_BOUNDARY_TRUNCATION_REVIEW|MULTISIDED_VISIBLE_REGION_REVIEW|UNVERIFIED_HUMAN_ANNOTATION,Şekil veya görüntü sınırında kesilme fiziksel olarak yorumlanmalı; köşe sayısı tek başına hata değildir.,"Polygonun yalnızca görünen ön yüzü izlediğini, örtücü nesnede/görüntü kenarında durduğunu ve gizli geometri uydurmadığını doğrulayın.",
P2,image-0001-instance-003,1,20260729_092409.jpg,3,6,0.00747264,CONCAVE_VISIBLE_REGION_REVIEW|MULTISIDED_VISIBLE_REGION_REVIEW|UNVERIFIED_HUMAN_ANNOTATION,Şekil veya görüntü sınırında kesilme fiziksel olarak yorumlanmalı; köşe sayısı tek başına hata değildir.,"Polygonun yalnızca görünen ön yüzü izlediğini, örtücü nesnede/görüntü kenarında durduğunu ve gizli geometri uydurmadığını doğrulayın.",
P3,image-0001-instance-004,1,20260729_092409.jpg,4,4,0.01249457,UNVERIFIED_HUMAN_ANNOTATION,"Bu insan çizimi polygon, görünür ön yüz kurallarına göre henüz doğrulanmadı.","Ön yüz kapsamını, yan yüzlerin dışarıda kalmasını, gölge/örtüşme sınırını ve çizim hassasiyetini kontrol edip insan kararını kaydedin.",
P3,image-0001-instance-005,1,20260729_092409.jpg,5,4,0.01320851,UNVERIFIED_HUMAN_ANNOTATION,"Bu insan çizimi polygon, görünür ön yüz kurallarına göre henüz doğrulanmadı.","Ön yüz kapsamını, yan yüzlerin dışarıda kalmasını, gölge/örtüşme sınırını ve çizim hassasiyetini kontrol edip insan kararını kaydedin.",
P3,image-0001-instance-006,1,20260729_092409.jpg,6,4,0.00932043,UNVERIFIED_HUMAN_ANNOTATION,"Bu insan çizimi polygon, görünür ön yüz kurallarına göre henüz doğrulanmadı.","Ön yüz kapsamını, yan yüzlerin dışarıda kalmasını, gölge/örtüşme sınırını ve çizim hassasiyetini kontrol edip insan kararını kaydedin.",
P2,image-0001-instance-007,1,20260729_092409.jpg,7,5,0.00477367,CONCAVE_VISIBLE_REGION_REVIEW|MULTISIDED_VISIBLE_REGION_REVIEW|UNVERIFIED_HUMAN_ANNOTATION,Şekil veya görüntü sınırında kesilme fiziksel olarak yorumlanmalı; köşe sayısı tek başına hata değildir.,"Polygonun yalnızca görünen ön yüzü izlediğini, örtücü nesnede/görüntü kenarında durduğunu ve gizli geometri uydurmadığını doğrulayın.",
P3,image-0001-instance-008,1,20260729_092409.jpg,8,4,0.00639691,UNVERIFIED_HUMAN_ANNOTATION,"Bu insan çizimi polygon, görünür ön yüz kurallarına göre henüz doğrulanmadı.","Ön yüz kapsamını, yan yüzlerin dışarıda kalmasını, gölge/örtüşme sınırını ve çizim hassasiyetini kontrol edip insan kararını kaydedin.",
P2,image-0001-instance-009,1,20260729_092409.jpg,9,5,0.00539613,MULTISIDED_VISIBLE_REGION_REVIEW|UNVERIFIED_HUMAN_ANNOTATION,Şekil veya görüntü sınırında kesilme fiziksel olarak yorumlanmalı; köşe sayısı tek başına hata değildir.,"Polygonun yalnızca görünen ön yüzü izlediğini, örtücü nesnede/görüntü kenarında durduğunu ve gizli geometri uydurmadığını doğrulayın.",
P2,image-0001-instance-010,1,20260729_092409.jpg,10,6,0.00340320,CONCAVE_VISIBLE_REGION_REVIEW|MULTISIDED_VISIBLE_REGION_REVIEW|UNVERIFIED_HUMAN_ANNOTATION,Şekil veya görüntü sınırında kesilme fiziksel olarak yorumlanmalı; köşe sayısı tek başına hata değildir.,"Polygonun yalnızca görünen ön yüzü izlediğini, örtücü nesnede/görüntü kenarında durduğunu ve gizli geometri uydurmadığını doğrulayın.",
P1,image-0001-instance-011,1,20260729_092409.jpg,11,7,0.00895607,CONCAVE_VISIBLE_REGION_REVIEW|DUPLICATE_VERTEX|MULTISIDED_VISIBLE_REGION_REVIEW|SELF_INTERSECTION|UNVERIFIED_HUMAN_ANNOTATION,Polygon yapısında geçerlilik uyarısı var; gerçek bir etiketleme hatası olabilir.,Noktaları CVAT'ta inceleyin. Görünen fiziksel sınırı koruyarak tekrarlanan veya kesişen hatalı noktaları düzeltin.,
P3,image-0001-instance-012,1,20260729_092409.jpg,12,4,0.00396354,UNVERIFIED_HUMAN_ANNOTATION,"Bu insan çizimi polygon, görünür ön yüz kurallarına göre henüz doğrulanmadı.","Ön yüz kapsamını, yan yüzlerin dışarıda kalmasını, gölge/örtüşme sınırını ve çizim hassasiyetini kontrol edip insan kararını kaydedin.",
P2,image-0001-instance-013,1,20260729_092409.jpg,13,5,0.00484696,MULTISIDED_VISIBLE_REGION_REVIEW|UNVERIFIED_HUMAN_ANNOTATION,Şekil veya görüntü sınırında kesilme fiziksel olarak yorumlanmalı; köşe sayısı tek başına hata değildir.,"Polygonun yalnızca görünen ön yüzü izlediğini, örtücü nesnede/görüntü kenarında durduğunu ve gizli geometri uydurmadığını doğrulayın.",
P3,image-0001-instance-014,1,20260729_092409.jpg,14,4,0.01190972,UNVERIFIED_HUMAN_ANNOTATION,"Bu insan çizimi polygon, görünür ön yüz kurallarına göre henüz doğrulanmadı.","Ön yüz kapsamını, yan yüzlerin dışarıda kalmasını, gölge/örtüşme sınırını ve çizim hassasiyetini kontrol edip insan kararını kaydedin.",
P3,image-0001-instance-015,1,20260729_092409.jpg,15,4,0.00629343,UNVERIFIED_HUMAN_ANNOTATION,"Bu insan çizimi polygon, görünür ön yüz kurallarına göre henüz doğrulanmadı.","Ön yüz kapsamını, yan yüzlerin dışarıda kalmasını, gölge/örtüşme sınırını ve çizim hassasiyetini kontrol edip insan kararını kaydedin.",
P3,image-0001-instance-016,1,20260729_092409.jpg,16,4,0.01037991,UNVERIFIED_HUMAN_ANNOTATION,"Bu insan çizimi polygon, görünür ön yüz kurallarına göre henüz doğrulanmadı.","Ön yüz kapsamını, yan yüzlerin dışarıda kalmasını, gölge/örtüşme sınırını ve çizim hassasiyetini kontrol edip insan kararını kaydedin.",
P3,image-0002-instance-001,2,20260729_092508.jpg,1,4,0.35121640,UNVERIFIED_HUMAN_ANNOTATION,"Bu insan çizimi polygon, görünür ön yüz kurallarına göre henüz doğrulanmadı.","Ön yüz kapsamını, yan yüzlerin dışarıda kalmasını, gölge/örtüşme sınırını ve çizim hassasiyetini kontrol edip insan kararını kaydedin.",
P3,image-0003-instance-001,3,20260729_092524.jpg,1,4,0.07400743,UNVERIFIED_HUMAN_ANNOTATION,"Bu insan çizimi polygon, görünür ön yüz kurallarına göre henüz doğrulanmadı.","Ön yüz kapsamını, yan yüzlerin dışarıda kalmasını, gölge/örtüşme sınırını ve çizim hassasiyetini kontrol edip insan kararını kaydedin.",
P3,image-0003-instance-002,3,20260729_092524.jpg,2,4,0.05241377,UNVERIFIED_HUMAN_ANNOTATION,"Bu insan çizimi polygon, görünür ön yüz kurallarına göre henüz doğrulanmadı.","Ön yüz kapsamını, yan yüzlerin dışarıda kalmasını, gölge/örtüşme sınırını ve çizim hassasiyetini kontrol edip insan kararını kaydedin.",
P3,image-0003-instance-003,3,20260729_092524.jpg,3,4,0.06830969,UNVERIFIED_HUMAN_ANNOTATION,"Bu insan çizimi polygon, görünür ön yüz kurallarına göre henüz doğrulanmadı.","Ön yüz kapsamını, yan yüzlerin dışarıda kalmasını, gölge/örtüşme sınırını ve çizim hassasiyetini kontrol edip insan kararını kaydedin.",
P2,image-0003-instance-004,3,20260729_092524.jpg,4,6,0.03859794,CONCAVE_VISIBLE_REGION_REVIEW|FRAME_BOUNDARY_TRUNCATION_REVIEW|MULTISIDED_VISIBLE_REGION_REVIEW|UNVERIFIED_HUMAN_ANNOTATION,Şekil veya görüntü sınırında kesilme fiziksel olarak yorumlanmalı; köşe sayısı tek başına hata değildir.,"Polygonun yalnızca görünen ön yüzü izlediğini, örtücü nesnede/görüntü kenarında durduğunu ve gizli geometri uydurmadığını doğrulayın.",
P2,image-0003-instance-005,3,20260729_092524.jpg,5,6,0.06707672,FRAME_BOUNDARY_TRUNCATION_REVIEW|MULTISIDED_VISIBLE_REGION_REVIEW|UNVERIFIED_HUMAN_ANNOTATION,Şekil veya görüntü sınırında kesilme fiziksel olarak yorumlanmalı; köşe sayısı tek başına hata değildir.,"Polygonun yalnızca görünen ön yüzü izlediğini, örtücü nesnede/görüntü kenarında durduğunu ve gizli geometri uydurmadığını doğrulayın.",
P2,image-0003-instance-006,3,20260729_092524.jpg,6,6,0.04112517,CONCAVE_VISIBLE_REGION_REVIEW|MULTISIDED_VISIBLE_REGION_REVIEW|UNVERIFIED_HUMAN_ANNOTATION,Şekil veya görüntü sınırında kesilme fiziksel olarak yorumlanmalı; köşe sayısı tek başına hata değildir.,"Polygonun yalnızca görünen ön yüzü izlediğini, örtücü nesnede/görüntü kenarında durduğunu ve gizli geometri uydurmadığını doğrulayın.",
P3,image-0003-instance-007,3,20260729_092524.jpg,7,4,0.07246029,UNVERIFIED_HUMAN_ANNOTATION,"Bu insan çizimi polygon, görünür ön yüz kurallarına göre henüz doğrulanmadı.","Ön yüz kapsamını, yan yüzlerin dışarıda kalmasını, gölge/örtüşme sınırını ve çizim hassasiyetini kontrol edip insan kararını kaydedin.",
P2,image-0004-instance-001,4,20260729_092528.jpg,1,6,0.03861552,FRAME_BOUNDARY_TRUNCATION_REVIEW|MULTISIDED_VISIBLE_REGION_REVIEW|UNVERIFIED_HUMAN_ANNOTATION,Şekil veya görüntü sınırında kesilme fiziksel olarak yorumlanmalı; köşe sayısı tek başına hata değildir.,"Polygonun yalnızca görünen ön yüzü izlediğini, örtücü nesnede/görüntü kenarında durduğunu ve gizli geometri uydurmadığını doğrulayın.",
P2,image-0004-instance-002,4,20260729_092528.jpg,2,5,0.04483212,MULTISIDED_VISIBLE_REGION_REVIEW|UNVERIFIED_HUMAN_ANNOTATION,Şekil veya görüntü sınırında kesilme fiziksel olarak yorumlanmalı; köşe sayısı tek başına hata değildir.,"Polygonun yalnızca görünen ön yüzü izlediğini, örtücü nesnede/görüntü kenarında durduğunu ve gizli geometri uydurmadığını doğrulayın.",
P3,image-0004-instance-003,4,20260729_092528.jpg,3,4,0.05239174,UNVERIFIED_HUMAN_ANNOTATION,"Bu insan çizimi polygon, görünür ön yüz kurallarına göre henüz doğrulanmadı.","Ön yüz kapsamını, yan yüzlerin dışarıda kalmasını, gölge/örtüşme sınırını ve çizim hassasiyetini kontrol edip insan kararını kaydedin.",
P3,image-0004-instance-004,4,20260729_092528.jpg,4,4,0.05018786,UNVERIFIED_HUMAN_ANNOTATION,"Bu insan çizimi polygon, görünür ön yüz kurallarına göre henüz doğrulanmadı.","Ön yüz kapsamını, yan yüzlerin dışarıda kalmasını, gölge/örtüşme sınırını ve çizim hassasiyetini kontrol edip insan kararını kaydedin.",
P3,image-0004-instance-005,4,20260729_092528.jpg,5,4,0.03767318,UNVERIFIED_HUMAN_ANNOTATION,"Bu insan çizimi polygon, görünür ön yüz kurallarına göre henüz doğrulanmadı.","Ön yüz kapsamını, yan yüzlerin dışarıda kalmasını, gölge/örtüşme sınırını ve çizim hassasiyetini kontrol edip insan kararını kaydedin.",
P2,image-0004-instance-006,4,20260729_092528.jpg,6,6,0.02881962,CONCAVE_VISIBLE_REGION_REVIEW|MULTISIDED_VISIBLE_REGION_REVIEW|UNVERIFIED_HUMAN_ANNOTATION,Şekil veya görüntü sınırında kesilme fiziksel olarak yorumlanmalı; köşe sayısı tek başına hata değildir.,"Polygonun yalnızca görünen ön yüzü izlediğini, örtücü nesnede/görüntü kenarında durduğunu ve gizli geometri uydurmadığını doğrulayın.",
P3,image-0004-instance-007,4,20260729_092528.jpg,7,4,0.06039948,UNVERIFIED_HUMAN_ANNOTATION,"Bu insan çizimi polygon, görünür ön yüz kurallarına göre henüz doğrulanmadı.","Ön yüz kapsamını, yan yüzlerin dışarıda kalmasını, gölge/örtüşme sınırını ve çizim hassasiyetini kontrol edip insan kararını kaydedin.",
P2,image-0004-instance-008,4,20260729_092528.jpg,8,7,0.02944672,CONCAVE_VISIBLE_REGION_REVIEW|FRAME_BOUNDARY_TRUNCATION_REVIEW|MULTISIDED_VISIBLE_REGION_REVIEW|UNVERIFIED_HUMAN_ANNOTATION,Şekil veya görüntü sınırında kesilme fiziksel olarak yorumlanmalı; köşe sayısı tek başına hata değildir.,"Polygonun yalnızca görünen ön yüzü izlediğini, örtücü nesnede/görüntü kenarında durduğunu ve gizli geometri uydurmadığını doğrulayın.",
P2,image-0005-instance-001,5,20260729_092532.jpg,1,5,0.02717488,FRAME_BOUNDARY_TRUNCATION_REVIEW|MULTISIDED_VISIBLE_REGION_REVIEW|UNVERIFIED_HUMAN_ANNOTATION,Şekil veya görüntü sınırında kesilme fiziksel olarak yorumlanmalı; köşe sayısı tek başına hata değildir.,"Polygonun yalnızca görünen ön yüzü izlediğini, örtücü nesnede/görüntü kenarında durduğunu ve gizli geometri uydurmadığını doğrulayın.",
P1,image-0005-instance-002,5,20260729_092532.jpg,2,5,0.19744895,DUPLICATE_VERTEX|MULTISIDED_VISIBLE_REGION_REVIEW|SELF_INTERSECTION|UNVERIFIED_HUMAN_ANNOTATION,Polygon yapısında geçerlilik uyarısı var; gerçek bir etiketleme hatası olabilir.,Noktaları CVAT'ta inceleyin. Görünen fiziksel sınırı koruyarak tekrarlanan veya kesişen hatalı noktaları düzeltin.,
P2,image-0005-instance-003,5,20260729_092532.jpg,3,5,0.05044508,FRAME_BOUNDARY_TRUNCATION_REVIEW|MULTISIDED_VISIBLE_REGION_REVIEW|UNVERIFIED_HUMAN_ANNOTATION,Şekil veya görüntü sınırında kesilme fiziksel olarak yorumlanmalı; köşe sayısı tek başına hata değildir.,"Polygonun yalnızca görünen ön yüzü izlediğini, örtücü nesnede/görüntü kenarında durduğunu ve gizli geometri uydurmadığını doğrulayın.",
P2,image-0006-instance-001,6,20260729_092623.jpg,1,5,0.00305421,MULTISIDED_VISIBLE_REGION_REVIEW|UNVERIFIED_HUMAN_ANNOTATION,Şekil veya görüntü sınırında kesilme fiziksel olarak yorumlanmalı; köşe sayısı tek başına hata değildir.,"Polygonun yalnızca görünen ön yüzü izlediğini, örtücü nesnede/görüntü kenarında durduğunu ve gizli geometri uydurmadığını doğrulayın.",
P3,image-0006-instance-002,6,20260729_092623.jpg,2,4,0.00415435,UNVERIFIED_HUMAN_ANNOTATION,"Bu insan çizimi polygon, görünür ön yüz kurallarına göre henüz doğrulanmadı.","Ön yüz kapsamını, yan yüzlerin dışarıda kalmasını, gölge/örtüşme sınırını ve çizim hassasiyetini kontrol edip insan kararını kaydedin.",
P3,image-0006-instance-003,6,20260729_092623.jpg,3,4,0.00417410,UNVERIFIED_HUMAN_ANNOTATION,"Bu insan çizimi polygon, görünür ön yüz kurallarına göre henüz doğrulanmadı.","Ön yüz kapsamını, yan yüzlerin dışarıda kalmasını, gölge/örtüşme sınırını ve çizim hassasiyetini kontrol edip insan kararını kaydedin.",
P2,image-0006-instance-004,6,20260729_092623.jpg,4,5,0.00291927,MULTISIDED_VISIBLE_REGION_REVIEW|UNVERIFIED_HUMAN_ANNOTATION,Şekil veya görüntü sınırında kesilme fiziksel olarak yorumlanmalı; köşe sayısı tek başına hata değildir.,"Polygonun yalnızca görünen ön yüzü izlediğini, örtücü nesnede/görüntü kenarında durduğunu ve gizli geometri uydurmadığını doğrulayın.",
P2,image-0006-instance-005,6,20260729_092623.jpg,5,5,0.00597427,MULTISIDED_VISIBLE_REGION_REVIEW|UNVERIFIED_HUMAN_ANNOTATION,Şekil veya görüntü sınırında kesilme fiziksel olarak yorumlanmalı; köşe sayısı tek başına hata değildir.,"Polygonun yalnızca görünen ön yüzü izlediğini, örtücü nesnede/görüntü kenarında durduğunu ve gizli geometri uydurmadığını doğrulayın.",
P2,image-0006-instance-006,6,20260729_092623.jpg,6,5,0.00263960,FRAME_BOUNDARY_TRUNCATION_REVIEW|MULTISIDED_VISIBLE_REGION_REVIEW|UNVERIFIED_HUMAN_ANNOTATION,Şekil veya görüntü sınırında kesilme fiziksel olarak yorumlanmalı; köşe sayısı tek başına hata değildir.,"Polygonun yalnızca görünen ön yüzü izlediğini, örtücü nesnede/görüntü kenarında durduğunu ve gizli geometri uydurmadığını doğrulayın.",
P3,image-0006-instance-007,6,20260729_092623.jpg,7,4,0.00641688,UNVERIFIED_HUMAN_ANNOTATION,"Bu insan çizimi polygon, görünür ön yüz kurallarına göre henüz doğrulanmadı.","Ön yüz kapsamını, yan yüzlerin dışarıda kalmasını, gölge/örtüşme sınırını ve çizim hassasiyetini kontrol edip insan kararını kaydedin.",
P3,image-0006-instance-008,6,20260729_092623.jpg,8,4,0.00454278,UNVERIFIED_HUMAN_ANNOTATION,"Bu insan çizimi polygon, görünür ön yüz kurallarına göre henüz doğrulanmadı.","Ön yüz kapsamını, yan yüzlerin dışarıda kalmasını, gölge/örtüşme sınırını ve çizim hassasiyetini kontrol edip insan kararını kaydedin.",
P3,image-0006-instance-009,6,20260729_092623.jpg,9,4,0.00434272,UNVERIFIED_HUMAN_ANNOTATION,"Bu insan çizimi polygon, görünür ön yüz kurallarına göre henüz doğrulanmadı.","Ön yüz kapsamını, yan yüzlerin dışarıda kalmasını, gölge/örtüşme sınırını ve çizim hassasiyetini kontrol edip insan kararını kaydedin.",
P2,image-0006-instance-010,6,20260729_092623.jpg,10,5,0.00270067,MULTISIDED_VISIBLE_REGION_REVIEW|UNVERIFIED_HUMAN_ANNOTATION,Şekil veya görüntü sınırında kesilme fiziksel olarak yorumlanmalı; köşe sayısı tek başına hata değildir.,"Polygonun yalnızca görünen ön yüzü izlediğini, örtücü nesnede/görüntü kenarında durduğunu ve gizli geometri uydurmadığını doğrulayın.",
P3,image-0007-instance-001,7,20260729_092642.jpg,1,4,0.01033681,UNVERIFIED_HUMAN_ANNOTATION,"Bu insan çizimi polygon, görünür ön yüz kurallarına göre henüz doğrulanmadı.","Ön yüz kapsamını, yan yüzlerin dışarıda kalmasını, gölge/örtüşme sınırını ve çizim hassasiyetini kontrol edip insan kararını kaydedin.",
P3,image-0007-instance-002,7,20260729_092642.jpg,2,4,0.00843791,UNVERIFIED_HUMAN_ANNOTATION,"Bu insan çizimi polygon, görünür ön yüz kurallarına göre henüz doğrulanmadı.","Ön yüz kapsamını, yan yüzlerin dışarıda kalmasını, gölge/örtüşme sınırını ve çizim hassasiyetini kontrol edip insan kararını kaydedin.",
P3,image-0007-instance-003,7,20260729_092642.jpg,3,4,0.00886939,UNVERIFIED_HUMAN_ANNOTATION,"Bu insan çizimi polygon, görünür ön yüz kurallarına göre henüz doğrulanmadı.","Ön yüz kapsamını, yan yüzlerin dışarıda kalmasını, gölge/örtüşme sınırını ve çizim hassasiyetini kontrol edip insan kararını kaydedin.",
P3,image-0007-instance-004,7,20260729_092642.jpg,4,4,0.00579102,UNVERIFIED_HUMAN_ANNOTATION,"Bu insan çizimi polygon, görünür ön yüz kurallarına göre henüz doğrulanmadı.","Ön yüz kapsamını, yan yüzlerin dışarıda kalmasını, gölge/örtüşme sınırını ve çizim hassasiyetini kontrol edip insan kararını kaydedin.",
P3,image-0007-instance-005,7,20260729_092642.jpg,5,4,0.01775438,UNVERIFIED_HUMAN_ANNOTATION,"Bu insan çizimi polygon, görünür ön yüz kurallarına göre henüz doğrulanmadı.","Ön yüz kapsamını, yan yüzlerin dışarıda kalmasını, gölge/örtüşme sınırını ve çizim hassasiyetini kontrol edip insan kararını kaydedin.",
P2,image-0007-instance-006,7,20260729_092642.jpg,6,5,0.01568388,FRAME_BOUNDARY_TRUNCATION_REVIEW|MULTISIDED_VISIBLE_REGION_REVIEW|UNVERIFIED_HUMAN_ANNOTATION,Şekil veya görüntü sınırında kesilme fiziksel olarak yorumlanmalı; köşe sayısı tek başına hata değildir.,"Polygonun yalnızca görünen ön yüzü izlediğini, örtücü nesnede/görüntü kenarında durduğunu ve gizli geometri uydurmadığını doğrulayın.",
P2,image-0007-instance-007,7,20260729_092642.jpg,7,5,0.00609733,FRAME_BOUNDARY_TRUNCATION_REVIEW|MULTISIDED_VISIBLE_REGION_REVIEW|UNVERIFIED_HUMAN_ANNOTATION,Şekil veya görüntü sınırında kesilme fiziksel olarak yorumlanmalı; köşe sayısı tek başına hata değildir.,"Polygonun yalnızca görünen ön yüzü izlediğini, örtücü nesnede/görüntü kenarında durduğunu ve gizli geometri uydurmadığını doğrulayın.",
P3,image-0008-instance-001,8,20260729_095125.jpg,1,4,0.00284441,UNVERIFIED_HUMAN_ANNOTATION,"Bu insan çizimi polygon, görünür ön yüz kurallarına göre henüz doğrulanmadı.","Ön yüz kapsamını, yan yüzlerin dışarıda kalmasını, gölge/örtüşme sınırını ve çizim hassasiyetini kontrol edip insan kararını kaydedin.",
P2,image-0008-instance-002,8,20260729_095125.jpg,2,5,0.00245434,CONCAVE_VISIBLE_REGION_REVIEW|MULTISIDED_VISIBLE_REGION_REVIEW|UNVERIFIED_HUMAN_ANNOTATION,Şekil veya görüntü sınırında kesilme fiziksel olarak yorumlanmalı; köşe sayısı tek başına hata değildir.,"Polygonun yalnızca görünen ön yüzü izlediğini, örtücü nesnede/görüntü kenarında durduğunu ve gizli geometri uydurmadığını doğrulayın.",
P3,image-0008-instance-003,8,20260729_095125.jpg,3,4,0.00274871,UNVERIFIED_HUMAN_ANNOTATION,"Bu insan çizimi polygon, görünür ön yüz kurallarına göre henüz doğrulanmadı.","Ön yüz kapsamını, yan yüzlerin dışarıda kalmasını, gölge/örtüşme sınırını ve çizim hassasiyetini kontrol edip insan kararını kaydedin.",
P3,image-0008-instance-004,8,20260729_095125.jpg,4,4,0.00277821,UNVERIFIED_HUMAN_ANNOTATION,"Bu insan çizimi polygon, görünür ön yüz kurallarına göre henüz doğrulanmadı.","Ön yüz kapsamını, yan yüzlerin dışarıda kalmasını, gölge/örtüşme sınırını ve çizim hassasiyetini kontrol edip insan kararını kaydedin.",
P3,image-0008-instance-005,8,20260729_095125.jpg,5,4,0.00229323,UNVERIFIED_HUMAN_ANNOTATION,"Bu insan çizimi polygon, görünür ön yüz kurallarına göre henüz doğrulanmadı.","Ön yüz kapsamını, yan yüzlerin dışarıda kalmasını, gölge/örtüşme sınırını ve çizim hassasiyetini kontrol edip insan kararını kaydedin.",
P3,image-0008-instance-006,8,20260729_095125.jpg,6,4,0.00265498,UNVERIFIED_HUMAN_ANNOTATION,"Bu insan çizimi polygon, görünür ön yüz kurallarına göre henüz doğrulanmadı.","Ön yüz kapsamını, yan yüzlerin dışarıda kalmasını, gölge/örtüşme sınırını ve çizim hassasiyetini kontrol edip insan kararını kaydedin.",
P3,image-0008-instance-007,8,20260729_095125.jpg,7,4,0.00278173,UNVERIFIED_HUMAN_ANNOTATION,"Bu insan çizimi polygon, görünür ön yüz kurallarına göre henüz doğrulanmadı.","Ön yüz kapsamını, yan yüzlerin dışarıda kalmasını, gölge/örtüşme sınırını ve çizim hassasiyetini kontrol edip insan kararını kaydedin.",
P3,image-0008-instance-008,8,20260729_095125.jpg,8,4,0.00277572,UNVERIFIED_HUMAN_ANNOTATION,"Bu insan çizimi polygon, görünür ön yüz kurallarına göre henüz doğrulanmadı.","Ön yüz kapsamını, yan yüzlerin dışarıda kalmasını, gölge/örtüşme sınırını ve çizim hassasiyetini kontrol edip insan kararını kaydedin.",
P3,image-0008-instance-009,8,20260729_095125.jpg,9,4,0.00242644,UNVERIFIED_HUMAN_ANNOTATION,"Bu insan çizimi polygon, görünür ön yüz kurallarına göre henüz doğrulanmadı.","Ön yüz kapsamını, yan yüzlerin dışarıda kalmasını, gölge/örtüşme sınırını ve çizim hassasiyetini kontrol edip insan kararını kaydedin.",
P3,image-0008-instance-010,8,20260729_095125.jpg,10,4,0.00243377,UNVERIFIED_HUMAN_ANNOTATION,"Bu insan çizimi polygon, görünür ön yüz kurallarına göre henüz doğrulanmadı.","Ön yüz kapsamını, yan yüzlerin dışarıda kalmasını, gölge/örtüşme sınırını ve çizim hassasiyetini kontrol edip insan kararını kaydedin.",
P2,image-0008-instance-011,8,20260729_095125.jpg,11,6,0.00277236,CONCAVE_VISIBLE_REGION_REVIEW|MULTISIDED_VISIBLE_REGION_REVIEW|UNVERIFIED_HUMAN_ANNOTATION,Şekil veya görüntü sınırında kesilme fiziksel olarak yorumlanmalı; köşe sayısı tek başına hata değildir.,"Polygonun yalnızca görünen ön yüzü izlediğini, örtücü nesnede/görüntü kenarında durduğunu ve gizli geometri uydurmadığını doğrulayın.",
P3,image-0008-instance-012,8,20260729_095125.jpg,12,4,0.00266884,UNVERIFIED_HUMAN_ANNOTATION,"Bu insan çizimi polygon, görünür ön yüz kurallarına göre henüz doğrulanmadı.","Ön yüz kapsamını, yan yüzlerin dışarıda kalmasını, gölge/örtüşme sınırını ve çizim hassasiyetini kontrol edip insan kararını kaydedin.",
P3,image-0008-instance-013,8,20260729_095125.jpg,13,4,0.00274974,UNVERIFIED_HUMAN_ANNOTATION,"Bu insan çizimi polygon, görünür ön yüz kurallarına göre henüz doğrulanmadı.","Ön yüz kapsamını, yan yüzlerin dışarıda kalmasını, gölge/örtüşme sınırını ve çizim hassasiyetini kontrol edip insan kararını kaydedin.",
P3,image-0008-instance-014,8,20260729_095125.jpg,14,4,0.00196279,UNVERIFIED_HUMAN_ANNOTATION,"Bu insan çizimi polygon, görünür ön yüz kurallarına göre henüz doğrulanmadı.","Ön yüz kapsamını, yan yüzlerin dışarıda kalmasını, gölge/örtüşme sınırını ve çizim hassasiyetini kontrol edip insan kararını kaydedin.",
P2,image-0008-instance-015,8,20260729_095125.jpg,15,4,0.00187178,FRAME_BOUNDARY_TRUNCATION_REVIEW|UNVERIFIED_HUMAN_ANNOTATION,Şekil veya görüntü sınırında kesilme fiziksel olarak yorumlanmalı; köşe sayısı tek başına hata değildir.,"Polygonun yalnızca görünen ön yüzü izlediğini, örtücü nesnede/görüntü kenarında durduğunu ve gizli geometri uydurmadığını doğrulayın.",
P3,image-0008-instance-016,8,20260729_095125.jpg,16,4,0.00629908,UNVERIFIED_HUMAN_ANNOTATION,"Bu insan çizimi polygon, görünür ön yüz kurallarına göre henüz doğrulanmadı.","Ön yüz kapsamını, yan yüzlerin dışarıda kalmasını, gölge/örtüşme sınırını ve çizim hassasiyetini kontrol edip insan kararını kaydedin.",
P3,image-0008-instance-017,8,20260729_095125.jpg,17,4,0.00265756,UNVERIFIED_HUMAN_ANNOTATION,"Bu insan çizimi polygon, görünür ön yüz kurallarına göre henüz doğrulanmadı.","Ön yüz kapsamını, yan yüzlerin dışarıda kalmasını, gölge/örtüşme sınırını ve çizim hassasiyetini kontrol edip insan kararını kaydedin.",
P3,image-0008-instance-018,8,20260729_095125.jpg,18,4,0.00262905,UNVERIFIED_HUMAN_ANNOTATION,"Bu insan çizimi polygon, görünür ön yüz kurallarına göre henüz doğrulanmadı.","Ön yüz kapsamını, yan yüzlerin dışarıda kalmasını, gölge/örtüşme sınırını ve çizim hassasiyetini kontrol edip insan kararını kaydedin.",
P3,image-0008-instance-019,8,20260729_095125.jpg,19,4,0.00270153,UNVERIFIED_HUMAN_ANNOTATION,"Bu insan çizimi polygon, görünür ön yüz kurallarına göre henüz doğrulanmadı.","Ön yüz kapsamını, yan yüzlerin dışarıda kalmasını, gölge/örtüşme sınırını ve çizim hassasiyetini kontrol edip insan kararını kaydedin.",
P2,image-0009-instance-001,9,20260729_095156.jpg,1,5,0.00217521,FRAME_BOUNDARY_TRUNCATION_REVIEW|MULTISIDED_VISIBLE_REGION_REVIEW|UNVERIFIED_HUMAN_ANNOTATION,Şekil veya görüntü sınırında kesilme fiziksel olarak yorumlanmalı; köşe sayısı tek başına hata değildir.,"Polygonun yalnızca görünen ön yüzü izlediğini, örtücü nesnede/görüntü kenarında durduğunu ve gizli geometri uydurmadığını doğrulayın.",
P2,image-0009-instance-002,9,20260729_095156.jpg,2,4,0.00108861,FRAME_BOUNDARY_TRUNCATION_REVIEW|UNVERIFIED_HUMAN_ANNOTATION,Şekil veya görüntü sınırında kesilme fiziksel olarak yorumlanmalı; köşe sayısı tek başına hata değildir.,"Polygonun yalnızca görünen ön yüzü izlediğini, örtücü nesnede/görüntü kenarında durduğunu ve gizli geometri uydurmadığını doğrulayın.",
P3,image-0009-instance-003,9,20260729_095156.jpg,3,4,0.00329744,UNVERIFIED_HUMAN_ANNOTATION,"Bu insan çizimi polygon, görünür ön yüz kurallarına göre henüz doğrulanmadı.","Ön yüz kapsamını, yan yüzlerin dışarıda kalmasını, gölge/örtüşme sınırını ve çizim hassasiyetini kontrol edip insan kararını kaydedin.",
P3,image-0009-instance-004,9,20260729_095156.jpg,4,4,0.00275477,UNVERIFIED_HUMAN_ANNOTATION,"Bu insan çizimi polygon, görünür ön yüz kurallarına göre henüz doğrulanmadı.","Ön yüz kapsamını, yan yüzlerin dışarıda kalmasını, gölge/örtüşme sınırını ve çizim hassasiyetini kontrol edip insan kararını kaydedin.",
P3,image-0009-instance-005,9,20260729_095156.jpg,5,4,0.00351166,UNVERIFIED_HUMAN_ANNOTATION,"Bu insan çizimi polygon, görünür ön yüz kurallarına göre henüz doğrulanmadı.","Ön yüz kapsamını, yan yüzlerin dışarıda kalmasını, gölge/örtüşme sınırını ve çizim hassasiyetini kontrol edip insan kararını kaydedin.",
P3,image-0009-instance-006,9,20260729_095156.jpg,6,4,0.00416995,UNVERIFIED_HUMAN_ANNOTATION,"Bu insan çizimi polygon, görünür ön yüz kurallarına göre henüz doğrulanmadı.","Ön yüz kapsamını, yan yüzlerin dışarıda kalmasını, gölge/örtüşme sınırını ve çizim hassasiyetini kontrol edip insan kararını kaydedin.",
P3,image-0009-instance-007,9,20260729_095156.jpg,7,4,0.00434861,UNVERIFIED_HUMAN_ANNOTATION,"Bu insan çizimi polygon, görünür ön yüz kurallarına göre henüz doğrulanmadı.","Ön yüz kapsamını, yan yüzlerin dışarıda kalmasını, gölge/örtüşme sınırını ve çizim hassasiyetini kontrol edip insan kararını kaydedin.",
P3,image-0009-instance-008,9,20260729_095156.jpg,8,4,0.00420211,UNVERIFIED_HUMAN_ANNOTATION,"Bu insan çizimi polygon, görünür ön yüz kurallarına göre henüz doğrulanmadı.","Ön yüz kapsamını, yan yüzlerin dışarıda kalmasını, gölge/örtüşme sınırını ve çizim hassasiyetini kontrol edip insan kararını kaydedin.",
P3,image-0009-instance-009,9,20260729_095156.jpg,9,4,0.00520542,UNVERIFIED_HUMAN_ANNOTATION,"Bu insan çizimi polygon, görünür ön yüz kurallarına göre henüz doğrulanmadı.","Ön yüz kapsamını, yan yüzlerin dışarıda kalmasını, gölge/örtüşme sınırını ve çizim hassasiyetini kontrol edip insan kararını kaydedin.",
P3,image-0009-instance-010,9,20260729_095156.jpg,10,4,0.00361039,UNVERIFIED_HUMAN_ANNOTATION,"Bu insan çizimi polygon, görünür ön yüz kurallarına göre henüz doğrulanmadı.","Ön yüz kapsamını, yan yüzlerin dışarıda kalmasını, gölge/örtüşme sınırını ve çizim hassasiyetini kontrol edip insan kararını kaydedin.",
P3,image-0009-instance-011,9,20260729_095156.jpg,11,4,0.00342599,UNVERIFIED_HUMAN_ANNOTATION,"Bu insan çizimi polygon, görünür ön yüz kurallarına göre henüz doğrulanmadı.","Ön yüz kapsamını, yan yüzlerin dışarıda kalmasını, gölge/örtüşme sınırını ve çizim hassasiyetini kontrol edip insan kararını kaydedin.",
P3,image-0009-instance-012,9,20260729_095156.jpg,12,4,0.00444183,UNVERIFIED_HUMAN_ANNOTATION,"Bu insan çizimi polygon, görünür ön yüz kurallarına göre henüz doğrulanmadı.","Ön yüz kapsamını, yan yüzlerin dışarıda kalmasını, gölge/örtüşme sınırını ve çizim hassasiyetini kontrol edip insan kararını kaydedin.",
P3,image-0009-instance-013,9,20260729_095156.jpg,13,4,0.00464870,UNVERIFIED_HUMAN_ANNOTATION,"Bu insan çizimi polygon, görünür ön yüz kurallarına göre henüz doğrulanmadı.","Ön yüz kapsamını, yan yüzlerin dışarıda kalmasını, gölge/örtüşme sınırını ve çizim hassasiyetini kontrol edip insan kararını kaydedin.",
P2,image-0009-instance-014,9,20260729_095156.jpg,14,5,0.00414648,CONCAVE_VISIBLE_REGION_REVIEW|MULTISIDED_VISIBLE_REGION_REVIEW|UNVERIFIED_HUMAN_ANNOTATION,Şekil veya görüntü sınırında kesilme fiziksel olarak yorumlanmalı; köşe sayısı tek başına hata değildir.,"Polygonun yalnızca görünen ön yüzü izlediğini, örtücü nesnede/görüntü kenarında durduğunu ve gizli geometri uydurmadığını doğrulayın.",
P3,image-0009-instance-015,9,20260729_095156.jpg,15,4,0.00448025,UNVERIFIED_HUMAN_ANNOTATION,"Bu insan çizimi polygon, görünür ön yüz kurallarına göre henüz doğrulanmadı.","Ön yüz kapsamını, yan yüzlerin dışarıda kalmasını, gölge/örtüşme sınırını ve çizim hassasiyetini kontrol edip insan kararını kaydedin.",
P3,image-0009-instance-016,9,20260729_095156.jpg,16,4,0.00402162,UNVERIFIED_HUMAN_ANNOTATION,"Bu insan çizimi polygon, görünür ön yüz kurallarına göre henüz doğrulanmadı.","Ön yüz kapsamını, yan yüzlerin dışarıda kalmasını, gölge/örtüşme sınırını ve çizim hassasiyetini kontrol edip insan kararını kaydedin.",
P3,image-0009-instance-017,9,20260729_095156.jpg,17,4,0.00399966,UNVERIFIED_HUMAN_ANNOTATION,"Bu insan çizimi polygon, görünür ön yüz kurallarına göre henüz doğrulanmadı.","Ön yüz kapsamını, yan yüzlerin dışarıda kalmasını, gölge/örtüşme sınırını ve çizim hassasiyetini kontrol edip insan kararını kaydedin.",
P3,image-0009-instance-018,9,20260729_095156.jpg,18,4,0.00357425,UNVERIFIED_HUMAN_ANNOTATION,"Bu insan çizimi polygon, görünür ön yüz kurallarına göre henüz doğrulanmadı.","Ön yüz kapsamını, yan yüzlerin dışarıda kalmasını, gölge/örtüşme sınırını ve çizim hassasiyetini kontrol edip insan kararını kaydedin.",
P3,image-0009-instance-019,9,20260729_095156.jpg,19,4,0.00384100,UNVERIFIED_HUMAN_ANNOTATION,"Bu insan çizimi polygon, görünür ön yüz kurallarına göre henüz doğrulanmadı.","Ön yüz kapsamını, yan yüzlerin dışarıda kalmasını, gölge/örtüşme sınırını ve çizim hassasiyetini kontrol edip insan kararını kaydedin.",
P3,image-0009-instance-020,9,20260729_095156.jpg,20,4,0.00376375,UNVERIFIED_HUMAN_ANNOTATION,"Bu insan çizimi polygon, görünür ön yüz kurallarına göre henüz doğrulanmadı.","Ön yüz kapsamını, yan yüzlerin dışarıda kalmasını, gölge/örtüşme sınırını ve çizim hassasiyetini kontrol edip insan kararını kaydedin.",
P3,image-0009-instance-021,9,20260729_095156.jpg,21,4,0.00313664,UNVERIFIED_HUMAN_ANNOTATION,"Bu insan çizimi polygon, görünür ön yüz kurallarına göre henüz doğrulanmadı.","Ön yüz kapsamını, yan yüzlerin dışarıda kalmasını, gölge/örtüşme sınırını ve çizim hassasiyetini kontrol edip insan kararını kaydedin.",
P3,image-0009-instance-022,9,20260729_095156.jpg,22,4,0.00384089,UNVERIFIED_HUMAN_ANNOTATION,"Bu insan çizimi polygon, görünür ön yüz kurallarına göre henüz doğrulanmadı.","Ön yüz kapsamını, yan yüzlerin dışarıda kalmasını, gölge/örtüşme sınırını ve çizim hassasiyetini kontrol edip insan kararını kaydedin.",
P3,image-0009-instance-023,9,20260729_095156.jpg,23,4,0.00331418,UNVERIFIED_HUMAN_ANNOTATION,"Bu insan çizimi polygon, görünür ön yüz kurallarına göre henüz doğrulanmadı.","Ön yüz kapsamını, yan yüzlerin dışarıda kalmasını, gölge/örtüşme sınırını ve çizim hassasiyetini kontrol edip insan kararını kaydedin.",
P3,image-0009-instance-024,9,20260729_095156.jpg,24,4,0.00318904,UNVERIFIED_HUMAN_ANNOTATION,"Bu insan çizimi polygon, görünür ön yüz kurallarına göre henüz doğrulanmadı.","Ön yüz kapsamını, yan yüzlerin dışarıda kalmasını, gölge/örtüşme sınırını ve çizim hassasiyetini kontrol edip insan kararını kaydedin.",
P2,image-0009-instance-025,9,20260729_095156.jpg,25,5,0.00344916,MULTISIDED_VISIBLE_REGION_REVIEW|UNVERIFIED_HUMAN_ANNOTATION,Şekil veya görüntü sınırında kesilme fiziksel olarak yorumlanmalı; köşe sayısı tek başına hata değildir.,"Polygonun yalnızca görünen ön yüzü izlediğini, örtücü nesnede/görüntü kenarında durduğunu ve gizli geometri uydurmadığını doğrulayın.",
P3,image-0009-instance-026,9,20260729_095156.jpg,26,4,0.00323089,UNVERIFIED_HUMAN_ANNOTATION,"Bu insan çizimi polygon, görünür ön yüz kurallarına göre henüz doğrulanmadı.","Ön yüz kapsamını, yan yüzlerin dışarıda kalmasını, gölge/örtüşme sınırını ve çizim hassasiyetini kontrol edip insan kararını kaydedin.",
P2,image-0009-instance-027,9,20260729_095156.jpg,27,6,0.00349937,CONCAVE_VISIBLE_REGION_REVIEW|MULTISIDED_VISIBLE_REGION_REVIEW|UNVERIFIED_HUMAN_ANNOTATION,Şekil veya görüntü sınırında kesilme fiziksel olarak yorumlanmalı; köşe sayısı tek başına hata değildir.,"Polygonun yalnızca görünen ön yüzü izlediğini, örtücü nesnede/görüntü kenarında durduğunu ve gizli geometri uydurmadığını doğrulayın.",
P3,image-0009-instance-028,9,20260729_095156.jpg,28,4,0.00395600,UNVERIFIED_HUMAN_ANNOTATION,"Bu insan çizimi polygon, görünür ön yüz kurallarına göre henüz doğrulanmadı.","Ön yüz kapsamını, yan yüzlerin dışarıda kalmasını, gölge/örtüşme sınırını ve çizim hassasiyetini kontrol edip insan kararını kaydedin.",
P3,image-0009-instance-029,9,20260729_095156.jpg,29,4,0.00332294,UNVERIFIED_HUMAN_ANNOTATION,"Bu insan çizimi polygon, görünür ön yüz kurallarına göre henüz doğrulanmadı.","Ön yüz kapsamını, yan yüzlerin dışarıda kalmasını, gölge/örtüşme sınırını ve çizim hassasiyetini kontrol edip insan kararını kaydedin.",
P3,image-0009-instance-030,9,20260729_095156.jpg,30,4,0.00333539,UNVERIFIED_HUMAN_ANNOTATION,"Bu insan çizimi polygon, görünür ön yüz kurallarına göre henüz doğrulanmadı.","Ön yüz kapsamını, yan yüzlerin dışarıda kalmasını, gölge/örtüşme sınırını ve çizim hassasiyetini kontrol edip insan kararını kaydedin.",
P3,image-0009-instance-031,9,20260729_095156.jpg,31,4,0.00371835,UNVERIFIED_HUMAN_ANNOTATION,"Bu insan çizimi polygon, görünür ön yüz kurallarına göre henüz doğrulanmadı.","Ön yüz kapsamını, yan yüzlerin dışarıda kalmasını, gölge/örtüşme sınırını ve çizim hassasiyetini kontrol edip insan kararını kaydedin.",
P3,image-0009-instance-032,9,20260729_095156.jpg,32,4,0.00335651,UNVERIFIED_HUMAN_ANNOTATION,"Bu insan çizimi polygon, görünür ön yüz kurallarına göre henüz doğrulanmadı.","Ön yüz kapsamını, yan yüzlerin dışarıda kalmasını, gölge/örtüşme sınırını ve çizim hassasiyetini kontrol edip insan kararını kaydedin.",
P3,image-0010-instance-001,10,20260729_095337(0).jpg,1,4,0.09720794,UNVERIFIED_HUMAN_ANNOTATION,"Bu insan çizimi polygon, görünür ön yüz kurallarına göre henüz doğrulanmadı.","Ön yüz kapsamını, yan yüzlerin dışarıda kalmasını, gölge/örtüşme sınırını ve çizim hassasiyetini kontrol edip insan kararını kaydedin.",
P3,image-0010-instance-002,10,20260729_095337(0).jpg,2,4,0.09721175,UNVERIFIED_HUMAN_ANNOTATION,"Bu insan çizimi polygon, görünür ön yüz kurallarına göre henüz doğrulanmadı.","Ön yüz kapsamını, yan yüzlerin dışarıda kalmasını, gölge/örtüşme sınırını ve çizim hassasiyetini kontrol edip insan kararını kaydedin.",
P3,image-0010-instance-003,10,20260729_095337(0).jpg,3,4,0.02963309,UNVERIFIED_HUMAN_ANNOTATION,"Bu insan çizimi polygon, görünür ön yüz kurallarına göre henüz doğrulanmadı.","Ön yüz kapsamını, yan yüzlerin dışarıda kalmasını, gölge/örtüşme sınırını ve çizim hassasiyetini kontrol edip insan kararını kaydedin.",
P3,image-0010-instance-004,10,20260729_095337(0).jpg,4,4,0.09648957,UNVERIFIED_HUMAN_ANNOTATION,"Bu insan çizimi polygon, görünür ön yüz kurallarına göre henüz doğrulanmadı.","Ön yüz kapsamını, yan yüzlerin dışarıda kalmasını, gölge/örtüşme sınırını ve çizim hassasiyetini kontrol edip insan kararını kaydedin.",
P2,image-0010-instance-005,10,20260729_095337(0).jpg,5,5,0.04712654,FRAME_BOUNDARY_TRUNCATION_REVIEW|MULTISIDED_VISIBLE_REGION_REVIEW|UNVERIFIED_HUMAN_ANNOTATION,Şekil veya görüntü sınırında kesilme fiziksel olarak yorumlanmalı; köşe sayısı tek başına hata değildir.,"Polygonun yalnızca görünen ön yüzü izlediğini, örtücü nesnede/görüntü kenarında durduğunu ve gizli geometri uydurmadığını doğrulayın.",
P3,image-0010-instance-006,10,20260729_095337(0).jpg,6,4,0.10005779,UNVERIFIED_HUMAN_ANNOTATION,"Bu insan çizimi polygon, görünür ön yüz kurallarına göre henüz doğrulanmadı.","Ön yüz kapsamını, yan yüzlerin dışarıda kalmasını, gölge/örtüşme sınırını ve çizim hassasiyetini kontrol edip insan kararını kaydedin.",
P1,image-0011-instance-001,11,20260729_095501.jpg,1,4,0.00032968,UNVERIFIED_HUMAN_ANNOTATION|VERY_SMALL_MASK_REVIEW,Maske alışılmadık derecede küçük; geçerli bir aşırı örtüşme veya yanlışlıkla çizilmiş bir parça olabilir.,Fiziksel olarak tanımlanabilir bir ön yüz bölgesi olup olmadığına karar verin. Güvenilir değilse BELİRSİZ veya GEÇERSİZ seçin.,
P3,image-0011-instance-002,11,20260729_095501.jpg,2,4,0.00065045,UNVERIFIED_HUMAN_ANNOTATION,"Bu insan çizimi polygon, görünür ön yüz kurallarına göre henüz doğrulanmadı.","Ön yüz kapsamını, yan yüzlerin dışarıda kalmasını, gölge/örtüşme sınırını ve çizim hassasiyetini kontrol edip insan kararını kaydedin.",
P3,image-0011-instance-003,11,20260729_095501.jpg,3,4,0.00068030,UNVERIFIED_HUMAN_ANNOTATION,"Bu insan çizimi polygon, görünür ön yüz kurallarına göre henüz doğrulanmadı.","Ön yüz kapsamını, yan yüzlerin dışarıda kalmasını, gölge/örtüşme sınırını ve çizim hassasiyetini kontrol edip insan kararını kaydedin.",
P3,image-0011-instance-004,11,20260729_095501.jpg,4,4,0.00062858,UNVERIFIED_HUMAN_ANNOTATION,"Bu insan çizimi polygon, görünür ön yüz kurallarına göre henüz doğrulanmadı.","Ön yüz kapsamını, yan yüzlerin dışarıda kalmasını, gölge/örtüşme sınırını ve çizim hassasiyetini kontrol edip insan kararını kaydedin.",
P3,image-0011-instance-005,11,20260729_095501.jpg,5,4,0.00066011,UNVERIFIED_HUMAN_ANNOTATION,"Bu insan çizimi polygon, görünür ön yüz kurallarına göre henüz doğrulanmadı.","Ön yüz kapsamını, yan yüzlerin dışarıda kalmasını, gölge/örtüşme sınırını ve çizim hassasiyetini kontrol edip insan kararını kaydedin.",
P2,image-0011-instance-006,11,20260729_095501.jpg,6,5,0.00056319,CONCAVE_VISIBLE_REGION_REVIEW|MULTISIDED_VISIBLE_REGION_REVIEW|UNVERIFIED_HUMAN_ANNOTATION,Şekil veya görüntü sınırında kesilme fiziksel olarak yorumlanmalı; köşe sayısı tek başına hata değildir.,"Polygonun yalnızca görünen ön yüzü izlediğini, örtücü nesnede/görüntü kenarında durduğunu ve gizli geometri uydurmadığını doğrulayın.",
P3,image-0011-instance-007,11,20260729_095501.jpg,7,4,0.00069239,UNVERIFIED_HUMAN_ANNOTATION,"Bu insan çizimi polygon, görünür ön yüz kurallarına göre henüz doğrulanmadı.","Ön yüz kapsamını, yan yüzlerin dışarıda kalmasını, gölge/örtüşme sınırını ve çizim hassasiyetini kontrol edip insan kararını kaydedin.",
P3,image-0011-instance-008,11,20260729_095501.jpg,8,4,0.00074585,UNVERIFIED_HUMAN_ANNOTATION,"Bu insan çizimi polygon, görünür ön yüz kurallarına göre henüz doğrulanmadı.","Ön yüz kapsamını, yan yüzlerin dışarıda kalmasını, gölge/örtüşme sınırını ve çizim hassasiyetini kontrol edip insan kararını kaydedin.",
P3,image-0011-instance-009,11,20260729_095501.jpg,9,4,0.00066972,UNVERIFIED_HUMAN_ANNOTATION,"Bu insan çizimi polygon, görünür ön yüz kurallarına göre henüz doğrulanmadı.","Ön yüz kapsamını, yan yüzlerin dışarıda kalmasını, gölge/örtüşme sınırını ve çizim hassasiyetini kontrol edip insan kararını kaydedin.",
P3,image-0011-instance-010,11,20260729_095501.jpg,10,4,0.00066553,UNVERIFIED_HUMAN_ANNOTATION,"Bu insan çizimi polygon, görünür ön yüz kurallarına göre henüz doğrulanmadı.","Ön yüz kapsamını, yan yüzlerin dışarıda kalmasını, gölge/örtüşme sınırını ve çizim hassasiyetini kontrol edip insan kararını kaydedin.",
P3,image-0011-instance-011,11,20260729_095501.jpg,11,4,0.00065521,UNVERIFIED_HUMAN_ANNOTATION,"Bu insan çizimi polygon, görünür ön yüz kurallarına göre henüz doğrulanmadı.","Ön yüz kapsamını, yan yüzlerin dışarıda kalmasını, gölge/örtüşme sınırını ve çizim hassasiyetini kontrol edip insan kararını kaydedin.",
P3,image-0011-instance-012,11,20260729_095501.jpg,12,4,0.00069509,UNVERIFIED_HUMAN_ANNOTATION,"Bu insan çizimi polygon, görünür ön yüz kurallarına göre henüz doğrulanmadı.","Ön yüz kapsamını, yan yüzlerin dışarıda kalmasını, gölge/örtüşme sınırını ve çizim hassasiyetini kontrol edip insan kararını kaydedin.",
P3,image-0011-instance-013,11,20260729_095501.jpg,13,4,0.00063867,UNVERIFIED_HUMAN_ANNOTATION,"Bu insan çizimi polygon, görünür ön yüz kurallarına göre henüz doğrulanmadı.","Ön yüz kapsamını, yan yüzlerin dışarıda kalmasını, gölge/örtüşme sınırını ve çizim hassasiyetini kontrol edip insan kararını kaydedin.",
P3,image-0011-instance-014,11,20260729_095501.jpg,14,4,0.00073027,UNVERIFIED_HUMAN_ANNOTATION,"Bu insan çizimi polygon, görünür ön yüz kurallarına göre henüz doğrulanmadı.","Ön yüz kapsamını, yan yüzlerin dışarıda kalmasını, gölge/örtüşme sınırını ve çizim hassasiyetini kontrol edip insan kararını kaydedin.",
P3,image-0011-instance-015,11,20260729_095501.jpg,15,4,0.00071459,UNVERIFIED_HUMAN_ANNOTATION,"Bu insan çizimi polygon, görünür ön yüz kurallarına göre henüz doğrulanmadı.","Ön yüz kapsamını, yan yüzlerin dışarıda kalmasını, gölge/örtüşme sınırını ve çizim hassasiyetini kontrol edip insan kararını kaydedin.",
P3,image-0011-instance-016,11,20260729_095501.jpg,16,4,0.00072123,UNVERIFIED_HUMAN_ANNOTATION,"Bu insan çizimi polygon, görünür ön yüz kurallarına göre henüz doğrulanmadı.","Ön yüz kapsamını, yan yüzlerin dışarıda kalmasını, gölge/örtüşme sınırını ve çizim hassasiyetini kontrol edip insan kararını kaydedin.",
P3,image-0011-instance-017,11,20260729_095501.jpg,17,4,0.00072809,UNVERIFIED_HUMAN_ANNOTATION,"Bu insan çizimi polygon, görünür ön yüz kurallarına göre henüz doğrulanmadı.","Ön yüz kapsamını, yan yüzlerin dışarıda kalmasını, gölge/örtüşme sınırını ve çizim hassasiyetini kontrol edip insan kararını kaydedin.",
P3,image-0011-instance-018,11,20260729_095501.jpg,18,4,0.00070396,UNVERIFIED_HUMAN_ANNOTATION,"Bu insan çizimi polygon, görünür ön yüz kurallarına göre henüz doğrulanmadı.","Ön yüz kapsamını, yan yüzlerin dışarıda kalmasını, gölge/örtüşme sınırını ve çizim hassasiyetini kontrol edip insan kararını kaydedin.",
P3,image-0011-instance-019,11,20260729_095501.jpg,19,4,0.00074867,UNVERIFIED_HUMAN_ANNOTATION,"Bu insan çizimi polygon, görünür ön yüz kurallarına göre henüz doğrulanmadı.","Ön yüz kapsamını, yan yüzlerin dışarıda kalmasını, gölge/örtüşme sınırını ve çizim hassasiyetini kontrol edip insan kararını kaydedin.",
P3,image-0011-instance-020,11,20260729_095501.jpg,20,4,0.00062488,UNVERIFIED_HUMAN_ANNOTATION,"Bu insan çizimi polygon, görünür ön yüz kurallarına göre henüz doğrulanmadı.","Ön yüz kapsamını, yan yüzlerin dışarıda kalmasını, gölge/örtüşme sınırını ve çizim hassasiyetini kontrol edip insan kararını kaydedin.",
P3,image-0011-instance-021,11,20260729_095501.jpg,21,4,0.00069540,UNVERIFIED_HUMAN_ANNOTATION,"Bu insan çizimi polygon, görünür ön yüz kurallarına göre henüz doğrulanmadı.","Ön yüz kapsamını, yan yüzlerin dışarıda kalmasını, gölge/örtüşme sınırını ve çizim hassasiyetini kontrol edip insan kararını kaydedin.",
P3,image-0011-instance-022,11,20260729_095501.jpg,22,4,0.00066167,UNVERIFIED_HUMAN_ANNOTATION,"Bu insan çizimi polygon, görünür ön yüz kurallarına göre henüz doğrulanmadı.","Ön yüz kapsamını, yan yüzlerin dışarıda kalmasını, gölge/örtüşme sınırını ve çizim hassasiyetini kontrol edip insan kararını kaydedin.",
P3,image-0011-instance-023,11,20260729_095501.jpg,23,4,0.00068092,UNVERIFIED_HUMAN_ANNOTATION,"Bu insan çizimi polygon, görünür ön yüz kurallarına göre henüz doğrulanmadı.","Ön yüz kapsamını, yan yüzlerin dışarıda kalmasını, gölge/örtüşme sınırını ve çizim hassasiyetini kontrol edip insan kararını kaydedin.",
P3,image-0011-instance-024,11,20260729_095501.jpg,24,4,0.00069349,UNVERIFIED_HUMAN_ANNOTATION,"Bu insan çizimi polygon, görünür ön yüz kurallarına göre henüz doğrulanmadı.","Ön yüz kapsamını, yan yüzlerin dışarıda kalmasını, gölge/örtüşme sınırını ve çizim hassasiyetini kontrol edip insan kararını kaydedin.",
P1,image-0011-instance-025,11,20260729_095501.jpg,25,4,0.00028933,UNVERIFIED_HUMAN_ANNOTATION|VERY_SMALL_MASK_REVIEW,Maske alışılmadık derecede küçük; geçerli bir aşırı örtüşme veya yanlışlıkla çizilmiş bir parça olabilir.,Fiziksel olarak tanımlanabilir bir ön yüz bölgesi olup olmadığına karar verin. Güvenilir değilse BELİRSİZ veya GEÇERSİZ seçin.,
P1,image-0011-instance-026,11,20260729_095501.jpg,26,4,0.00029962,UNVERIFIED_HUMAN_ANNOTATION|VERY_SMALL_MASK_REVIEW,Maske alışılmadık derecede küçük; geçerli bir aşırı örtüşme veya yanlışlıkla çizilmiş bir parça olabilir.,Fiziksel olarak tanımlanabilir bir ön yüz bölgesi olup olmadığına karar verin. Güvenilir değilse BELİRSİZ veya GEÇERSİZ seçin.,
P1,image-0011-instance-027,11,20260729_095501.jpg,27,4,0.00027781,UNVERIFIED_HUMAN_ANNOTATION|VERY_SMALL_MASK_REVIEW,Maske alışılmadık derecede küçük; geçerli bir aşırı örtüşme veya yanlışlıkla çizilmiş bir parça olabilir.,Fiziksel olarak tanımlanabilir bir ön yüz bölgesi olup olmadığına karar verin. Güvenilir değilse BELİRSİZ veya GEÇERSİZ seçin.,
P1,image-0011-instance-028,11,20260729_095501.jpg,28,4,0.00026522,UNVERIFIED_HUMAN_ANNOTATION|VERY_SMALL_MASK_REVIEW,Maske alışılmadık derecede küçük; geçerli bir aşırı örtüşme veya yanlışlıkla çizilmiş bir parça olabilir.,Fiziksel olarak tanımlanabilir bir ön yüz bölgesi olup olmadığına karar verin. Güvenilir değilse BELİRSİZ veya GEÇERSİZ seçin.,
P1,image-0011-instance-029,11,20260729_095501.jpg,29,4,0.00030028,UNVERIFIED_HUMAN_ANNOTATION|VERY_SMALL_MASK_REVIEW,Maske alışılmadık derecede küçük; geçerli bir aşırı örtüşme veya yanlışlıkla çizilmiş bir parça olabilir.,Fiziksel olarak tanımlanabilir bir ön yüz bölgesi olup olmadığına karar verin. Güvenilir değilse BELİRSİZ veya GEÇERSİZ seçin.,
P1,image-0011-instance-030,11,20260729_095501.jpg,30,6,0.00028774,CONCAVE_VISIBLE_REGION_REVIEW|MULTISIDED_VISIBLE_REGION_REVIEW|UNVERIFIED_HUMAN_ANNOTATION|VERY_SMALL_MASK_REVIEW,Maske alışılmadık derecede küçük; geçerli bir aşırı örtüşme veya yanlışlıkla çizilmiş bir parça olabilir.,Fiziksel olarak tanımlanabilir bir ön yüz bölgesi olup olmadığına karar verin. Güvenilir değilse BELİRSİZ veya GEÇERSİZ seçin.,
P1,image-0011-instance-031,11,20260729_095501.jpg,31,4,0.00023341,UNVERIFIED_HUMAN_ANNOTATION|VERY_SMALL_MASK_REVIEW,Maske alışılmadık derecede küçük; geçerli bir aşırı örtüşme veya yanlışlıkla çizilmiş bir parça olabilir.,Fiziksel olarak tanımlanabilir bir ön yüz bölgesi olup olmadığına karar verin. Güvenilir değilse BELİRSİZ veya GEÇERSİZ seçin.,
P1,image-0011-instance-032,11,20260729_095501.jpg,32,4,0.00027358,UNVERIFIED_HUMAN_ANNOTATION|VERY_SMALL_MASK_REVIEW,Maske alışılmadık derecede küçük; geçerli bir aşırı örtüşme veya yanlışlıkla çizilmiş bir parça olabilir.,Fiziksel olarak tanımlanabilir bir ön yüz bölgesi olup olmadığına karar verin. Güvenilir değilse BELİRSİZ veya GEÇERSİZ seçin.,
P1,image-0011-instance-033,11,20260729_095501.jpg,33,4,0.00028902,UNVERIFIED_HUMAN_ANNOTATION|VERY_SMALL_MASK_REVIEW,Maske alışılmadık derecede küçük; geçerli bir aşırı örtüşme veya yanlışlıkla çizilmiş bir parça olabilir.,Fiziksel olarak tanımlanabilir bir ön yüz bölgesi olup olmadığına karar verin. Güvenilir değilse BELİRSİZ veya GEÇERSİZ seçin.,
P1,image-0011-instance-034,11,20260729_095501.jpg,34,6,0.00029645,CONCAVE_VISIBLE_REGION_REVIEW|MULTISIDED_VISIBLE_REGION_REVIEW|UNVERIFIED_HUMAN_ANNOTATION|VERY_SMALL_MASK_REVIEW,Maske alışılmadık derecede küçük; geçerli bir aşırı örtüşme veya yanlışlıkla çizilmiş bir parça olabilir.,Fiziksel olarak tanımlanabilir bir ön yüz bölgesi olup olmadığına karar verin. Güvenilir değilse BELİRSİZ veya GEÇERSİZ seçin.,
P1,image-0011-instance-035,11,20260729_095501.jpg,35,4,0.00029830,UNVERIFIED_HUMAN_ANNOTATION|VERY_SMALL_MASK_REVIEW,Maske alışılmadık derecede küçük; geçerli bir aşırı örtüşme veya yanlışlıkla çizilmiş bir parça olabilir.,Fiziksel olarak tanımlanabilir bir ön yüz bölgesi olup olmadığına karar verin. Güvenilir değilse BELİRSİZ veya GEÇERSİZ seçin.,
P1,image-0011-instance-036,11,20260729_095501.jpg,36,4,0.00034392,UNVERIFIED_HUMAN_ANNOTATION|VERY_SMALL_MASK_REVIEW,Maske alışılmadık derecede küçük; geçerli bir aşırı örtüşme veya yanlışlıkla çizilmiş bir parça olabilir.,Fiziksel olarak tanımlanabilir bir ön yüz bölgesi olup olmadığına karar verin. Güvenilir değilse BELİRSİZ veya GEÇERSİZ seçin.,
P1,image-0011-instance-037,11,20260729_095501.jpg,37,6,0.00039182,CONCAVE_VISIBLE_REGION_REVIEW|MULTISIDED_VISIBLE_REGION_REVIEW|UNVERIFIED_HUMAN_ANNOTATION|VERY_SMALL_MASK_REVIEW,Maske alışılmadık derecede küçük; geçerli bir aşırı örtüşme veya yanlışlıkla çizilmiş bir parça olabilir.,Fiziksel olarak tanımlanabilir bir ön yüz bölgesi olup olmadığına karar verin. Güvenilir değilse BELİRSİZ veya GEÇERSİZ seçin.,
P3,image-0011-instance-038,11,20260729_095501.jpg,38,4,0.00065143,UNVERIFIED_HUMAN_ANNOTATION,"Bu insan çizimi polygon, görünür ön yüz kurallarına göre henüz doğrulanmadı.","Ön yüz kapsamını, yan yüzlerin dışarıda kalmasını, gölge/örtüşme sınırını ve çizim hassasiyetini kontrol edip insan kararını kaydedin.",
P3,image-0011-instance-039,11,20260729_095501.jpg,39,4,0.00064398,UNVERIFIED_HUMAN_ANNOTATION,"Bu insan çizimi polygon, görünür ön yüz kurallarına göre henüz doğrulanmadı.","Ön yüz kapsamını, yan yüzlerin dışarıda kalmasını, gölge/örtüşme sınırını ve çizim hassasiyetini kontrol edip insan kararını kaydedin.",
P3,image-0011-instance-040,11,20260729_095501.jpg,40,4,0.00059129,UNVERIFIED_HUMAN_ANNOTATION,"Bu insan çizimi polygon, görünür ön yüz kurallarına göre henüz doğrulanmadı.","Ön yüz kapsamını, yan yüzlerin dışarıda kalmasını, gölge/örtüşme sınırını ve çizim hassasiyetini kontrol edip insan kararını kaydedin.",
P3,image-0011-instance-041,11,20260729_095501.jpg,41,4,0.00065817,UNVERIFIED_HUMAN_ANNOTATION,"Bu insan çizimi polygon, görünür ön yüz kurallarına göre henüz doğrulanmadı.","Ön yüz kapsamını, yan yüzlerin dışarıda kalmasını, gölge/örtüşme sınırını ve çizim hassasiyetini kontrol edip insan kararını kaydedin.",
P3,image-0011-instance-042,11,20260729_095501.jpg,42,4,0.00069351,UNVERIFIED_HUMAN_ANNOTATION,"Bu insan çizimi polygon, görünür ön yüz kurallarına göre henüz doğrulanmadı.","Ön yüz kapsamını, yan yüzlerin dışarıda kalmasını, gölge/örtüşme sınırını ve çizim hassasiyetini kontrol edip insan kararını kaydedin.",
P3,image-0011-instance-043,11,20260729_095501.jpg,43,4,0.00067244,UNVERIFIED_HUMAN_ANNOTATION,"Bu insan çizimi polygon, görünür ön yüz kurallarına göre henüz doğrulanmadı.","Ön yüz kapsamını, yan yüzlerin dışarıda kalmasını, gölge/örtüşme sınırını ve çizim hassasiyetini kontrol edip insan kararını kaydedin.",
P3,image-0011-instance-044,11,20260729_095501.jpg,44,4,0.00065153,UNVERIFIED_HUMAN_ANNOTATION,"Bu insan çizimi polygon, görünür ön yüz kurallarına göre henüz doğrulanmadı.","Ön yüz kapsamını, yan yüzlerin dışarıda kalmasını, gölge/örtüşme sınırını ve çizim hassasiyetini kontrol edip insan kararını kaydedin.",
P3,image-0011-instance-045,11,20260729_095501.jpg,45,4,0.00063192,UNVERIFIED_HUMAN_ANNOTATION,"Bu insan çizimi polygon, görünür ön yüz kurallarına göre henüz doğrulanmadı.","Ön yüz kapsamını, yan yüzlerin dışarıda kalmasını, gölge/örtüşme sınırını ve çizim hassasiyetini kontrol edip insan kararını kaydedin.",
P3,image-0011-instance-046,11,20260729_095501.jpg,46,4,0.00069590,UNVERIFIED_HUMAN_ANNOTATION,"Bu insan çizimi polygon, görünür ön yüz kurallarına göre henüz doğrulanmadı.","Ön yüz kapsamını, yan yüzlerin dışarıda kalmasını, gölge/örtüşme sınırını ve çizim hassasiyetini kontrol edip insan kararını kaydedin.",
P3,image-0011-instance-047,11,20260729_095501.jpg,47,4,0.00068392,UNVERIFIED_HUMAN_ANNOTATION,"Bu insan çizimi polygon, görünür ön yüz kurallarına göre henüz doğrulanmadı.","Ön yüz kapsamını, yan yüzlerin dışarıda kalmasını, gölge/örtüşme sınırını ve çizim hassasiyetini kontrol edip insan kararını kaydedin.",
P3,image-0011-instance-048,11,20260729_095501.jpg,48,4,0.00064527,UNVERIFIED_HUMAN_ANNOTATION,"Bu insan çizimi polygon, görünür ön yüz kurallarına göre henüz doğrulanmadı.","Ön yüz kapsamını, yan yüzlerin dışarıda kalmasını, gölge/örtüşme sınırını ve çizim hassasiyetini kontrol edip insan kararını kaydedin.",
P3,image-0011-instance-049,11,20260729_095501.jpg,49,4,0.00068800,UNVERIFIED_HUMAN_ANNOTATION,"Bu insan çizimi polygon, görünür ön yüz kurallarına göre henüz doğrulanmadı.","Ön yüz kapsamını, yan yüzlerin dışarıda kalmasını, gölge/örtüşme sınırını ve çizim hassasiyetini kontrol edip insan kararını kaydedin.",
P3,image-0011-instance-050,11,20260729_095501.jpg,50,4,0.00064404,UNVERIFIED_HUMAN_ANNOTATION,"Bu insan çizimi polygon, görünür ön yüz kurallarına göre henüz doğrulanmadı.","Ön yüz kapsamını, yan yüzlerin dışarıda kalmasını, gölge/örtüşme sınırını ve çizim hassasiyetini kontrol edip insan kararını kaydedin.",
P3,image-0011-instance-051,11,20260729_095501.jpg,51,4,0.00079212,UNVERIFIED_HUMAN_ANNOTATION,"Bu insan çizimi polygon, görünür ön yüz kurallarına göre henüz doğrulanmadı.","Ön yüz kapsamını, yan yüzlerin dışarıda kalmasını, gölge/örtüşme sınırını ve çizim hassasiyetini kontrol edip insan kararını kaydedin.",
P3,image-0011-instance-052,11,20260729_095501.jpg,52,4,0.00072988,UNVERIFIED_HUMAN_ANNOTATION,"Bu insan çizimi polygon, görünür ön yüz kurallarına göre henüz doğrulanmadı.","Ön yüz kapsamını, yan yüzlerin dışarıda kalmasını, gölge/örtüşme sınırını ve çizim hassasiyetini kontrol edip insan kararını kaydedin.",
P3,image-0011-instance-053,11,20260729_095501.jpg,53,4,0.00073436,UNVERIFIED_HUMAN_ANNOTATION,"Bu insan çizimi polygon, görünür ön yüz kurallarına göre henüz doğrulanmadı.","Ön yüz kapsamını, yan yüzlerin dışarıda kalmasını, gölge/örtüşme sınırını ve çizim hassasiyetini kontrol edip insan kararını kaydedin.",
P3,image-0011-instance-054,11,20260729_095501.jpg,54,4,0.00072971,UNVERIFIED_HUMAN_ANNOTATION,"Bu insan çizimi polygon, görünür ön yüz kurallarına göre henüz doğrulanmadı.","Ön yüz kapsamını, yan yüzlerin dışarıda kalmasını, gölge/örtüşme sınırını ve çizim hassasiyetini kontrol edip insan kararını kaydedin.",
P3,image-0012-instance-001,12,20260729_095507.jpg,1,4,0.00128492,UNVERIFIED_HUMAN_ANNOTATION,"Bu insan çizimi polygon, görünür ön yüz kurallarına göre henüz doğrulanmadı.","Ön yüz kapsamını, yan yüzlerin dışarıda kalmasını, gölge/örtüşme sınırını ve çizim hassasiyetini kontrol edip insan kararını kaydedin.",
P2,image-0012-instance-002,12,20260729_095507.jpg,2,4,0.00232758,FRAME_BOUNDARY_TRUNCATION_REVIEW|UNVERIFIED_HUMAN_ANNOTATION,Şekil veya görüntü sınırında kesilme fiziksel olarak yorumlanmalı; köşe sayısı tek başına hata değildir.,"Polygonun yalnızca görünen ön yüzü izlediğini, örtücü nesnede/görüntü kenarında durduğunu ve gizli geometri uydurmadığını doğrulayın.",
P3,image-0012-instance-003,12,20260729_095507.jpg,3,4,0.00337321,UNVERIFIED_HUMAN_ANNOTATION,"Bu insan çizimi polygon, görünür ön yüz kurallarına göre henüz doğrulanmadı.","Ön yüz kapsamını, yan yüzlerin dışarıda kalmasını, gölge/örtüşme sınırını ve çizim hassasiyetini kontrol edip insan kararını kaydedin.",
P3,image-0012-instance-004,12,20260729_095507.jpg,4,4,0.00448285,UNVERIFIED_HUMAN_ANNOTATION,"Bu insan çizimi polygon, görünür ön yüz kurallarına göre henüz doğrulanmadı.","Ön yüz kapsamını, yan yüzlerin dışarıda kalmasını, gölge/örtüşme sınırını ve çizim hassasiyetini kontrol edip insan kararını kaydedin.",
P3,image-0012-instance-005,12,20260729_095507.jpg,5,4,0.00477687,UNVERIFIED_HUMAN_ANNOTATION,"Bu insan çizimi polygon, görünür ön yüz kurallarına göre henüz doğrulanmadı.","Ön yüz kapsamını, yan yüzlerin dışarıda kalmasını, gölge/örtüşme sınırını ve çizim hassasiyetini kontrol edip insan kararını kaydedin.",
P3,image-0012-instance-006,12,20260729_095507.jpg,6,4,0.00106402,UNVERIFIED_HUMAN_ANNOTATION,"Bu insan çizimi polygon, görünür ön yüz kurallarına göre henüz doğrulanmadı.","Ön yüz kapsamını, yan yüzlerin dışarıda kalmasını, gölge/örtüşme sınırını ve çizim hassasiyetini kontrol edip insan kararını kaydedin.",
P3,image-0012-instance-007,12,20260729_095507.jpg,7,4,0.00112171,UNVERIFIED_HUMAN_ANNOTATION,"Bu insan çizimi polygon, görünür ön yüz kurallarına göre henüz doğrulanmadı.","Ön yüz kapsamını, yan yüzlerin dışarıda kalmasını, gölge/örtüşme sınırını ve çizim hassasiyetini kontrol edip insan kararını kaydedin.",
P3,image-0012-instance-008,12,20260729_095507.jpg,8,4,0.00119927,UNVERIFIED_HUMAN_ANNOTATION,"Bu insan çizimi polygon, görünür ön yüz kurallarına göre henüz doğrulanmadı.","Ön yüz kapsamını, yan yüzlerin dışarıda kalmasını, gölge/örtüşme sınırını ve çizim hassasiyetini kontrol edip insan kararını kaydedin.",
P3,image-0012-instance-009,12,20260729_095507.jpg,9,4,0.00107864,UNVERIFIED_HUMAN_ANNOTATION,"Bu insan çizimi polygon, görünür ön yüz kurallarına göre henüz doğrulanmadı.","Ön yüz kapsamını, yan yüzlerin dışarıda kalmasını, gölge/örtüşme sınırını ve çizim hassasiyetini kontrol edip insan kararını kaydedin.",
P3,image-0012-instance-010,12,20260729_095507.jpg,10,4,0.00127107,UNVERIFIED_HUMAN_ANNOTATION,"Bu insan çizimi polygon, görünür ön yüz kurallarına göre henüz doğrulanmadı.","Ön yüz kapsamını, yan yüzlerin dışarıda kalmasını, gölge/örtüşme sınırını ve çizim hassasiyetini kontrol edip insan kararını kaydedin.",
P3,image-0012-instance-011,12,20260729_095507.jpg,11,4,0.00129213,UNVERIFIED_HUMAN_ANNOTATION,"Bu insan çizimi polygon, görünür ön yüz kurallarına göre henüz doğrulanmadı.","Ön yüz kapsamını, yan yüzlerin dışarıda kalmasını, gölge/örtüşme sınırını ve çizim hassasiyetini kontrol edip insan kararını kaydedin.",
P3,image-0012-instance-012,12,20260729_095507.jpg,12,4,0.00124755,UNVERIFIED_HUMAN_ANNOTATION,"Bu insan çizimi polygon, görünür ön yüz kurallarına göre henüz doğrulanmadı.","Ön yüz kapsamını, yan yüzlerin dışarıda kalmasını, gölge/örtüşme sınırını ve çizim hassasiyetini kontrol edip insan kararını kaydedin.",
P3,image-0012-instance-013,12,20260729_095507.jpg,13,4,0.00123373,UNVERIFIED_HUMAN_ANNOTATION,"Bu insan çizimi polygon, görünür ön yüz kurallarına göre henüz doğrulanmadı.","Ön yüz kapsamını, yan yüzlerin dışarıda kalmasını, gölge/örtüşme sınırını ve çizim hassasiyetini kontrol edip insan kararını kaydedin.",
P3,image-0012-instance-014,12,20260729_095507.jpg,14,4,0.00121892,UNVERIFIED_HUMAN_ANNOTATION,"Bu insan çizimi polygon, görünür ön yüz kurallarına göre henüz doğrulanmadı.","Ön yüz kapsamını, yan yüzlerin dışarıda kalmasını, gölge/örtüşme sınırını ve çizim hassasiyetini kontrol edip insan kararını kaydedin.",
P3,image-0012-instance-015,12,20260729_095507.jpg,15,4,0.00125329,UNVERIFIED_HUMAN_ANNOTATION,"Bu insan çizimi polygon, görünür ön yüz kurallarına göre henüz doğrulanmadı.","Ön yüz kapsamını, yan yüzlerin dışarıda kalmasını, gölge/örtüşme sınırını ve çizim hassasiyetini kontrol edip insan kararını kaydedin.",
P3,image-0012-instance-016,12,20260729_095507.jpg,16,4,0.00128646,UNVERIFIED_HUMAN_ANNOTATION,"Bu insan çizimi polygon, görünür ön yüz kurallarına göre henüz doğrulanmadı.","Ön yüz kapsamını, yan yüzlerin dışarıda kalmasını, gölge/örtüşme sınırını ve çizim hassasiyetini kontrol edip insan kararını kaydedin.",
P3,image-0012-instance-017,12,20260729_095507.jpg,17,4,0.00131128,UNVERIFIED_HUMAN_ANNOTATION,"Bu insan çizimi polygon, görünür ön yüz kurallarına göre henüz doğrulanmadı.","Ön yüz kapsamını, yan yüzlerin dışarıda kalmasını, gölge/örtüşme sınırını ve çizim hassasiyetini kontrol edip insan kararını kaydedin.",
P3,image-0012-instance-018,12,20260729_095507.jpg,18,4,0.00137430,UNVERIFIED_HUMAN_ANNOTATION,"Bu insan çizimi polygon, görünür ön yüz kurallarına göre henüz doğrulanmadı.","Ön yüz kapsamını, yan yüzlerin dışarıda kalmasını, gölge/örtüşme sınırını ve çizim hassasiyetini kontrol edip insan kararını kaydedin.",
P2,image-0012-instance-019,12,20260729_095507.jpg,19,5,0.00408056,FRAME_BOUNDARY_TRUNCATION_REVIEW|MULTISIDED_VISIBLE_REGION_REVIEW|UNVERIFIED_HUMAN_ANNOTATION,Şekil veya görüntü sınırında kesilme fiziksel olarak yorumlanmalı; köşe sayısı tek başına hata değildir.,"Polygonun yalnızca görünen ön yüzü izlediğini, örtücü nesnede/görüntü kenarında durduğunu ve gizli geometri uydurmadığını doğrulayın.",
P3,image-0012-instance-020,12,20260729_095507.jpg,20,4,0.00410116,UNVERIFIED_HUMAN_ANNOTATION,"Bu insan çizimi polygon, görünür ön yüz kurallarına göre henüz doğrulanmadı.","Ön yüz kapsamını, yan yüzlerin dışarıda kalmasını, gölge/örtüşme sınırını ve çizim hassasiyetini kontrol edip insan kararını kaydedin.",
P3,image-0012-instance-021,12,20260729_095507.jpg,21,4,0.00442843,UNVERIFIED_HUMAN_ANNOTATION,"Bu insan çizimi polygon, görünür ön yüz kurallarına göre henüz doğrulanmadı.","Ön yüz kapsamını, yan yüzlerin dışarıda kalmasını, gölge/örtüşme sınırını ve çizim hassasiyetini kontrol edip insan kararını kaydedin.",
P2,image-0012-instance-022,12,20260729_095507.jpg,22,6,0.00321514,CONCAVE_VISIBLE_REGION_REVIEW|MULTISIDED_VISIBLE_REGION_REVIEW|UNVERIFIED_HUMAN_ANNOTATION,Şekil veya görüntü sınırında kesilme fiziksel olarak yorumlanmalı; köşe sayısı tek başına hata değildir.,"Polygonun yalnızca görünen ön yüzü izlediğini, örtücü nesnede/görüntü kenarında durduğunu ve gizli geometri uydurmadığını doğrulayın.",
P3,image-0012-instance-023,12,20260729_095507.jpg,23,4,0.00367848,UNVERIFIED_HUMAN_ANNOTATION,"Bu insan çizimi polygon, görünür ön yüz kurallarına göre henüz doğrulanmadı.","Ön yüz kapsamını, yan yüzlerin dışarıda kalmasını, gölge/örtüşme sınırını ve çizim hassasiyetini kontrol edip insan kararını kaydedin.",
P3,image-0012-instance-024,12,20260729_095507.jpg,24,4,0.00373637,UNVERIFIED_HUMAN_ANNOTATION,"Bu insan çizimi polygon, görünür ön yüz kurallarına göre henüz doğrulanmadı.","Ön yüz kapsamını, yan yüzlerin dışarıda kalmasını, gölge/örtüşme sınırını ve çizim hassasiyetini kontrol edip insan kararını kaydedin.",
P3,image-0012-instance-025,12,20260729_095507.jpg,25,4,0.00358712,UNVERIFIED_HUMAN_ANNOTATION,"Bu insan çizimi polygon, görünür ön yüz kurallarına göre henüz doğrulanmadı.","Ön yüz kapsamını, yan yüzlerin dışarıda kalmasını, gölge/örtüşme sınırını ve çizim hassasiyetini kontrol edip insan kararını kaydedin.",
P3,image-0012-instance-026,12,20260729_095507.jpg,26,4,0.00393474,UNVERIFIED_HUMAN_ANNOTATION,"Bu insan çizimi polygon, görünür ön yüz kurallarına göre henüz doğrulanmadı.","Ön yüz kapsamını, yan yüzlerin dışarıda kalmasını, gölge/örtüşme sınırını ve çizim hassasiyetini kontrol edip insan kararını kaydedin.",
P3,image-0012-instance-027,12,20260729_095507.jpg,27,4,0.00369365,UNVERIFIED_HUMAN_ANNOTATION,"Bu insan çizimi polygon, görünür ön yüz kurallarına göre henüz doğrulanmadı.","Ön yüz kapsamını, yan yüzlerin dışarıda kalmasını, gölge/örtüşme sınırını ve çizim hassasiyetini kontrol edip insan kararını kaydedin.",
P3,image-0012-instance-028,12,20260729_095507.jpg,28,4,0.00356932,UNVERIFIED_HUMAN_ANNOTATION,"Bu insan çizimi polygon, görünür ön yüz kurallarına göre henüz doğrulanmadı.","Ön yüz kapsamını, yan yüzlerin dışarıda kalmasını, gölge/örtüşme sınırını ve çizim hassasiyetini kontrol edip insan kararını kaydedin.",
P2,image-0012-instance-029,12,20260729_095507.jpg,29,6,0.00299714,CONCAVE_VISIBLE_REGION_REVIEW|MULTISIDED_VISIBLE_REGION_REVIEW|UNVERIFIED_HUMAN_ANNOTATION,Şekil veya görüntü sınırında kesilme fiziksel olarak yorumlanmalı; köşe sayısı tek başına hata değildir.,"Polygonun yalnızca görünen ön yüzü izlediğini, örtücü nesnede/görüntü kenarında durduğunu ve gizli geometri uydurmadığını doğrulayın.",
P3,image-0012-instance-030,12,20260729_095507.jpg,30,4,0.00371902,UNVERIFIED_HUMAN_ANNOTATION,"Bu insan çizimi polygon, görünür ön yüz kurallarına göre henüz doğrulanmadı.","Ön yüz kapsamını, yan yüzlerin dışarıda kalmasını, gölge/örtüşme sınırını ve çizim hassasiyetini kontrol edip insan kararını kaydedin.",
P2,image-0012-instance-031,12,20260729_095507.jpg,31,6,0.00271278,CONCAVE_VISIBLE_REGION_REVIEW|MULTISIDED_VISIBLE_REGION_REVIEW|UNVERIFIED_HUMAN_ANNOTATION,Şekil veya görüntü sınırında kesilme fiziksel olarak yorumlanmalı; köşe sayısı tek başına hata değildir.,"Polygonun yalnızca görünen ön yüzü izlediğini, örtücü nesnede/görüntü kenarında durduğunu ve gizli geometri uydurmadığını doğrulayın.",
P3,image-0012-instance-032,12,20260729_095507.jpg,32,4,0.00556569,UNVERIFIED_HUMAN_ANNOTATION,"Bu insan çizimi polygon, görünür ön yüz kurallarına göre henüz doğrulanmadı.","Ön yüz kapsamını, yan yüzlerin dışarıda kalmasını, gölge/örtüşme sınırını ve çizim hassasiyetini kontrol edip insan kararını kaydedin.",
P3,image-0012-instance-033,12,20260729_095507.jpg,33,4,0.00455012,UNVERIFIED_HUMAN_ANNOTATION,"Bu insan çizimi polygon, görünür ön yüz kurallarına göre henüz doğrulanmadı.","Ön yüz kapsamını, yan yüzlerin dışarıda kalmasını, gölge/örtüşme sınırını ve çizim hassasiyetini kontrol edip insan kararını kaydedin.",
P3,image-0012-instance-034,12,20260729_095507.jpg,34,4,0.00450993,UNVERIFIED_HUMAN_ANNOTATION,"Bu insan çizimi polygon, görünür ön yüz kurallarına göre henüz doğrulanmadı.","Ön yüz kapsamını, yan yüzlerin dışarıda kalmasını, gölge/örtüşme sınırını ve çizim hassasiyetini kontrol edip insan kararını kaydedin.",
P3,image-0012-instance-035,12,20260729_095507.jpg,35,4,0.00423156,UNVERIFIED_HUMAN_ANNOTATION,"Bu insan çizimi polygon, görünür ön yüz kurallarına göre henüz doğrulanmadı.","Ön yüz kapsamını, yan yüzlerin dışarıda kalmasını, gölge/örtüşme sınırını ve çizim hassasiyetini kontrol edip insan kararını kaydedin.",
P3,image-0013-instance-001,13,20260729_095553.jpg,1,4,0.00405597,UNVERIFIED_HUMAN_ANNOTATION,"Bu insan çizimi polygon, görünür ön yüz kurallarına göre henüz doğrulanmadı.","Ön yüz kapsamını, yan yüzlerin dışarıda kalmasını, gölge/örtüşme sınırını ve çizim hassasiyetini kontrol edip insan kararını kaydedin.",
P3,image-0013-instance-002,13,20260729_095553.jpg,2,4,0.00323232,UNVERIFIED_HUMAN_ANNOTATION,"Bu insan çizimi polygon, görünür ön yüz kurallarına göre henüz doğrulanmadı.","Ön yüz kapsamını, yan yüzlerin dışarıda kalmasını, gölge/örtüşme sınırını ve çizim hassasiyetini kontrol edip insan kararını kaydedin.",
P3,image-0013-instance-003,13,20260729_095553.jpg,3,4,0.00261205,UNVERIFIED_HUMAN_ANNOTATION,"Bu insan çizimi polygon, görünür ön yüz kurallarına göre henüz doğrulanmadı.","Ön yüz kapsamını, yan yüzlerin dışarıda kalmasını, gölge/örtüşme sınırını ve çizim hassasiyetini kontrol edip insan kararını kaydedin.",
P3,image-0013-instance-004,13,20260729_095553.jpg,4,4,0.00184077,UNVERIFIED_HUMAN_ANNOTATION,"Bu insan çizimi polygon, görünür ön yüz kurallarına göre henüz doğrulanmadı.","Ön yüz kapsamını, yan yüzlerin dışarıda kalmasını, gölge/örtüşme sınırını ve çizim hassasiyetini kontrol edip insan kararını kaydedin.",
P2,image-0013-instance-005,13,20260729_095553.jpg,5,4,0.00128837,FRAME_BOUNDARY_TRUNCATION_REVIEW|UNVERIFIED_HUMAN_ANNOTATION,Şekil veya görüntü sınırında kesilme fiziksel olarak yorumlanmalı; köşe sayısı tek başına hata değildir.,"Polygonun yalnızca görünen ön yüzü izlediğini, örtücü nesnede/görüntü kenarında durduğunu ve gizli geometri uydurmadığını doğrulayın.",
P3,image-0013-instance-006,13,20260729_095553.jpg,6,4,0.00064904,UNVERIFIED_HUMAN_ANNOTATION,"Bu insan çizimi polygon, görünür ön yüz kurallarına göre henüz doğrulanmadı.","Ön yüz kapsamını, yan yüzlerin dışarıda kalmasını, gölge/örtüşme sınırını ve çizim hassasiyetini kontrol edip insan kararını kaydedin.",
P3,image-0013-instance-007,13,20260729_095553.jpg,7,4,0.00077929,UNVERIFIED_HUMAN_ANNOTATION,"Bu insan çizimi polygon, görünür ön yüz kurallarına göre henüz doğrulanmadı.","Ön yüz kapsamını, yan yüzlerin dışarıda kalmasını, gölge/örtüşme sınırını ve çizim hassasiyetini kontrol edip insan kararını kaydedin.",
P3,image-0013-instance-008,13,20260729_095553.jpg,8,4,0.00079015,UNVERIFIED_HUMAN_ANNOTATION,"Bu insan çizimi polygon, görünür ön yüz kurallarına göre henüz doğrulanmadı.","Ön yüz kapsamını, yan yüzlerin dışarıda kalmasını, gölge/örtüşme sınırını ve çizim hassasiyetini kontrol edip insan kararını kaydedin.",
P3,image-0013-instance-009,13,20260729_095553.jpg,9,4,0.00072778,UNVERIFIED_HUMAN_ANNOTATION,"Bu insan çizimi polygon, görünür ön yüz kurallarına göre henüz doğrulanmadı.","Ön yüz kapsamını, yan yüzlerin dışarıda kalmasını, gölge/örtüşme sınırını ve çizim hassasiyetini kontrol edip insan kararını kaydedin.",
P3,image-0013-instance-010,13,20260729_095553.jpg,10,4,0.00093599,UNVERIFIED_HUMAN_ANNOTATION,"Bu insan çizimi polygon, görünür ön yüz kurallarına göre henüz doğrulanmadı.","Ön yüz kapsamını, yan yüzlerin dışarıda kalmasını, gölge/örtüşme sınırını ve çizim hassasiyetini kontrol edip insan kararını kaydedin.",
P3,image-0013-instance-011,13,20260729_095553.jpg,11,4,0.00097585,UNVERIFIED_HUMAN_ANNOTATION,"Bu insan çizimi polygon, görünür ön yüz kurallarına göre henüz doğrulanmadı.","Ön yüz kapsamını, yan yüzlerin dışarıda kalmasını, gölge/örtüşme sınırını ve çizim hassasiyetini kontrol edip insan kararını kaydedin.",
P3,image-0013-instance-012,13,20260729_095553.jpg,12,4,0.00092822,UNVERIFIED_HUMAN_ANNOTATION,"Bu insan çizimi polygon, görünür ön yüz kurallarına göre henüz doğrulanmadı.","Ön yüz kapsamını, yan yüzlerin dışarıda kalmasını, gölge/örtüşme sınırını ve çizim hassasiyetini kontrol edip insan kararını kaydedin.",
P3,image-0013-instance-013,13,20260729_095553.jpg,13,4,0.00105780,UNVERIFIED_HUMAN_ANNOTATION,"Bu insan çizimi polygon, görünür ön yüz kurallarına göre henüz doğrulanmadı.","Ön yüz kapsamını, yan yüzlerin dışarıda kalmasını, gölge/örtüşme sınırını ve çizim hassasiyetini kontrol edip insan kararını kaydedin.",
P3,image-0013-instance-014,13,20260729_095553.jpg,14,4,0.00113046,UNVERIFIED_HUMAN_ANNOTATION,"Bu insan çizimi polygon, görünür ön yüz kurallarına göre henüz doğrulanmadı.","Ön yüz kapsamını, yan yüzlerin dışarıda kalmasını, gölge/örtüşme sınırını ve çizim hassasiyetini kontrol edip insan kararını kaydedin.",
P3,image-0013-instance-015,13,20260729_095553.jpg,15,4,0.00117691,UNVERIFIED_HUMAN_ANNOTATION,"Bu insan çizimi polygon, görünür ön yüz kurallarına göre henüz doğrulanmadı.","Ön yüz kapsamını, yan yüzlerin dışarıda kalmasını, gölge/örtüşme sınırını ve çizim hassasiyetini kontrol edip insan kararını kaydedin.",
P3,image-0013-instance-016,13,20260729_095553.jpg,16,4,0.00136082,UNVERIFIED_HUMAN_ANNOTATION,"Bu insan çizimi polygon, görünür ön yüz kurallarına göre henüz doğrulanmadı.","Ön yüz kapsamını, yan yüzlerin dışarıda kalmasını, gölge/örtüşme sınırını ve çizim hassasiyetini kontrol edip insan kararını kaydedin.",
P3,image-0013-instance-017,13,20260729_095553.jpg,17,4,0.00131673,UNVERIFIED_HUMAN_ANNOTATION,"Bu insan çizimi polygon, görünür ön yüz kurallarına göre henüz doğrulanmadı.","Ön yüz kapsamını, yan yüzlerin dışarıda kalmasını, gölge/örtüşme sınırını ve çizim hassasiyetini kontrol edip insan kararını kaydedin.",
P3,image-0013-instance-018,13,20260729_095553.jpg,18,4,0.00449701,UNVERIFIED_HUMAN_ANNOTATION,"Bu insan çizimi polygon, görünür ön yüz kurallarına göre henüz doğrulanmadı.","Ön yüz kapsamını, yan yüzlerin dışarıda kalmasını, gölge/örtüşme sınırını ve çizim hassasiyetini kontrol edip insan kararını kaydedin.",
P3,image-0013-instance-019,13,20260729_095553.jpg,19,4,0.00486997,UNVERIFIED_HUMAN_ANNOTATION,"Bu insan çizimi polygon, görünür ön yüz kurallarına göre henüz doğrulanmadı.","Ön yüz kapsamını, yan yüzlerin dışarıda kalmasını, gölge/örtüşme sınırını ve çizim hassasiyetini kontrol edip insan kararını kaydedin.",
P3,image-0013-instance-020,13,20260729_095553.jpg,20,4,0.00404075,UNVERIFIED_HUMAN_ANNOTATION,"Bu insan çizimi polygon, görünür ön yüz kurallarına göre henüz doğrulanmadı.","Ön yüz kapsamını, yan yüzlerin dışarıda kalmasını, gölge/örtüşme sınırını ve çizim hassasiyetini kontrol edip insan kararını kaydedin.",
P3,image-0013-instance-021,13,20260729_095553.jpg,21,4,0.00328519,UNVERIFIED_HUMAN_ANNOTATION,"Bu insan çizimi polygon, görünür ön yüz kurallarına göre henüz doğrulanmadı.","Ön yüz kapsamını, yan yüzlerin dışarıda kalmasını, gölge/örtüşme sınırını ve çizim hassasiyetini kontrol edip insan kararını kaydedin.",
P3,image-0013-instance-022,13,20260729_095553.jpg,22,4,0.00331978,UNVERIFIED_HUMAN_ANNOTATION,"Bu insan çizimi polygon, görünür ön yüz kurallarına göre henüz doğrulanmadı.","Ön yüz kapsamını, yan yüzlerin dışarıda kalmasını, gölge/örtüşme sınırını ve çizim hassasiyetini kontrol edip insan kararını kaydedin.",
P3,image-0013-instance-023,13,20260729_095553.jpg,23,4,0.00298840,UNVERIFIED_HUMAN_ANNOTATION,"Bu insan çizimi polygon, görünür ön yüz kurallarına göre henüz doğrulanmadı.","Ön yüz kapsamını, yan yüzlerin dışarıda kalmasını, gölge/örtüşme sınırını ve çizim hassasiyetini kontrol edip insan kararını kaydedin.",
P2,image-0013-instance-024,13,20260729_095553.jpg,24,6,0.00183124,CONCAVE_VISIBLE_REGION_REVIEW|MULTISIDED_VISIBLE_REGION_REVIEW|UNVERIFIED_HUMAN_ANNOTATION,Şekil veya görüntü sınırında kesilme fiziksel olarak yorumlanmalı; köşe sayısı tek başına hata değildir.,"Polygonun yalnızca görünen ön yüzü izlediğini, örtücü nesnede/görüntü kenarında durduğunu ve gizli geometri uydurmadığını doğrulayın.",
P3,image-0013-instance-025,13,20260729_095553.jpg,25,4,0.00278463,UNVERIFIED_HUMAN_ANNOTATION,"Bu insan çizimi polygon, görünür ön yüz kurallarına göre henüz doğrulanmadı.","Ön yüz kapsamını, yan yüzlerin dışarıda kalmasını, gölge/örtüşme sınırını ve çizim hassasiyetini kontrol edip insan kararını kaydedin.",
P2,image-0013-instance-026,13,20260729_095553.jpg,26,5,0.00212067,CONCAVE_VISIBLE_REGION_REVIEW|MULTISIDED_VISIBLE_REGION_REVIEW|UNVERIFIED_HUMAN_ANNOTATION,Şekil veya görüntü sınırında kesilme fiziksel olarak yorumlanmalı; köşe sayısı tek başına hata değildir.,"Polygonun yalnızca görünen ön yüzü izlediğini, örtücü nesnede/görüntü kenarında durduğunu ve gizli geometri uydurmadığını doğrulayın.",
P3,image-0013-instance-027,13,20260729_095553.jpg,27,4,0.00215711,UNVERIFIED_HUMAN_ANNOTATION,"Bu insan çizimi polygon, görünür ön yüz kurallarına göre henüz doğrulanmadı.","Ön yüz kapsamını, yan yüzlerin dışarıda kalmasını, gölge/örtüşme sınırını ve çizim hassasiyetini kontrol edip insan kararını kaydedin.",
P2,image-0013-instance-028,13,20260729_095553.jpg,28,7,0.00135284,CONCAVE_VISIBLE_REGION_REVIEW|FRAME_BOUNDARY_TRUNCATION_REVIEW|MULTISIDED_VISIBLE_REGION_REVIEW|UNVERIFIED_HUMAN_ANNOTATION,Şekil veya görüntü sınırında kesilme fiziksel olarak yorumlanmalı; köşe sayısı tek başına hata değildir.,"Polygonun yalnızca görünen ön yüzü izlediğini, örtücü nesnede/görüntü kenarında durduğunu ve gizli geometri uydurmadığını doğrulayın.",
P2,image-0013-instance-029,13,20260729_095553.jpg,29,5,0.00129428,FRAME_BOUNDARY_TRUNCATION_REVIEW|MULTISIDED_VISIBLE_REGION_REVIEW|UNVERIFIED_HUMAN_ANNOTATION,Şekil veya görüntü sınırında kesilme fiziksel olarak yorumlanmalı; köşe sayısı tek başına hata değildir.,"Polygonun yalnızca görünen ön yüzü izlediğini, örtücü nesnede/görüntü kenarında durduğunu ve gizli geometri uydurmadığını doğrulayın.",
P2,image-0013-instance-030,13,20260729_095553.jpg,30,5,0.00123042,CONCAVE_VISIBLE_REGION_REVIEW|MULTISIDED_VISIBLE_REGION_REVIEW|UNVERIFIED_HUMAN_ANNOTATION,Şekil veya görüntü sınırında kesilme fiziksel olarak yorumlanmalı; köşe sayısı tek başına hata değildir.,"Polygonun yalnızca görünen ön yüzü izlediğini, örtücü nesnede/görüntü kenarında durduğunu ve gizli geometri uydurmadığını doğrulayın.",
P3,image-0013-instance-031,13,20260729_095553.jpg,31,4,0.00203821,UNVERIFIED_HUMAN_ANNOTATION,"Bu insan çizimi polygon, görünür ön yüz kurallarına göre henüz doğrulanmadı.","Ön yüz kapsamını, yan yüzlerin dışarıda kalmasını, gölge/örtüşme sınırını ve çizim hassasiyetini kontrol edip insan kararını kaydedin.",
P3,image-0013-instance-032,13,20260729_095553.jpg,32,4,0.00215178,UNVERIFIED_HUMAN_ANNOTATION,"Bu insan çizimi polygon, görünür ön yüz kurallarına göre henüz doğrulanmadı.","Ön yüz kapsamını, yan yüzlerin dışarıda kalmasını, gölge/örtüşme sınırını ve çizim hassasiyetini kontrol edip insan kararını kaydedin.",
P2,image-0013-instance-033,13,20260729_095553.jpg,33,5,0.00123504,CONCAVE_VISIBLE_REGION_REVIEW|MULTISIDED_VISIBLE_REGION_REVIEW|UNVERIFIED_HUMAN_ANNOTATION,Şekil veya görüntü sınırında kesilme fiziksel olarak yorumlanmalı; köşe sayısı tek başına hata değildir.,"Polygonun yalnızca görünen ön yüzü izlediğini, örtücü nesnede/görüntü kenarında durduğunu ve gizli geometri uydurmadığını doğrulayın.",
P1,image-0013-instance-034,13,20260729_095553.jpg,34,3,0.00042857,TRIANGULAR_VISIBLE_REGION_REVIEW|UNVERIFIED_HUMAN_ANNOTATION|VERY_SMALL_MASK_REVIEW,Maske alışılmadık derecede küçük; geçerli bir aşırı örtüşme veya yanlışlıkla çizilmiş bir parça olabilir.,Fiziksel olarak tanımlanabilir bir ön yüz bölgesi olup olmadığına karar verin. Güvenilir değilse BELİRSİZ veya GEÇERSİZ seçin.,
P2,image-0013-instance-035,13,20260729_095553.jpg,35,7,0.00119466,CONCAVE_VISIBLE_REGION_REVIEW|MULTISIDED_VISIBLE_REGION_REVIEW|UNVERIFIED_HUMAN_ANNOTATION,Şekil veya görüntü sınırında kesilme fiziksel olarak yorumlanmalı; köşe sayısı tek başına hata değildir.,"Polygonun yalnızca görünen ön yüzü izlediğini, örtücü nesnede/görüntü kenarında durduğunu ve gizli geometri uydurmadığını doğrulayın.",
P3,image-0013-instance-036,13,20260729_095553.jpg,36,4,0.00434266,UNVERIFIED_HUMAN_ANNOTATION,"Bu insan çizimi polygon, görünür ön yüz kurallarına göre henüz doğrulanmadı.","Ön yüz kapsamını, yan yüzlerin dışarıda kalmasını, gölge/örtüşme sınırını ve çizim hassasiyetini kontrol edip insan kararını kaydedin.",
P3,image-0014-instance-001,14,20260729_095558.jpg,1,4,0.00072372,UNVERIFIED_HUMAN_ANNOTATION,"Bu insan çizimi polygon, görünür ön yüz kurallarına göre henüz doğrulanmadı.","Ön yüz kapsamını, yan yüzlerin dışarıda kalmasını, gölge/örtüşme sınırını ve çizim hassasiyetini kontrol edip insan kararını kaydedin.",
P3,image-0014-instance-002,14,20260729_095558.jpg,2,4,0.00067720,UNVERIFIED_HUMAN_ANNOTATION,"Bu insan çizimi polygon, görünür ön yüz kurallarına göre henüz doğrulanmadı.","Ön yüz kapsamını, yan yüzlerin dışarıda kalmasını, gölge/örtüşme sınırını ve çizim hassasiyetini kontrol edip insan kararını kaydedin.",
P1,image-0014-instance-003,14,20260729_095558.jpg,3,5,0.00046435,CONCAVE_VISIBLE_REGION_REVIEW|MULTISIDED_VISIBLE_REGION_REVIEW|UNVERIFIED_HUMAN_ANNOTATION|VERY_SMALL_MASK_REVIEW,Maske alışılmadık derecede küçük; geçerli bir aşırı örtüşme veya yanlışlıkla çizilmiş bir parça olabilir.,Fiziksel olarak tanımlanabilir bir ön yüz bölgesi olup olmadığına karar verin. Güvenilir değilse BELİRSİZ veya GEÇERSİZ seçin.,
P3,image-0014-instance-004,14,20260729_095558.jpg,4,4,0.00075600,UNVERIFIED_HUMAN_ANNOTATION,"Bu insan çizimi polygon, görünür ön yüz kurallarına göre henüz doğrulanmadı.","Ön yüz kapsamını, yan yüzlerin dışarıda kalmasını, gölge/örtüşme sınırını ve çizim hassasiyetini kontrol edip insan kararını kaydedin.",
P3,image-0014-instance-005,14,20260729_095558.jpg,5,4,0.00117883,UNVERIFIED_HUMAN_ANNOTATION,"Bu insan çizimi polygon, görünür ön yüz kurallarına göre henüz doğrulanmadı.","Ön yüz kapsamını, yan yüzlerin dışarıda kalmasını, gölge/örtüşme sınırını ve çizim hassasiyetini kontrol edip insan kararını kaydedin.",
P3,image-0014-instance-006,14,20260729_095558.jpg,6,4,0.00100520,UNVERIFIED_HUMAN_ANNOTATION,"Bu insan çizimi polygon, görünür ön yüz kurallarına göre henüz doğrulanmadı.","Ön yüz kapsamını, yan yüzlerin dışarıda kalmasını, gölge/örtüşme sınırını ve çizim hassasiyetini kontrol edip insan kararını kaydedin.",
P3,image-0014-instance-007,14,20260729_095558.jpg,7,4,0.00075959,UNVERIFIED_HUMAN_ANNOTATION,"Bu insan çizimi polygon, görünür ön yüz kurallarına göre henüz doğrulanmadı.","Ön yüz kapsamını, yan yüzlerin dışarıda kalmasını, gölge/örtüşme sınırını ve çizim hassasiyetini kontrol edip insan kararını kaydedin.",
P1,image-0014-instance-008,14,20260729_095558.jpg,8,4,0.00024448,UNVERIFIED_HUMAN_ANNOTATION|VERY_SMALL_MASK_REVIEW,Maske alışılmadık derecede küçük; geçerli bir aşırı örtüşme veya yanlışlıkla çizilmiş bir parça olabilir.,Fiziksel olarak tanımlanabilir bir ön yüz bölgesi olup olmadığına karar verin. Güvenilir değilse BELİRSİZ veya GEÇERSİZ seçin.,
P1,image-0014-instance-009,14,20260729_095558.jpg,9,4,0.00032431,UNVERIFIED_HUMAN_ANNOTATION|VERY_SMALL_MASK_REVIEW,Maske alışılmadık derecede küçük; geçerli bir aşırı örtüşme veya yanlışlıkla çizilmiş bir parça olabilir.,Fiziksel olarak tanımlanabilir bir ön yüz bölgesi olup olmadığına karar verin. Güvenilir değilse BELİRSİZ veya GEÇERSİZ seçin.,
P1,image-0014-instance-010,14,20260729_095558.jpg,10,4,0.00032390,UNVERIFIED_HUMAN_ANNOTATION|VERY_SMALL_MASK_REVIEW,Maske alışılmadık derecede küçük; geçerli bir aşırı örtüşme veya yanlışlıkla çizilmiş bir parça olabilir.,Fiziksel olarak tanımlanabilir bir ön yüz bölgesi olup olmadığına karar verin. Güvenilir değilse BELİRSİZ veya GEÇERSİZ seçin.,
P1,image-0014-instance-011,14,20260729_095558.jpg,11,4,0.00027043,UNVERIFIED_HUMAN_ANNOTATION|VERY_SMALL_MASK_REVIEW,Maske alışılmadık derecede küçük; geçerli bir aşırı örtüşme veya yanlışlıkla çizilmiş bir parça olabilir.,Fiziksel olarak tanımlanabilir bir ön yüz bölgesi olup olmadığına karar verin. Güvenilir değilse BELİRSİZ veya GEÇERSİZ seçin.,
P1,image-0014-instance-012,14,20260729_095558.jpg,12,4,0.00037073,UNVERIFIED_HUMAN_ANNOTATION|VERY_SMALL_MASK_REVIEW,Maske alışılmadık derecede küçük; geçerli bir aşırı örtüşme veya yanlışlıkla çizilmiş bir parça olabilir.,Fiziksel olarak tanımlanabilir bir ön yüz bölgesi olup olmadığına karar verin. Güvenilir değilse BELİRSİZ veya GEÇERSİZ seçin.,
P1,image-0014-instance-013,14,20260729_095558.jpg,13,4,0.00040355,UNVERIFIED_HUMAN_ANNOTATION|VERY_SMALL_MASK_REVIEW,Maske alışılmadık derecede küçük; geçerli bir aşırı örtüşme veya yanlışlıkla çizilmiş bir parça olabilir.,Fiziksel olarak tanımlanabilir bir ön yüz bölgesi olup olmadığına karar verin. Güvenilir değilse BELİRSİZ veya GEÇERSİZ seçin.,
P1,image-0014-instance-014,14,20260729_095558.jpg,14,4,0.00033857,UNVERIFIED_HUMAN_ANNOTATION|VERY_SMALL_MASK_REVIEW,Maske alışılmadık derecede küçük; geçerli bir aşırı örtüşme veya yanlışlıkla çizilmiş bir parça olabilir.,Fiziksel olarak tanımlanabilir bir ön yüz bölgesi olup olmadığına karar verin. Güvenilir değilse BELİRSİZ veya GEÇERSİZ seçin.,
P1,image-0014-instance-015,14,20260729_095558.jpg,15,4,0.00043206,UNVERIFIED_HUMAN_ANNOTATION|VERY_SMALL_MASK_REVIEW,Maske alışılmadık derecede küçük; geçerli bir aşırı örtüşme veya yanlışlıkla çizilmiş bir parça olabilir.,Fiziksel olarak tanımlanabilir bir ön yüz bölgesi olup olmadığına karar verin. Güvenilir değilse BELİRSİZ veya GEÇERSİZ seçin.,
P3,image-0014-instance-016,14,20260729_095558.jpg,16,4,0.00050142,UNVERIFIED_HUMAN_ANNOTATION,"Bu insan çizimi polygon, görünür ön yüz kurallarına göre henüz doğrulanmadı.","Ön yüz kapsamını, yan yüzlerin dışarıda kalmasını, gölge/örtüşme sınırını ve çizim hassasiyetini kontrol edip insan kararını kaydedin.",
P3,image-0014-instance-017,14,20260729_095558.jpg,17,4,0.00059355,UNVERIFIED_HUMAN_ANNOTATION,"Bu insan çizimi polygon, görünür ön yüz kurallarına göre henüz doğrulanmadı.","Ön yüz kapsamını, yan yüzlerin dışarıda kalmasını, gölge/örtüşme sınırını ve çizim hassasiyetini kontrol edip insan kararını kaydedin.",
P3,image-0014-instance-018,14,20260729_095558.jpg,18,4,0.00071621,UNVERIFIED_HUMAN_ANNOTATION,"Bu insan çizimi polygon, görünür ön yüz kurallarına göre henüz doğrulanmadı.","Ön yüz kapsamını, yan yüzlerin dışarıda kalmasını, gölge/örtüşme sınırını ve çizim hassasiyetini kontrol edip insan kararını kaydedin.",
P3,image-0014-instance-019,14,20260729_095558.jpg,19,4,0.00062546,UNVERIFIED_HUMAN_ANNOTATION,"Bu insan çizimi polygon, görünür ön yüz kurallarına göre henüz doğrulanmadı.","Ön yüz kapsamını, yan yüzlerin dışarıda kalmasını, gölge/örtüşme sınırını ve çizim hassasiyetini kontrol edip insan kararını kaydedin.",
P1,image-0014-instance-020,14,20260729_095558.jpg,20,4,0.00046980,UNVERIFIED_HUMAN_ANNOTATION|VERY_SMALL_MASK_REVIEW,Maske alışılmadık derecede küçük; geçerli bir aşırı örtüşme veya yanlışlıkla çizilmiş bir parça olabilir.,Fiziksel olarak tanımlanabilir bir ön yüz bölgesi olup olmadığına karar verin. Güvenilir değilse BELİRSİZ veya GEÇERSİZ seçin.,
P1,image-0014-instance-021,14,20260729_095558.jpg,21,4,0.00042617,UNVERIFIED_HUMAN_ANNOTATION|VERY_SMALL_MASK_REVIEW,Maske alışılmadık derecede küçük; geçerli bir aşırı örtüşme veya yanlışlıkla çizilmiş bir parça olabilir.,Fiziksel olarak tanımlanabilir bir ön yüz bölgesi olup olmadığına karar verin. Güvenilir değilse BELİRSİZ veya GEÇERSİZ seçin.,
P3,image-0014-instance-022,14,20260729_095558.jpg,22,4,0.00052963,UNVERIFIED_HUMAN_ANNOTATION,"Bu insan çizimi polygon, görünür ön yüz kurallarına göre henüz doğrulanmadı.","Ön yüz kapsamını, yan yüzlerin dışarıda kalmasını, gölge/örtüşme sınırını ve çizim hassasiyetini kontrol edip insan kararını kaydedin.",
P3,image-0014-instance-023,14,20260729_095558.jpg,23,4,0.00051874,UNVERIFIED_HUMAN_ANNOTATION,"Bu insan çizimi polygon, görünür ön yüz kurallarına göre henüz doğrulanmadı.","Ön yüz kapsamını, yan yüzlerin dışarıda kalmasını, gölge/örtüşme sınırını ve çizim hassasiyetini kontrol edip insan kararını kaydedin.",
P1,image-0014-instance-024,14,20260729_095558.jpg,24,4,0.00045191,UNVERIFIED_HUMAN_ANNOTATION|VERY_SMALL_MASK_REVIEW,Maske alışılmadık derecede küçük; geçerli bir aşırı örtüşme veya yanlışlıkla çizilmiş bir parça olabilir.,Fiziksel olarak tanımlanabilir bir ön yüz bölgesi olup olmadığına karar verin. Güvenilir değilse BELİRSİZ veya GEÇERSİZ seçin.,
P3,image-0014-instance-025,14,20260729_095558.jpg,25,4,0.00070839,UNVERIFIED_HUMAN_ANNOTATION,"Bu insan çizimi polygon, görünür ön yüz kurallarına göre henüz doğrulanmadı.","Ön yüz kapsamını, yan yüzlerin dışarıda kalmasını, gölge/örtüşme sınırını ve çizim hassasiyetini kontrol edip insan kararını kaydedin.",
P3,image-0014-instance-026,14,20260729_095558.jpg,26,4,0.00067959,UNVERIFIED_HUMAN_ANNOTATION,"Bu insan çizimi polygon, görünür ön yüz kurallarına göre henüz doğrulanmadı.","Ön yüz kapsamını, yan yüzlerin dışarıda kalmasını, gölge/örtüşme sınırını ve çizim hassasiyetini kontrol edip insan kararını kaydedin.",
P3,image-0014-instance-027,14,20260729_095558.jpg,27,4,0.00086196,UNVERIFIED_HUMAN_ANNOTATION,"Bu insan çizimi polygon, görünür ön yüz kurallarına göre henüz doğrulanmadı.","Ön yüz kapsamını, yan yüzlerin dışarıda kalmasını, gölge/örtüşme sınırını ve çizim hassasiyetini kontrol edip insan kararını kaydedin.",
P3,image-0014-instance-028,14,20260729_095558.jpg,28,4,0.00086369,UNVERIFIED_HUMAN_ANNOTATION,"Bu insan çizimi polygon, görünür ön yüz kurallarına göre henüz doğrulanmadı.","Ön yüz kapsamını, yan yüzlerin dışarıda kalmasını, gölge/örtüşme sınırını ve çizim hassasiyetini kontrol edip insan kararını kaydedin.",
P3,image-0014-instance-029,14,20260729_095558.jpg,29,4,0.00099780,UNVERIFIED_HUMAN_ANNOTATION,"Bu insan çizimi polygon, görünür ön yüz kurallarına göre henüz doğrulanmadı.","Ön yüz kapsamını, yan yüzlerin dışarıda kalmasını, gölge/örtüşme sınırını ve çizim hassasiyetini kontrol edip insan kararını kaydedin.",
P3,image-0014-instance-030,14,20260729_095558.jpg,30,4,0.00084304,UNVERIFIED_HUMAN_ANNOTATION,"Bu insan çizimi polygon, görünür ön yüz kurallarına göre henüz doğrulanmadı.","Ön yüz kapsamını, yan yüzlerin dışarıda kalmasını, gölge/örtüşme sınırını ve çizim hassasiyetini kontrol edip insan kararını kaydedin.",
P3,image-0014-instance-031,14,20260729_095558.jpg,31,4,0.00115492,UNVERIFIED_HUMAN_ANNOTATION,"Bu insan çizimi polygon, görünür ön yüz kurallarına göre henüz doğrulanmadı.","Ön yüz kapsamını, yan yüzlerin dışarıda kalmasını, gölge/örtüşme sınırını ve çizim hassasiyetini kontrol edip insan kararını kaydedin.",
P3,image-0014-instance-032,14,20260729_095558.jpg,32,4,0.00129456,UNVERIFIED_HUMAN_ANNOTATION,"Bu insan çizimi polygon, görünür ön yüz kurallarına göre henüz doğrulanmadı.","Ön yüz kapsamını, yan yüzlerin dışarıda kalmasını, gölge/örtüşme sınırını ve çizim hassasiyetini kontrol edip insan kararını kaydedin.",
P3,image-0014-instance-033,14,20260729_095558.jpg,33,4,0.00136105,UNVERIFIED_HUMAN_ANNOTATION,"Bu insan çizimi polygon, görünür ön yüz kurallarına göre henüz doğrulanmadı.","Ön yüz kapsamını, yan yüzlerin dışarıda kalmasını, gölge/örtüşme sınırını ve çizim hassasiyetini kontrol edip insan kararını kaydedin.",
P3,image-0014-instance-034,14,20260729_095558.jpg,34,4,0.00150239,UNVERIFIED_HUMAN_ANNOTATION,"Bu insan çizimi polygon, görünür ön yüz kurallarına göre henüz doğrulanmadı.","Ön yüz kapsamını, yan yüzlerin dışarıda kalmasını, gölge/örtüşme sınırını ve çizim hassasiyetini kontrol edip insan kararını kaydedin.",
P1,image-0014-instance-035,14,20260729_095558.jpg,35,4,0.00044570,UNVERIFIED_HUMAN_ANNOTATION|VERY_SMALL_MASK_REVIEW,Maske alışılmadık derecede küçük; geçerli bir aşırı örtüşme veya yanlışlıkla çizilmiş bir parça olabilir.,Fiziksel olarak tanımlanabilir bir ön yüz bölgesi olup olmadığına karar verin. Güvenilir değilse BELİRSİZ veya GEÇERSİZ seçin.,
P1,image-0014-instance-036,14,20260729_095558.jpg,36,4,0.00048606,UNVERIFIED_HUMAN_ANNOTATION|VERY_SMALL_MASK_REVIEW,Maske alışılmadık derecede küçük; geçerli bir aşırı örtüşme veya yanlışlıkla çizilmiş bir parça olabilir.,Fiziksel olarak tanımlanabilir bir ön yüz bölgesi olup olmadığına karar verin. Güvenilir değilse BELİRSİZ veya GEÇERSİZ seçin.,
P3,image-0014-instance-037,14,20260729_095558.jpg,37,4,0.00055240,UNVERIFIED_HUMAN_ANNOTATION,"Bu insan çizimi polygon, görünür ön yüz kurallarına göre henüz doğrulanmadı.","Ön yüz kapsamını, yan yüzlerin dışarıda kalmasını, gölge/örtüşme sınırını ve çizim hassasiyetini kontrol edip insan kararını kaydedin.",
P1,image-0014-instance-038,14,20260729_095558.jpg,38,4,0.00033478,UNVERIFIED_HUMAN_ANNOTATION|VERY_SMALL_MASK_REVIEW,Maske alışılmadık derecede küçük; geçerli bir aşırı örtüşme veya yanlışlıkla çizilmiş bir parça olabilir.,Fiziksel olarak tanımlanabilir bir ön yüz bölgesi olup olmadığına karar verin. Güvenilir değilse BELİRSİZ veya GEÇERSİZ seçin.,
P3,image-0014-instance-039,14,20260729_095558.jpg,39,4,0.00060300,UNVERIFIED_HUMAN_ANNOTATION,"Bu insan çizimi polygon, görünür ön yüz kurallarına göre henüz doğrulanmadı.","Ön yüz kapsamını, yan yüzlerin dışarıda kalmasını, gölge/örtüşme sınırını ve çizim hassasiyetini kontrol edip insan kararını kaydedin.",
P3,image-0014-instance-040,14,20260729_095558.jpg,40,4,0.00063824,UNVERIFIED_HUMAN_ANNOTATION,"Bu insan çizimi polygon, görünür ön yüz kurallarına göre henüz doğrulanmadı.","Ön yüz kapsamını, yan yüzlerin dışarıda kalmasını, gölge/örtüşme sınırını ve çizim hassasiyetini kontrol edip insan kararını kaydedin.",
P3,image-0014-instance-041,14,20260729_095558.jpg,41,4,0.00062356,UNVERIFIED_HUMAN_ANNOTATION,"Bu insan çizimi polygon, görünür ön yüz kurallarına göre henüz doğrulanmadı.","Ön yüz kapsamını, yan yüzlerin dışarıda kalmasını, gölge/örtüşme sınırını ve çizim hassasiyetini kontrol edip insan kararını kaydedin.",
P2,image-0014-instance-042,14,20260729_095558.jpg,42,5,0.00057756,CONCAVE_VISIBLE_REGION_REVIEW|MULTISIDED_VISIBLE_REGION_REVIEW|UNVERIFIED_HUMAN_ANNOTATION,Şekil veya görüntü sınırında kesilme fiziksel olarak yorumlanmalı; köşe sayısı tek başına hata değildir.,"Polygonun yalnızca görünen ön yüzü izlediğini, örtücü nesnede/görüntü kenarında durduğunu ve gizli geometri uydurmadığını doğrulayın.",
P3,image-0014-instance-043,14,20260729_095558.jpg,43,4,0.00082502,UNVERIFIED_HUMAN_ANNOTATION,"Bu insan çizimi polygon, görünür ön yüz kurallarına göre henüz doğrulanmadı.","Ön yüz kapsamını, yan yüzlerin dışarıda kalmasını, gölge/örtüşme sınırını ve çizim hassasiyetini kontrol edip insan kararını kaydedin.",
P3,image-0014-instance-044,14,20260729_095558.jpg,44,4,0.00084444,UNVERIFIED_HUMAN_ANNOTATION,"Bu insan çizimi polygon, görünür ön yüz kurallarına göre henüz doğrulanmadı.","Ön yüz kapsamını, yan yüzlerin dışarıda kalmasını, gölge/örtüşme sınırını ve çizim hassasiyetini kontrol edip insan kararını kaydedin.",
P3,image-0014-instance-045,14,20260729_095558.jpg,45,4,0.00065050,UNVERIFIED_HUMAN_ANNOTATION,"Bu insan çizimi polygon, görünür ön yüz kurallarına göre henüz doğrulanmadı.","Ön yüz kapsamını, yan yüzlerin dışarıda kalmasını, gölge/örtüşme sınırını ve çizim hassasiyetini kontrol edip insan kararını kaydedin.",
P3,image-0014-instance-046,14,20260729_095558.jpg,46,4,0.00142429,UNVERIFIED_HUMAN_ANNOTATION,"Bu insan çizimi polygon, görünür ön yüz kurallarına göre henüz doğrulanmadı.","Ön yüz kapsamını, yan yüzlerin dışarıda kalmasını, gölge/örtüşme sınırını ve çizim hassasiyetini kontrol edip insan kararını kaydedin.",
P2,image-0014-instance-047,14,20260729_095558.jpg,47,6,0.00081897,CONCAVE_VISIBLE_REGION_REVIEW|MULTISIDED_VISIBLE_REGION_REVIEW|UNVERIFIED_HUMAN_ANNOTATION,Şekil veya görüntü sınırında kesilme fiziksel olarak yorumlanmalı; köşe sayısı tek başına hata değildir.,"Polygonun yalnızca görünen ön yüzü izlediğini, örtücü nesnede/görüntü kenarında durduğunu ve gizli geometri uydurmadığını doğrulayın.",
P3,image-0014-instance-048,14,20260729_095558.jpg,48,4,0.00140479,UNVERIFIED_HUMAN_ANNOTATION,"Bu insan çizimi polygon, görünür ön yüz kurallarına göre henüz doğrulanmadı.","Ön yüz kapsamını, yan yüzlerin dışarıda kalmasını, gölge/örtüşme sınırını ve çizim hassasiyetini kontrol edip insan kararını kaydedin.",
P3,image-0014-instance-049,14,20260729_095558.jpg,49,4,0.00160325,UNVERIFIED_HUMAN_ANNOTATION,"Bu insan çizimi polygon, görünür ön yüz kurallarına göre henüz doğrulanmadı.","Ön yüz kapsamını, yan yüzlerin dışarıda kalmasını, gölge/örtüşme sınırını ve çizim hassasiyetini kontrol edip insan kararını kaydedin.",
P3,image-0014-instance-050,14,20260729_095558.jpg,50,4,0.00173173,UNVERIFIED_HUMAN_ANNOTATION,"Bu insan çizimi polygon, görünür ön yüz kurallarına göre henüz doğrulanmadı.","Ön yüz kapsamını, yan yüzlerin dışarıda kalmasını, gölge/örtüşme sınırını ve çizim hassasiyetini kontrol edip insan kararını kaydedin.",
P3,image-0015-instance-001,15,20260729_095641.jpg,1,4,0.00344628,UNVERIFIED_HUMAN_ANNOTATION,"Bu insan çizimi polygon, görünür ön yüz kurallarına göre henüz doğrulanmadı.","Ön yüz kapsamını, yan yüzlerin dışarıda kalmasını, gölge/örtüşme sınırını ve çizim hassasiyetini kontrol edip insan kararını kaydedin.",
P3,image-0015-instance-002,15,20260729_095641.jpg,2,4,0.00278830,UNVERIFIED_HUMAN_ANNOTATION,"Bu insan çizimi polygon, görünür ön yüz kurallarına göre henüz doğrulanmadı.","Ön yüz kapsamını, yan yüzlerin dışarıda kalmasını, gölge/örtüşme sınırını ve çizim hassasiyetini kontrol edip insan kararını kaydedin.",
P3,image-0015-instance-003,15,20260729_095641.jpg,3,4,0.00311870,UNVERIFIED_HUMAN_ANNOTATION,"Bu insan çizimi polygon, görünür ön yüz kurallarına göre henüz doğrulanmadı.","Ön yüz kapsamını, yan yüzlerin dışarıda kalmasını, gölge/örtüşme sınırını ve çizim hassasiyetini kontrol edip insan kararını kaydedin.",
P2,image-0015-instance-004,15,20260729_095641.jpg,4,6,0.00236453,CONCAVE_VISIBLE_REGION_REVIEW|MULTISIDED_VISIBLE_REGION_REVIEW|UNVERIFIED_HUMAN_ANNOTATION,Şekil veya görüntü sınırında kesilme fiziksel olarak yorumlanmalı; köşe sayısı tek başına hata değildir.,"Polygonun yalnızca görünen ön yüzü izlediğini, örtücü nesnede/görüntü kenarında durduğunu ve gizli geometri uydurmadığını doğrulayın.",
P3,image-0015-instance-005,15,20260729_095641.jpg,5,4,0.00298324,UNVERIFIED_HUMAN_ANNOTATION,"Bu insan çizimi polygon, görünür ön yüz kurallarına göre henüz doğrulanmadı.","Ön yüz kapsamını, yan yüzlerin dışarıda kalmasını, gölge/örtüşme sınırını ve çizim hassasiyetini kontrol edip insan kararını kaydedin.",
P2,image-0015-instance-006,15,20260729_095641.jpg,6,5,0.00223184,CONCAVE_VISIBLE_REGION_REVIEW|MULTISIDED_VISIBLE_REGION_REVIEW|UNVERIFIED_HUMAN_ANNOTATION,Şekil veya görüntü sınırında kesilme fiziksel olarak yorumlanmalı; köşe sayısı tek başına hata değildir.,"Polygonun yalnızca görünen ön yüzü izlediğini, örtücü nesnede/görüntü kenarında durduğunu ve gizli geometri uydurmadığını doğrulayın.",
P3,image-0015-instance-007,15,20260729_095641.jpg,7,4,0.00404516,UNVERIFIED_HUMAN_ANNOTATION,"Bu insan çizimi polygon, görünür ön yüz kurallarına göre henüz doğrulanmadı.","Ön yüz kapsamını, yan yüzlerin dışarıda kalmasını, gölge/örtüşme sınırını ve çizim hassasiyetini kontrol edip insan kararını kaydedin.",
P3,image-0015-instance-008,15,20260729_095641.jpg,8,4,0.00443635,UNVERIFIED_HUMAN_ANNOTATION,"Bu insan çizimi polygon, görünür ön yüz kurallarına göre henüz doğrulanmadı.","Ön yüz kapsamını, yan yüzlerin dışarıda kalmasını, gölge/örtüşme sınırını ve çizim hassasiyetini kontrol edip insan kararını kaydedin.",
P2,image-0015-instance-009,15,20260729_095641.jpg,9,4,0.00216322,FRAME_BOUNDARY_TRUNCATION_REVIEW|UNVERIFIED_HUMAN_ANNOTATION,Şekil veya görüntü sınırında kesilme fiziksel olarak yorumlanmalı; köşe sayısı tek başına hata değildir.,"Polygonun yalnızca görünen ön yüzü izlediğini, örtücü nesnede/görüntü kenarında durduğunu ve gizli geometri uydurmadığını doğrulayın.",
P3,image-0015-instance-010,15,20260729_095641.jpg,10,4,0.00250791,UNVERIFIED_HUMAN_ANNOTATION,"Bu insan çizimi polygon, görünür ön yüz kurallarına göre henüz doğrulanmadı.","Ön yüz kapsamını, yan yüzlerin dışarıda kalmasını, gölge/örtüşme sınırını ve çizim hassasiyetini kontrol edip insan kararını kaydedin.",
P3,image-0015-instance-011,15,20260729_095641.jpg,11,4,0.00334949,UNVERIFIED_HUMAN_ANNOTATION,"Bu insan çizimi polygon, görünür ön yüz kurallarına göre henüz doğrulanmadı.","Ön yüz kapsamını, yan yüzlerin dışarıda kalmasını, gölge/örtüşme sınırını ve çizim hassasiyetini kontrol edip insan kararını kaydedin.",
P3,image-0015-instance-012,15,20260729_095641.jpg,12,4,0.00339496,UNVERIFIED_HUMAN_ANNOTATION,"Bu insan çizimi polygon, görünür ön yüz kurallarına göre henüz doğrulanmadı.","Ön yüz kapsamını, yan yüzlerin dışarıda kalmasını, gölge/örtüşme sınırını ve çizim hassasiyetini kontrol edip insan kararını kaydedin.",
P3,image-0015-instance-013,15,20260729_095641.jpg,13,4,0.00324162,UNVERIFIED_HUMAN_ANNOTATION,"Bu insan çizimi polygon, görünür ön yüz kurallarına göre henüz doğrulanmadı.","Ön yüz kapsamını, yan yüzlerin dışarıda kalmasını, gölge/örtüşme sınırını ve çizim hassasiyetini kontrol edip insan kararını kaydedin.",
P3,image-0015-instance-014,15,20260729_095641.jpg,14,4,0.00377019,UNVERIFIED_HUMAN_ANNOTATION,"Bu insan çizimi polygon, görünür ön yüz kurallarına göre henüz doğrulanmadı.","Ön yüz kapsamını, yan yüzlerin dışarıda kalmasını, gölge/örtüşme sınırını ve çizim hassasiyetini kontrol edip insan kararını kaydedin.",
P3,image-0015-instance-015,15,20260729_095641.jpg,15,4,0.00391433,UNVERIFIED_HUMAN_ANNOTATION,"Bu insan çizimi polygon, görünür ön yüz kurallarına göre henüz doğrulanmadı.","Ön yüz kapsamını, yan yüzlerin dışarıda kalmasını, gölge/örtüşme sınırını ve çizim hassasiyetini kontrol edip insan kararını kaydedin.",
P3,image-0015-instance-016,15,20260729_095641.jpg,16,4,0.00377192,UNVERIFIED_HUMAN_ANNOTATION,"Bu insan çizimi polygon, görünür ön yüz kurallarına göre henüz doğrulanmadı.","Ön yüz kapsamını, yan yüzlerin dışarıda kalmasını, gölge/örtüşme sınırını ve çizim hassasiyetini kontrol edip insan kararını kaydedin.",
P3,image-0015-instance-017,15,20260729_095641.jpg,17,4,0.00430411,UNVERIFIED_HUMAN_ANNOTATION,"Bu insan çizimi polygon, görünür ön yüz kurallarına göre henüz doğrulanmadı.","Ön yüz kapsamını, yan yüzlerin dışarıda kalmasını, gölge/örtüşme sınırını ve çizim hassasiyetini kontrol edip insan kararını kaydedin.",
P2,image-0015-instance-018,15,20260729_095641.jpg,18,5,0.00139412,FRAME_BOUNDARY_TRUNCATION_REVIEW|MULTISIDED_VISIBLE_REGION_REVIEW|UNVERIFIED_HUMAN_ANNOTATION,Şekil veya görüntü sınırında kesilme fiziksel olarak yorumlanmalı; köşe sayısı tek başına hata değildir.,"Polygonun yalnızca görünen ön yüzü izlediğini, örtücü nesnede/görüntü kenarında durduğunu ve gizli geometri uydurmadığını doğrulayın.",
P3,image-0015-instance-019,15,20260729_095641.jpg,19,4,0.00282943,UNVERIFIED_HUMAN_ANNOTATION,"Bu insan çizimi polygon, görünür ön yüz kurallarına göre henüz doğrulanmadı.","Ön yüz kapsamını, yan yüzlerin dışarıda kalmasını, gölge/örtüşme sınırını ve çizim hassasiyetini kontrol edip insan kararını kaydedin.",
P3,image-0015-instance-020,15,20260729_095641.jpg,20,4,0.00270463,UNVERIFIED_HUMAN_ANNOTATION,"Bu insan çizimi polygon, görünür ön yüz kurallarına göre henüz doğrulanmadı.","Ön yüz kapsamını, yan yüzlerin dışarıda kalmasını, gölge/örtüşme sınırını ve çizim hassasiyetini kontrol edip insan kararını kaydedin.",
P3,image-0015-instance-021,15,20260729_095641.jpg,21,4,0.00269472,UNVERIFIED_HUMAN_ANNOTATION,"Bu insan çizimi polygon, görünür ön yüz kurallarına göre henüz doğrulanmadı.","Ön yüz kapsamını, yan yüzlerin dışarıda kalmasını, gölge/örtüşme sınırını ve çizim hassasiyetini kontrol edip insan kararını kaydedin.",
P2,image-0015-instance-022,15,20260729_095641.jpg,22,5,0.00265668,CONCAVE_VISIBLE_REGION_REVIEW|MULTISIDED_VISIBLE_REGION_REVIEW|UNVERIFIED_HUMAN_ANNOTATION,Şekil veya görüntü sınırında kesilme fiziksel olarak yorumlanmalı; köşe sayısı tek başına hata değildir.,"Polygonun yalnızca görünen ön yüzü izlediğini, örtücü nesnede/görüntü kenarında durduğunu ve gizli geometri uydurmadığını doğrulayın.",
P3,image-0015-instance-023,15,20260729_095641.jpg,23,4,0.00325637,UNVERIFIED_HUMAN_ANNOTATION,"Bu insan çizimi polygon, görünür ön yüz kurallarına göre henüz doğrulanmadı.","Ön yüz kapsamını, yan yüzlerin dışarıda kalmasını, gölge/örtüşme sınırını ve çizim hassasiyetini kontrol edip insan kararını kaydedin.",
P3,image-0015-instance-024,15,20260729_095641.jpg,24,4,0.00336290,UNVERIFIED_HUMAN_ANNOTATION,"Bu insan çizimi polygon, görünür ön yüz kurallarına göre henüz doğrulanmadı.","Ön yüz kapsamını, yan yüzlerin dışarıda kalmasını, gölge/örtüşme sınırını ve çizim hassasiyetini kontrol edip insan kararını kaydedin.",
P3,image-0015-instance-025,15,20260729_095641.jpg,25,4,0.00313247,UNVERIFIED_HUMAN_ANNOTATION,"Bu insan çizimi polygon, görünür ön yüz kurallarına göre henüz doğrulanmadı.","Ön yüz kapsamını, yan yüzlerin dışarıda kalmasını, gölge/örtüşme sınırını ve çizim hassasiyetini kontrol edip insan kararını kaydedin.",
P3,image-0015-instance-026,15,20260729_095641.jpg,26,4,0.00366258,UNVERIFIED_HUMAN_ANNOTATION,"Bu insan çizimi polygon, görünür ön yüz kurallarına göre henüz doğrulanmadı.","Ön yüz kapsamını, yan yüzlerin dışarıda kalmasını, gölge/örtüşme sınırını ve çizim hassasiyetini kontrol edip insan kararını kaydedin.",
P2,image-0015-instance-027,15,20260729_095641.jpg,27,6,0.00380417,CONCAVE_VISIBLE_REGION_REVIEW|MULTISIDED_VISIBLE_REGION_REVIEW|UNVERIFIED_HUMAN_ANNOTATION,Şekil veya görüntü sınırında kesilme fiziksel olarak yorumlanmalı; köşe sayısı tek başına hata değildir.,"Polygonun yalnızca görünen ön yüzü izlediğini, örtücü nesnede/görüntü kenarında durduğunu ve gizli geometri uydurmadığını doğrulayın.",
P3,image-0015-instance-028,15,20260729_095641.jpg,28,4,0.00566719,UNVERIFIED_HUMAN_ANNOTATION,"Bu insan çizimi polygon, görünür ön yüz kurallarına göre henüz doğrulanmadı.","Ön yüz kapsamını, yan yüzlerin dışarıda kalmasını, gölge/örtüşme sınırını ve çizim hassasiyetini kontrol edip insan kararını kaydedin.",
P3,image-0015-instance-029,15,20260729_095641.jpg,29,4,0.00481666,UNVERIFIED_HUMAN_ANNOTATION,"Bu insan çizimi polygon, görünür ön yüz kurallarına göre henüz doğrulanmadı.","Ön yüz kapsamını, yan yüzlerin dışarıda kalmasını, gölge/örtüşme sınırını ve çizim hassasiyetini kontrol edip insan kararını kaydedin.",
P3,image-0015-instance-030,15,20260729_095641.jpg,30,4,0.00480370,UNVERIFIED_HUMAN_ANNOTATION,"Bu insan çizimi polygon, görünür ön yüz kurallarına göre henüz doğrulanmadı.","Ön yüz kapsamını, yan yüzlerin dışarıda kalmasını, gölge/örtüşme sınırını ve çizim hassasiyetini kontrol edip insan kararını kaydedin.",
P3,image-0015-instance-031,15,20260729_095641.jpg,31,4,0.00463990,UNVERIFIED_HUMAN_ANNOTATION,"Bu insan çizimi polygon, görünür ön yüz kurallarına göre henüz doğrulanmadı.","Ön yüz kapsamını, yan yüzlerin dışarıda kalmasını, gölge/örtüşme sınırını ve çizim hassasiyetini kontrol edip insan kararını kaydedin.",
P3,image-0015-instance-032,15,20260729_095641.jpg,32,4,0.00379079,UNVERIFIED_HUMAN_ANNOTATION,"Bu insan çizimi polygon, görünür ön yüz kurallarına göre henüz doğrulanmadı.","Ön yüz kapsamını, yan yüzlerin dışarıda kalmasını, gölge/örtüşme sınırını ve çizim hassasiyetini kontrol edip insan kararını kaydedin.",
P3,image-0015-instance-033,15,20260729_095641.jpg,33,4,0.00379859,UNVERIFIED_HUMAN_ANNOTATION,"Bu insan çizimi polygon, görünür ön yüz kurallarına göre henüz doğrulanmadı.","Ön yüz kapsamını, yan yüzlerin dışarıda kalmasını, gölge/örtüşme sınırını ve çizim hassasiyetini kontrol edip insan kararını kaydedin.",
P3,image-0015-instance-034,15,20260729_095641.jpg,34,4,0.00401238,UNVERIFIED_HUMAN_ANNOTATION,"Bu insan çizimi polygon, görünür ön yüz kurallarına göre henüz doğrulanmadı.","Ön yüz kapsamını, yan yüzlerin dışarıda kalmasını, gölge/örtüşme sınırını ve çizim hassasiyetini kontrol edip insan kararını kaydedin.",
P3,image-0016-instance-001,16,20260729_095845(0).jpg,1,4,0.00897821,UNVERIFIED_HUMAN_ANNOTATION,"Bu insan çizimi polygon, görünür ön yüz kurallarına göre henüz doğrulanmadı.","Ön yüz kapsamını, yan yüzlerin dışarıda kalmasını, gölge/örtüşme sınırını ve çizim hassasiyetini kontrol edip insan kararını kaydedin.",
P2,image-0016-instance-002,16,20260729_095845(0).jpg,2,5,0.00383803,CONCAVE_VISIBLE_REGION_REVIEW|MULTISIDED_VISIBLE_REGION_REVIEW|UNVERIFIED_HUMAN_ANNOTATION,Şekil veya görüntü sınırında kesilme fiziksel olarak yorumlanmalı; köşe sayısı tek başına hata değildir.,"Polygonun yalnızca görünen ön yüzü izlediğini, örtücü nesnede/görüntü kenarında durduğunu ve gizli geometri uydurmadığını doğrulayın.",
P3,image-0016-instance-003,16,20260729_095845(0).jpg,3,4,0.01289070,UNVERIFIED_HUMAN_ANNOTATION,"Bu insan çizimi polygon, görünür ön yüz kurallarına göre henüz doğrulanmadı.","Ön yüz kapsamını, yan yüzlerin dışarıda kalmasını, gölge/örtüşme sınırını ve çizim hassasiyetini kontrol edip insan kararını kaydedin.",
P3,image-0016-instance-004,16,20260729_095845(0).jpg,4,4,0.01000088,UNVERIFIED_HUMAN_ANNOTATION,"Bu insan çizimi polygon, görünür ön yüz kurallarına göre henüz doğrulanmadı.","Ön yüz kapsamını, yan yüzlerin dışarıda kalmasını, gölge/örtüşme sınırını ve çizim hassasiyetini kontrol edip insan kararını kaydedin.",
P3,image-0016-instance-005,16,20260729_095845(0).jpg,5,4,0.00963828,UNVERIFIED_HUMAN_ANNOTATION,"Bu insan çizimi polygon, görünür ön yüz kurallarına göre henüz doğrulanmadı.","Ön yüz kapsamını, yan yüzlerin dışarıda kalmasını, gölge/örtüşme sınırını ve çizim hassasiyetini kontrol edip insan kararını kaydedin.",
P2,image-0016-instance-006,16,20260729_095845(0).jpg,6,4,0.00272491,FRAME_BOUNDARY_TRUNCATION_REVIEW|UNVERIFIED_HUMAN_ANNOTATION,Şekil veya görüntü sınırında kesilme fiziksel olarak yorumlanmalı; köşe sayısı tek başına hata değildir.,"Polygonun yalnızca görünen ön yüzü izlediğini, örtücü nesnede/görüntü kenarında durduğunu ve gizli geometri uydurmadığını doğrulayın.",
P2,image-0016-instance-007,16,20260729_095845(0).jpg,7,5,0.00173842,CONCAVE_VISIBLE_REGION_REVIEW|MULTISIDED_VISIBLE_REGION_REVIEW|UNVERIFIED_HUMAN_ANNOTATION,Şekil veya görüntü sınırında kesilme fiziksel olarak yorumlanmalı; köşe sayısı tek başına hata değildir.,"Polygonun yalnızca görünen ön yüzü izlediğini, örtücü nesnede/görüntü kenarında durduğunu ve gizli geometri uydurmadığını doğrulayın.",
P3,image-0016-instance-008,16,20260729_095845(0).jpg,8,4,0.00780952,UNVERIFIED_HUMAN_ANNOTATION,"Bu insan çizimi polygon, görünür ön yüz kurallarına göre henüz doğrulanmadı.","Ön yüz kapsamını, yan yüzlerin dışarıda kalmasını, gölge/örtüşme sınırını ve çizim hassasiyetini kontrol edip insan kararını kaydedin.",
P3,image-0016-instance-009,16,20260729_095845(0).jpg,9,4,0.00854645,UNVERIFIED_HUMAN_ANNOTATION,"Bu insan çizimi polygon, görünür ön yüz kurallarına göre henüz doğrulanmadı.","Ön yüz kapsamını, yan yüzlerin dışarıda kalmasını, gölge/örtüşme sınırını ve çizim hassasiyetini kontrol edip insan kararını kaydedin.",
P3,image-0016-instance-010,16,20260729_095845(0).jpg,10,4,0.00870450,UNVERIFIED_HUMAN_ANNOTATION,"Bu insan çizimi polygon, görünür ön yüz kurallarına göre henüz doğrulanmadı.","Ön yüz kapsamını, yan yüzlerin dışarıda kalmasını, gölge/örtüşme sınırını ve çizim hassasiyetini kontrol edip insan kararını kaydedin.",
P2,image-0016-instance-011,16,20260729_095845(0).jpg,11,5,0.00308974,CONCAVE_VISIBLE_REGION_REVIEW|FRAME_BOUNDARY_TRUNCATION_REVIEW|MULTISIDED_VISIBLE_REGION_REVIEW|UNVERIFIED_HUMAN_ANNOTATION,Şekil veya görüntü sınırında kesilme fiziksel olarak yorumlanmalı; köşe sayısı tek başına hata değildir.,"Polygonun yalnızca görünen ön yüzü izlediğini, örtücü nesnede/görüntü kenarında durduğunu ve gizli geometri uydurmadığını doğrulayın.",
P3,image-0016-instance-012,16,20260729_095845(0).jpg,12,4,0.00542139,UNVERIFIED_HUMAN_ANNOTATION,"Bu insan çizimi polygon, görünür ön yüz kurallarına göre henüz doğrulanmadı.","Ön yüz kapsamını, yan yüzlerin dışarıda kalmasını, gölge/örtüşme sınırını ve çizim hassasiyetini kontrol edip insan kararını kaydedin.",
P3,image-0016-instance-013,16,20260729_095845(0).jpg,13,4,0.00672830,UNVERIFIED_HUMAN_ANNOTATION,"Bu insan çizimi polygon, görünür ön yüz kurallarına göre henüz doğrulanmadı.","Ön yüz kapsamını, yan yüzlerin dışarıda kalmasını, gölge/örtüşme sınırını ve çizim hassasiyetini kontrol edip insan kararını kaydedin.",
P3,image-0016-instance-014,16,20260729_095845(0).jpg,14,4,0.00679350,UNVERIFIED_HUMAN_ANNOTATION,"Bu insan çizimi polygon, görünür ön yüz kurallarına göre henüz doğrulanmadı.","Ön yüz kapsamını, yan yüzlerin dışarıda kalmasını, gölge/örtüşme sınırını ve çizim hassasiyetini kontrol edip insan kararını kaydedin.",
P3,image-0016-instance-015,16,20260729_095845(0).jpg,15,4,0.00667165,UNVERIFIED_HUMAN_ANNOTATION,"Bu insan çizimi polygon, görünür ön yüz kurallarına göre henüz doğrulanmadı.","Ön yüz kapsamını, yan yüzlerin dışarıda kalmasını, gölge/örtüşme sınırını ve çizim hassasiyetini kontrol edip insan kararını kaydedin.",
P3,image-0016-instance-016,16,20260729_095845(0).jpg,16,4,0.00743906,UNVERIFIED_HUMAN_ANNOTATION,"Bu insan çizimi polygon, görünür ön yüz kurallarına göre henüz doğrulanmadı.","Ön yüz kapsamını, yan yüzlerin dışarıda kalmasını, gölge/örtüşme sınırını ve çizim hassasiyetini kontrol edip insan kararını kaydedin.",
P2,image-0016-instance-017,16,20260729_095845(0).jpg,17,4,0.00239293,FRAME_BOUNDARY_TRUNCATION_REVIEW|UNVERIFIED_HUMAN_ANNOTATION,Şekil veya görüntü sınırında kesilme fiziksel olarak yorumlanmalı; köşe sayısı tek başına hata değildir.,"Polygonun yalnızca görünen ön yüzü izlediğini, örtücü nesnede/görüntü kenarında durduğunu ve gizli geometri uydurmadığını doğrulayın.",
P2,image-0016-instance-018,16,20260729_095845(0).jpg,18,5,0.00506289,CONCAVE_VISIBLE_REGION_REVIEW|MULTISIDED_VISIBLE_REGION_REVIEW|UNVERIFIED_HUMAN_ANNOTATION,Şekil veya görüntü sınırında kesilme fiziksel olarak yorumlanmalı; köşe sayısı tek başına hata değildir.,"Polygonun yalnızca görünen ön yüzü izlediğini, örtücü nesnede/görüntü kenarında durduğunu ve gizli geometri uydurmadığını doğrulayın.",
P3,image-0016-instance-019,16,20260729_095845(0).jpg,19,4,0.00706208,UNVERIFIED_HUMAN_ANNOTATION,"Bu insan çizimi polygon, görünür ön yüz kurallarına göre henüz doğrulanmadı.","Ön yüz kapsamını, yan yüzlerin dışarıda kalmasını, gölge/örtüşme sınırını ve çizim hassasiyetini kontrol edip insan kararını kaydedin.",
P3,image-0017-instance-001,17,20260729_100056.jpg,1,4,0.00076589,UNVERIFIED_HUMAN_ANNOTATION,"Bu insan çizimi polygon, görünür ön yüz kurallarına göre henüz doğrulanmadı.","Ön yüz kapsamını, yan yüzlerin dışarıda kalmasını, gölge/örtüşme sınırını ve çizim hassasiyetini kontrol edip insan kararını kaydedin.",
P3,image-0017-instance-002,17,20260729_100056.jpg,2,4,0.00072619,UNVERIFIED_HUMAN_ANNOTATION,"Bu insan çizimi polygon, görünür ön yüz kurallarına göre henüz doğrulanmadı.","Ön yüz kapsamını, yan yüzlerin dışarıda kalmasını, gölge/örtüşme sınırını ve çizim hassasiyetini kontrol edip insan kararını kaydedin.",
P3,image-0017-instance-003,17,20260729_100056.jpg,3,4,0.00072833,UNVERIFIED_HUMAN_ANNOTATION,"Bu insan çizimi polygon, görünür ön yüz kurallarına göre henüz doğrulanmadı.","Ön yüz kapsamını, yan yüzlerin dışarıda kalmasını, gölge/örtüşme sınırını ve çizim hassasiyetini kontrol edip insan kararını kaydedin.",
P3,image-0017-instance-004,17,20260729_100056.jpg,4,4,0.00071461,UNVERIFIED_HUMAN_ANNOTATION,"Bu insan çizimi polygon, görünür ön yüz kurallarına göre henüz doğrulanmadı.","Ön yüz kapsamını, yan yüzlerin dışarıda kalmasını, gölge/örtüşme sınırını ve çizim hassasiyetini kontrol edip insan kararını kaydedin.",
P3,image-0017-instance-005,17,20260729_100056.jpg,5,4,0.00075108,UNVERIFIED_HUMAN_ANNOTATION,"Bu insan çizimi polygon, görünür ön yüz kurallarına göre henüz doğrulanmadı.","Ön yüz kapsamını, yan yüzlerin dışarıda kalmasını, gölge/örtüşme sınırını ve çizim hassasiyetini kontrol edip insan kararını kaydedin.",
P3,image-0017-instance-006,17,20260729_100056.jpg,6,4,0.00077415,UNVERIFIED_HUMAN_ANNOTATION,"Bu insan çizimi polygon, görünür ön yüz kurallarına göre henüz doğrulanmadı.","Ön yüz kapsamını, yan yüzlerin dışarıda kalmasını, gölge/örtüşme sınırını ve çizim hassasiyetini kontrol edip insan kararını kaydedin.",
P3,image-0017-instance-007,17,20260729_100056.jpg,7,4,0.00077930,UNVERIFIED_HUMAN_ANNOTATION,"Bu insan çizimi polygon, görünür ön yüz kurallarına göre henüz doğrulanmadı.","Ön yüz kapsamını, yan yüzlerin dışarıda kalmasını, gölge/örtüşme sınırını ve çizim hassasiyetini kontrol edip insan kararını kaydedin.",
P3,image-0017-instance-008,17,20260729_100056.jpg,8,4,0.00086053,UNVERIFIED_HUMAN_ANNOTATION,"Bu insan çizimi polygon, görünür ön yüz kurallarına göre henüz doğrulanmadı.","Ön yüz kapsamını, yan yüzlerin dışarıda kalmasını, gölge/örtüşme sınırını ve çizim hassasiyetini kontrol edip insan kararını kaydedin.",
P3,image-0017-instance-009,17,20260729_100056.jpg,9,4,0.00088138,UNVERIFIED_HUMAN_ANNOTATION,"Bu insan çizimi polygon, görünür ön yüz kurallarına göre henüz doğrulanmadı.","Ön yüz kapsamını, yan yüzlerin dışarıda kalmasını, gölge/örtüşme sınırını ve çizim hassasiyetini kontrol edip insan kararını kaydedin.",
P3,image-0017-instance-010,17,20260729_100056.jpg,10,4,0.00089469,UNVERIFIED_HUMAN_ANNOTATION,"Bu insan çizimi polygon, görünür ön yüz kurallarına göre henüz doğrulanmadı.","Ön yüz kapsamını, yan yüzlerin dışarıda kalmasını, gölge/örtüşme sınırını ve çizim hassasiyetini kontrol edip insan kararını kaydedin.",
P3,image-0017-instance-011,17,20260729_100056.jpg,11,4,0.00089118,UNVERIFIED_HUMAN_ANNOTATION,"Bu insan çizimi polygon, görünür ön yüz kurallarına göre henüz doğrulanmadı.","Ön yüz kapsamını, yan yüzlerin dışarıda kalmasını, gölge/örtüşme sınırını ve çizim hassasiyetini kontrol edip insan kararını kaydedin.",
P3,image-0017-instance-012,17,20260729_100056.jpg,12,4,0.00089198,UNVERIFIED_HUMAN_ANNOTATION,"Bu insan çizimi polygon, görünür ön yüz kurallarına göre henüz doğrulanmadı.","Ön yüz kapsamını, yan yüzlerin dışarıda kalmasını, gölge/örtüşme sınırını ve çizim hassasiyetini kontrol edip insan kararını kaydedin.",
P3,image-0017-instance-013,17,20260729_100056.jpg,13,4,0.00092908,UNVERIFIED_HUMAN_ANNOTATION,"Bu insan çizimi polygon, görünür ön yüz kurallarına göre henüz doğrulanmadı.","Ön yüz kapsamını, yan yüzlerin dışarıda kalmasını, gölge/örtüşme sınırını ve çizim hassasiyetini kontrol edip insan kararını kaydedin.",
P3,image-0017-instance-014,17,20260729_100056.jpg,14,4,0.00098403,UNVERIFIED_HUMAN_ANNOTATION,"Bu insan çizimi polygon, görünür ön yüz kurallarına göre henüz doğrulanmadı.","Ön yüz kapsamını, yan yüzlerin dışarıda kalmasını, gölge/örtüşme sınırını ve çizim hassasiyetini kontrol edip insan kararını kaydedin.",
P3,image-0018-instance-001,18,20260729_102201.jpg,1,4,0.00149867,UNVERIFIED_HUMAN_ANNOTATION,"Bu insan çizimi polygon, görünür ön yüz kurallarına göre henüz doğrulanmadı.","Ön yüz kapsamını, yan yüzlerin dışarıda kalmasını, gölge/örtüşme sınırını ve çizim hassasiyetini kontrol edip insan kararını kaydedin.",
P3,image-0018-instance-002,18,20260729_102201.jpg,2,4,0.00156398,UNVERIFIED_HUMAN_ANNOTATION,"Bu insan çizimi polygon, görünür ön yüz kurallarına göre henüz doğrulanmadı.","Ön yüz kapsamını, yan yüzlerin dışarıda kalmasını, gölge/örtüşme sınırını ve çizim hassasiyetini kontrol edip insan kararını kaydedin.",
P3,image-0018-instance-003,18,20260729_102201.jpg,3,4,0.00151573,UNVERIFIED_HUMAN_ANNOTATION,"Bu insan çizimi polygon, görünür ön yüz kurallarına göre henüz doğrulanmadı.","Ön yüz kapsamını, yan yüzlerin dışarıda kalmasını, gölge/örtüşme sınırını ve çizim hassasiyetini kontrol edip insan kararını kaydedin.",
P3,image-0018-instance-004,18,20260729_102201.jpg,4,4,0.00158419,UNVERIFIED_HUMAN_ANNOTATION,"Bu insan çizimi polygon, görünür ön yüz kurallarına göre henüz doğrulanmadı.","Ön yüz kapsamını, yan yüzlerin dışarıda kalmasını, gölge/örtüşme sınırını ve çizim hassasiyetini kontrol edip insan kararını kaydedin.",
P3,image-0018-instance-005,18,20260729_102201.jpg,5,4,0.00155933,UNVERIFIED_HUMAN_ANNOTATION,"Bu insan çizimi polygon, görünür ön yüz kurallarına göre henüz doğrulanmadı.","Ön yüz kapsamını, yan yüzlerin dışarıda kalmasını, gölge/örtüşme sınırını ve çizim hassasiyetini kontrol edip insan kararını kaydedin.",
P3,image-0018-instance-006,18,20260729_102201.jpg,6,4,0.00152916,UNVERIFIED_HUMAN_ANNOTATION,"Bu insan çizimi polygon, görünür ön yüz kurallarına göre henüz doğrulanmadı.","Ön yüz kapsamını, yan yüzlerin dışarıda kalmasını, gölge/örtüşme sınırını ve çizim hassasiyetini kontrol edip insan kararını kaydedin.",
P3,image-0018-instance-007,18,20260729_102201.jpg,7,4,0.00144140,UNVERIFIED_HUMAN_ANNOTATION,"Bu insan çizimi polygon, görünür ön yüz kurallarına göre henüz doğrulanmadı.","Ön yüz kapsamını, yan yüzlerin dışarıda kalmasını, gölge/örtüşme sınırını ve çizim hassasiyetini kontrol edip insan kararını kaydedin.",
P3,image-0018-instance-008,18,20260729_102201.jpg,8,4,0.00148714,UNVERIFIED_HUMAN_ANNOTATION,"Bu insan çizimi polygon, görünür ön yüz kurallarına göre henüz doğrulanmadı.","Ön yüz kapsamını, yan yüzlerin dışarıda kalmasını, gölge/örtüşme sınırını ve çizim hassasiyetini kontrol edip insan kararını kaydedin.",
P3,image-0019-instance-001,19,20260729_102225.jpg,1,4,0.00290793,UNVERIFIED_HUMAN_ANNOTATION,"Bu insan çizimi polygon, görünür ön yüz kurallarına göre henüz doğrulanmadı.","Ön yüz kapsamını, yan yüzlerin dışarıda kalmasını, gölge/örtüşme sınırını ve çizim hassasiyetini kontrol edip insan kararını kaydedin.",
P2,image-0019-instance-002,19,20260729_102225.jpg,2,5,0.00219688,FRAME_BOUNDARY_TRUNCATION_REVIEW|MULTISIDED_VISIBLE_REGION_REVIEW|UNVERIFIED_HUMAN_ANNOTATION,Şekil veya görüntü sınırında kesilme fiziksel olarak yorumlanmalı; köşe sayısı tek başına hata değildir.,"Polygonun yalnızca görünen ön yüzü izlediğini, örtücü nesnede/görüntü kenarında durduğunu ve gizli geometri uydurmadığını doğrulayın.",
P3,image-0019-instance-003,19,20260729_102225.jpg,3,4,0.00286837,UNVERIFIED_HUMAN_ANNOTATION,"Bu insan çizimi polygon, görünür ön yüz kurallarına göre henüz doğrulanmadı.","Ön yüz kapsamını, yan yüzlerin dışarıda kalmasını, gölge/örtüşme sınırını ve çizim hassasiyetini kontrol edip insan kararını kaydedin.",
P3,image-0019-instance-004,19,20260729_102225.jpg,4,4,0.00291811,UNVERIFIED_HUMAN_ANNOTATION,"Bu insan çizimi polygon, görünür ön yüz kurallarına göre henüz doğrulanmadı.","Ön yüz kapsamını, yan yüzlerin dışarıda kalmasını, gölge/örtüşme sınırını ve çizim hassasiyetini kontrol edip insan kararını kaydedin.",
P3,image-0019-instance-005,19,20260729_102225.jpg,5,4,0.00275425,UNVERIFIED_HUMAN_ANNOTATION,"Bu insan çizimi polygon, görünür ön yüz kurallarına göre henüz doğrulanmadı.","Ön yüz kapsamını, yan yüzlerin dışarıda kalmasını, gölge/örtüşme sınırını ve çizim hassasiyetini kontrol edip insan kararını kaydedin.",
P3,image-0019-instance-006,19,20260729_102225.jpg,6,4,0.00317732,UNVERIFIED_HUMAN_ANNOTATION,"Bu insan çizimi polygon, görünür ön yüz kurallarına göre henüz doğrulanmadı.","Ön yüz kapsamını, yan yüzlerin dışarıda kalmasını, gölge/örtüşme sınırını ve çizim hassasiyetini kontrol edip insan kararını kaydedin.",
P2,image-0020-instance-001,20,20260729_102304.jpg,1,5,0.00456596,MULTISIDED_VISIBLE_REGION_REVIEW|UNVERIFIED_HUMAN_ANNOTATION,Şekil veya görüntü sınırında kesilme fiziksel olarak yorumlanmalı; köşe sayısı tek başına hata değildir.,"Polygonun yalnızca görünen ön yüzü izlediğini, örtücü nesnede/görüntü kenarında durduğunu ve gizli geometri uydurmadığını doğrulayın.",
P2,image-0020-instance-002,20,20260729_102304.jpg,2,5,0.00386394,MULTISIDED_VISIBLE_REGION_REVIEW|UNVERIFIED_HUMAN_ANNOTATION,Şekil veya görüntü sınırında kesilme fiziksel olarak yorumlanmalı; köşe sayısı tek başına hata değildir.,"Polygonun yalnızca görünen ön yüzü izlediğini, örtücü nesnede/görüntü kenarında durduğunu ve gizli geometri uydurmadığını doğrulayın.",
P3,image-0020-instance-003,20,20260729_102304.jpg,3,4,0.00415885,UNVERIFIED_HUMAN_ANNOTATION,"Bu insan çizimi polygon, görünür ön yüz kurallarına göre henüz doğrulanmadı.","Ön yüz kapsamını, yan yüzlerin dışarıda kalmasını, gölge/örtüşme sınırını ve çizim hassasiyetini kontrol edip insan kararını kaydedin.",
P3,image-0020-instance-004,20,20260729_102304.jpg,4,4,0.00468903,UNVERIFIED_HUMAN_ANNOTATION,"Bu insan çizimi polygon, görünür ön yüz kurallarına göre henüz doğrulanmadı.","Ön yüz kapsamını, yan yüzlerin dışarıda kalmasını, gölge/örtüşme sınırını ve çizim hassasiyetini kontrol edip insan kararını kaydedin.",
P3,image-0020-instance-005,20,20260729_102304.jpg,5,4,0.00465618,UNVERIFIED_HUMAN_ANNOTATION,"Bu insan çizimi polygon, görünür ön yüz kurallarına göre henüz doğrulanmadı.","Ön yüz kapsamını, yan yüzlerin dışarıda kalmasını, gölge/örtüşme sınırını ve çizim hassasiyetini kontrol edip insan kararını kaydedin.",
P3,image-0021-instance-001,21,20260729_102330.jpg,1,4,0.00863458,UNVERIFIED_HUMAN_ANNOTATION,"Bu insan çizimi polygon, görünür ön yüz kurallarına göre henüz doğrulanmadı.","Ön yüz kapsamını, yan yüzlerin dışarıda kalmasını, gölge/örtüşme sınırını ve çizim hassasiyetini kontrol edip insan kararını kaydedin.",
P3,image-0021-instance-002,21,20260729_102330.jpg,2,4,0.00843996,UNVERIFIED_HUMAN_ANNOTATION,"Bu insan çizimi polygon, görünür ön yüz kurallarına göre henüz doğrulanmadı.","Ön yüz kapsamını, yan yüzlerin dışarıda kalmasını, gölge/örtüşme sınırını ve çizim hassasiyetini kontrol edip insan kararını kaydedin.",
P2,image-0021-instance-003,21,20260729_102330.jpg,3,5,0.00850999,MULTISIDED_VISIBLE_REGION_REVIEW|UNVERIFIED_HUMAN_ANNOTATION,Şekil veya görüntü sınırında kesilme fiziksel olarak yorumlanmalı; köşe sayısı tek başına hata değildir.,"Polygonun yalnızca görünen ön yüzü izlediğini, örtücü nesnede/görüntü kenarında durduğunu ve gizli geometri uydurmadığını doğrulayın.",
P2,image-0022-instance-001,22,20260729_102539.jpg,1,5,0.02958242,FRAME_BOUNDARY_TRUNCATION_REVIEW|MULTISIDED_VISIBLE_REGION_REVIEW|UNVERIFIED_HUMAN_ANNOTATION,Şekil veya görüntü sınırında kesilme fiziksel olarak yorumlanmalı; köşe sayısı tek başına hata değildir.,"Polygonun yalnızca görünen ön yüzü izlediğini, örtücü nesnede/görüntü kenarında durduğunu ve gizli geometri uydurmadığını doğrulayın.",
P2,image-0022-instance-002,22,20260729_102539.jpg,2,6,0.03583030,CONCAVE_VISIBLE_REGION_REVIEW|MULTISIDED_VISIBLE_REGION_REVIEW|UNVERIFIED_HUMAN_ANNOTATION,Şekil veya görüntü sınırında kesilme fiziksel olarak yorumlanmalı; köşe sayısı tek başına hata değildir.,"Polygonun yalnızca görünen ön yüzü izlediğini, örtücü nesnede/görüntü kenarında durduğunu ve gizli geometri uydurmadığını doğrulayın.",
P2,image-0023-instance-001,23,20260729_102615.jpg,1,7,0.05798734,FRAME_BOUNDARY_TRUNCATION_REVIEW|MULTISIDED_VISIBLE_REGION_REVIEW|UNVERIFIED_HUMAN_ANNOTATION,Şekil veya görüntü sınırında kesilme fiziksel olarak yorumlanmalı; köşe sayısı tek başına hata değildir.,"Polygonun yalnızca görünen ön yüzü izlediğini, örtücü nesnede/görüntü kenarında durduğunu ve gizli geometri uydurmadığını doğrulayın.",
P3,image-0023-instance-002,23,20260729_102615.jpg,2,4,0.07274034,UNVERIFIED_HUMAN_ANNOTATION,"Bu insan çizimi polygon, görünür ön yüz kurallarına göre henüz doğrulanmadı.","Ön yüz kapsamını, yan yüzlerin dışarıda kalmasını, gölge/örtüşme sınırını ve çizim hassasiyetini kontrol edip insan kararını kaydedin.",
P3,image-0024-instance-001,24,20260729_102620.jpg,1,4,0.00556413,UNVERIFIED_HUMAN_ANNOTATION,"Bu insan çizimi polygon, görünür ön yüz kurallarına göre henüz doğrulanmadı.","Ön yüz kapsamını, yan yüzlerin dışarıda kalmasını, gölge/örtüşme sınırını ve çizim hassasiyetini kontrol edip insan kararını kaydedin.",
P3,image-0024-instance-002,24,20260729_102620.jpg,2,4,0.00517889,UNVERIFIED_HUMAN_ANNOTATION,"Bu insan çizimi polygon, görünür ön yüz kurallarına göre henüz doğrulanmadı.","Ön yüz kapsamını, yan yüzlerin dışarıda kalmasını, gölge/örtüşme sınırını ve çizim hassasiyetini kontrol edip insan kararını kaydedin.",
P3,image-0024-instance-003,24,20260729_102620.jpg,3,4,0.00530368,UNVERIFIED_HUMAN_ANNOTATION,"Bu insan çizimi polygon, görünür ön yüz kurallarına göre henüz doğrulanmadı.","Ön yüz kapsamını, yan yüzlerin dışarıda kalmasını, gölge/örtüşme sınırını ve çizim hassasiyetini kontrol edip insan kararını kaydedin.",
P3,image-0024-instance-004,24,20260729_102620.jpg,4,4,0.00549165,UNVERIFIED_HUMAN_ANNOTATION,"Bu insan çizimi polygon, görünür ön yüz kurallarına göre henüz doğrulanmadı.","Ön yüz kapsamını, yan yüzlerin dışarıda kalmasını, gölge/örtüşme sınırını ve çizim hassasiyetini kontrol edip insan kararını kaydedin.",
P3,image-0024-instance-005,24,20260729_102620.jpg,5,4,0.00528838,UNVERIFIED_HUMAN_ANNOTATION,"Bu insan çizimi polygon, görünür ön yüz kurallarına göre henüz doğrulanmadı.","Ön yüz kapsamını, yan yüzlerin dışarıda kalmasını, gölge/örtüşme sınırını ve çizim hassasiyetini kontrol edip insan kararını kaydedin.",
P3,image-0024-instance-006,24,20260729_102620.jpg,6,4,0.00548048,UNVERIFIED_HUMAN_ANNOTATION,"Bu insan çizimi polygon, görünür ön yüz kurallarına göre henüz doğrulanmadı.","Ön yüz kapsamını, yan yüzlerin dışarıda kalmasını, gölge/örtüşme sınırını ve çizim hassasiyetini kontrol edip insan kararını kaydedin.",
P2,image-0025-instance-001,25,20260729_102803.jpg,1,6,0.00412596,CONCAVE_VISIBLE_REGION_REVIEW|MULTISIDED_VISIBLE_REGION_REVIEW|UNVERIFIED_HUMAN_ANNOTATION,Şekil veya görüntü sınırında kesilme fiziksel olarak yorumlanmalı; köşe sayısı tek başına hata değildir.,"Polygonun yalnızca görünen ön yüzü izlediğini, örtücü nesnede/görüntü kenarında durduğunu ve gizli geometri uydurmadığını doğrulayın.",
P3,image-0025-instance-002,25,20260729_102803.jpg,2,4,0.00406493,UNVERIFIED_HUMAN_ANNOTATION,"Bu insan çizimi polygon, görünür ön yüz kurallarına göre henüz doğrulanmadı.","Ön yüz kapsamını, yan yüzlerin dışarıda kalmasını, gölge/örtüşme sınırını ve çizim hassasiyetini kontrol edip insan kararını kaydedin.",
P3,image-0025-instance-003,25,20260729_102803.jpg,3,4,0.00434462,UNVERIFIED_HUMAN_ANNOTATION,"Bu insan çizimi polygon, görünür ön yüz kurallarına göre henüz doğrulanmadı.","Ön yüz kapsamını, yan yüzlerin dışarıda kalmasını, gölge/örtüşme sınırını ve çizim hassasiyetini kontrol edip insan kararını kaydedin.",
P3,image-0025-instance-004,25,20260729_102803.jpg,4,4,0.00446795,UNVERIFIED_HUMAN_ANNOTATION,"Bu insan çizimi polygon, görünür ön yüz kurallarına göre henüz doğrulanmadı.","Ön yüz kapsamını, yan yüzlerin dışarıda kalmasını, gölge/örtüşme sınırını ve çizim hassasiyetini kontrol edip insan kararını kaydedin.",
P2,image-0026-instance-001,26,20260729_102830.jpg,1,5,0.00305715,FRAME_BOUNDARY_TRUNCATION_REVIEW|MULTISIDED_VISIBLE_REGION_REVIEW|UNVERIFIED_HUMAN_ANNOTATION,Şekil veya görüntü sınırında kesilme fiziksel olarak yorumlanmalı; köşe sayısı tek başına hata değildir.,"Polygonun yalnızca görünen ön yüzü izlediğini, örtücü nesnede/görüntü kenarında durduğunu ve gizli geometri uydurmadığını doğrulayın.",
P3,image-0026-instance-002,26,20260729_102830.jpg,2,4,0.00619241,UNVERIFIED_HUMAN_ANNOTATION,"Bu insan çizimi polygon, görünür ön yüz kurallarına göre henüz doğrulanmadı.","Ön yüz kapsamını, yan yüzlerin dışarıda kalmasını, gölge/örtüşme sınırını ve çizim hassasiyetini kontrol edip insan kararını kaydedin.",
P2,image-0026-instance-003,26,20260729_102830.jpg,3,7,0.00570507,CONCAVE_VISIBLE_REGION_REVIEW|MULTISIDED_VISIBLE_REGION_REVIEW|UNVERIFIED_HUMAN_ANNOTATION,Şekil veya görüntü sınırında kesilme fiziksel olarak yorumlanmalı; köşe sayısı tek başına hata değildir.,"Polygonun yalnızca görünen ön yüzü izlediğini, örtücü nesnede/görüntü kenarında durduğunu ve gizli geometri uydurmadığını doğrulayın.",
P2,image-0026-instance-004,26,20260729_102830.jpg,4,7,0.00512800,CONCAVE_VISIBLE_REGION_REVIEW|MULTISIDED_VISIBLE_REGION_REVIEW|UNVERIFIED_HUMAN_ANNOTATION,Şekil veya görüntü sınırında kesilme fiziksel olarak yorumlanmalı; köşe sayısı tek başına hata değildir.,"Polygonun yalnızca görünen ön yüzü izlediğini, örtücü nesnede/görüntü kenarında durduğunu ve gizli geometri uydurmadığını doğrulayın.",
P2,image-0026-instance-005,26,20260729_102830.jpg,5,4,0.00122645,FRAME_BOUNDARY_TRUNCATION_REVIEW|UNVERIFIED_HUMAN_ANNOTATION,Şekil veya görüntü sınırında kesilme fiziksel olarak yorumlanmalı; köşe sayısı tek başına hata değildir.,"Polygonun yalnızca görünen ön yüzü izlediğini, örtücü nesnede/görüntü kenarında durduğunu ve gizli geometri uydurmadığını doğrulayın.",
P3,image-0026-instance-006,26,20260729_102830.jpg,6,4,0.00561159,UNVERIFIED_HUMAN_ANNOTATION,"Bu insan çizimi polygon, görünür ön yüz kurallarına göre henüz doğrulanmadı.","Ön yüz kapsamını, yan yüzlerin dışarıda kalmasını, gölge/örtüşme sınırını ve çizim hassasiyetini kontrol edip insan kararını kaydedin.",
P3,image-0027-instance-001,27,20260729_102857.jpg,1,4,0.00675459,UNVERIFIED_HUMAN_ANNOTATION,"Bu insan çizimi polygon, görünür ön yüz kurallarına göre henüz doğrulanmadı.","Ön yüz kapsamını, yan yüzlerin dışarıda kalmasını, gölge/örtüşme sınırını ve çizim hassasiyetini kontrol edip insan kararını kaydedin.",
P3,image-0027-instance-002,27,20260729_102857.jpg,2,4,0.00659019,UNVERIFIED_HUMAN_ANNOTATION,"Bu insan çizimi polygon, görünür ön yüz kurallarına göre henüz doğrulanmadı.","Ön yüz kapsamını, yan yüzlerin dışarıda kalmasını, gölge/örtüşme sınırını ve çizim hassasiyetini kontrol edip insan kararını kaydedin.",
P3,image-0027-instance-003,27,20260729_102857.jpg,3,4,0.00576581,UNVERIFIED_HUMAN_ANNOTATION,"Bu insan çizimi polygon, görünür ön yüz kurallarına göre henüz doğrulanmadı.","Ön yüz kapsamını, yan yüzlerin dışarıda kalmasını, gölge/örtüşme sınırını ve çizim hassasiyetini kontrol edip insan kararını kaydedin.",
P3,image-0027-instance-004,27,20260729_102857.jpg,4,4,0.00589567,UNVERIFIED_HUMAN_ANNOTATION,"Bu insan çizimi polygon, görünür ön yüz kurallarına göre henüz doğrulanmadı.","Ön yüz kapsamını, yan yüzlerin dışarıda kalmasını, gölge/örtüşme sınırını ve çizim hassasiyetini kontrol edip insan kararını kaydedin.",
P3,image-0027-instance-005,27,20260729_102857.jpg,5,4,0.00567370,UNVERIFIED_HUMAN_ANNOTATION,"Bu insan çizimi polygon, görünür ön yüz kurallarına göre henüz doğrulanmadı.","Ön yüz kapsamını, yan yüzlerin dışarıda kalmasını, gölge/örtüşme sınırını ve çizim hassasiyetini kontrol edip insan kararını kaydedin.",
P3,image-0027-instance-006,27,20260729_102857.jpg,6,4,0.00682270,UNVERIFIED_HUMAN_ANNOTATION,"Bu insan çizimi polygon, görünür ön yüz kurallarına göre henüz doğrulanmadı.","Ön yüz kapsamını, yan yüzlerin dışarıda kalmasını, gölge/örtüşme sınırını ve çizim hassasiyetini kontrol edip insan kararını kaydedin.",
P2,image-0027-instance-007,27,20260729_102857.jpg,7,4,0.00224287,FRAME_BOUNDARY_TRUNCATION_REVIEW|UNVERIFIED_HUMAN_ANNOTATION,Şekil veya görüntü sınırında kesilme fiziksel olarak yorumlanmalı; köşe sayısı tek başına hata değildir.,"Polygonun yalnızca görünen ön yüzü izlediğini, örtücü nesnede/görüntü kenarında durduğunu ve gizli geometri uydurmadığını doğrulayın.",
P3,image-0028-instance-001,28,20260729_102919.jpg,1,4,0.00593589,UNVERIFIED_HUMAN_ANNOTATION,"Bu insan çizimi polygon, görünür ön yüz kurallarına göre henüz doğrulanmadı.","Ön yüz kapsamını, yan yüzlerin dışarıda kalmasını, gölge/örtüşme sınırını ve çizim hassasiyetini kontrol edip insan kararını kaydedin.",
P3,image-0028-instance-002,28,20260729_102919.jpg,2,4,0.00601825,UNVERIFIED_HUMAN_ANNOTATION,"Bu insan çizimi polygon, görünür ön yüz kurallarına göre henüz doğrulanmadı.","Ön yüz kapsamını, yan yüzlerin dışarıda kalmasını, gölge/örtüşme sınırını ve çizim hassasiyetini kontrol edip insan kararını kaydedin.",
P3,image-0028-instance-003,28,20260729_102919.jpg,3,4,0.00578465,UNVERIFIED_HUMAN_ANNOTATION,"Bu insan çizimi polygon, görünür ön yüz kurallarına göre henüz doğrulanmadı.","Ön yüz kapsamını, yan yüzlerin dışarıda kalmasını, gölge/örtüşme sınırını ve çizim hassasiyetini kontrol edip insan kararını kaydedin.",
P3,image-0028-instance-004,28,20260729_102919.jpg,4,4,0.00574341,UNVERIFIED_HUMAN_ANNOTATION,"Bu insan çizimi polygon, görünür ön yüz kurallarına göre henüz doğrulanmadı.","Ön yüz kapsamını, yan yüzlerin dışarıda kalmasını, gölge/örtüşme sınırını ve çizim hassasiyetini kontrol edip insan kararını kaydedin.",
P3,image-0029-instance-001,29,20260729_103540.jpg,1,4,0.01933299,UNVERIFIED_HUMAN_ANNOTATION,"Bu insan çizimi polygon, görünür ön yüz kurallarına göre henüz doğrulanmadı.","Ön yüz kapsamını, yan yüzlerin dışarıda kalmasını, gölge/örtüşme sınırını ve çizim hassasiyetini kontrol edip insan kararını kaydedin.",
P3,image-0030-instance-001,30,20260729_103556.jpg,1,4,0.00659706,UNVERIFIED_HUMAN_ANNOTATION,"Bu insan çizimi polygon, görünür ön yüz kurallarına göre henüz doğrulanmadı.","Ön yüz kapsamını, yan yüzlerin dışarıda kalmasını, gölge/örtüşme sınırını ve çizim hassasiyetini kontrol edip insan kararını kaydedin.",
P3,image-0031-instance-001,31,20260729_103803.jpg,1,4,0.01668596,UNVERIFIED_HUMAN_ANNOTATION,"Bu insan çizimi polygon, görünür ön yüz kurallarına göre henüz doğrulanmadı.","Ön yüz kapsamını, yan yüzlerin dışarıda kalmasını, gölge/örtüşme sınırını ve çizim hassasiyetini kontrol edip insan kararını kaydedin.",
P3,image-0031-instance-002,31,20260729_103803.jpg,2,4,0.01533259,UNVERIFIED_HUMAN_ANNOTATION,"Bu insan çizimi polygon, görünür ön yüz kurallarına göre henüz doğrulanmadı.","Ön yüz kapsamını, yan yüzlerin dışarıda kalmasını, gölge/örtüşme sınırını ve çizim hassasiyetini kontrol edip insan kararını kaydedin.",
P3,image-0031-instance-003,31,20260729_103803.jpg,3,4,0.01720704,UNVERIFIED_HUMAN_ANNOTATION,"Bu insan çizimi polygon, görünür ön yüz kurallarına göre henüz doğrulanmadı.","Ön yüz kapsamını, yan yüzlerin dışarıda kalmasını, gölge/örtüşme sınırını ve çizim hassasiyetini kontrol edip insan kararını kaydedin.",
P3,image-0031-instance-004,31,20260729_103803.jpg,4,4,0.01867918,UNVERIFIED_HUMAN_ANNOTATION,"Bu insan çizimi polygon, görünür ön yüz kurallarına göre henüz doğrulanmadı.","Ön yüz kapsamını, yan yüzlerin dışarıda kalmasını, gölge/örtüşme sınırını ve çizim hassasiyetini kontrol edip insan kararını kaydedin.",
P3,image-0031-instance-005,31,20260729_103803.jpg,5,4,0.01918918,UNVERIFIED_HUMAN_ANNOTATION,"Bu insan çizimi polygon, görünür ön yüz kurallarına göre henüz doğrulanmadı.","Ön yüz kapsamını, yan yüzlerin dışarıda kalmasını, gölge/örtüşme sınırını ve çizim hassasiyetini kontrol edip insan kararını kaydedin.",
P2,image-0031-instance-006,31,20260729_103803.jpg,6,4,0.02050992,FRAME_BOUNDARY_TRUNCATION_REVIEW|UNVERIFIED_HUMAN_ANNOTATION,Şekil veya görüntü sınırında kesilme fiziksel olarak yorumlanmalı; köşe sayısı tek başına hata değildir.,"Polygonun yalnızca görünen ön yüzü izlediğini, örtücü nesnede/görüntü kenarında durduğunu ve gizli geometri uydurmadığını doğrulayın.",
P3,image-0031-instance-007,31,20260729_103803.jpg,7,4,0.01437434,UNVERIFIED_HUMAN_ANNOTATION,"Bu insan çizimi polygon, görünür ön yüz kurallarına göre henüz doğrulanmadı.","Ön yüz kapsamını, yan yüzlerin dışarıda kalmasını, gölge/örtüşme sınırını ve çizim hassasiyetini kontrol edip insan kararını kaydedin.",
P3,image-0031-instance-008,31,20260729_103803.jpg,8,4,0.01431097,UNVERIFIED_HUMAN_ANNOTATION,"Bu insan çizimi polygon, görünür ön yüz kurallarına göre henüz doğrulanmadı.","Ön yüz kapsamını, yan yüzlerin dışarıda kalmasını, gölge/örtüşme sınırını ve çizim hassasiyetini kontrol edip insan kararını kaydedin.",
P3,image-0031-instance-009,31,20260729_103803.jpg,9,4,0.01381061,UNVERIFIED_HUMAN_ANNOTATION,"Bu insan çizimi polygon, görünür ön yüz kurallarına göre henüz doğrulanmadı.","Ön yüz kapsamını, yan yüzlerin dışarıda kalmasını, gölge/örtüşme sınırını ve çizim hassasiyetini kontrol edip insan kararını kaydedin.",
P3,image-0031-instance-010,31,20260729_103803.jpg,10,4,0.01517687,UNVERIFIED_HUMAN_ANNOTATION,"Bu insan çizimi polygon, görünür ön yüz kurallarına göre henüz doğrulanmadı.","Ön yüz kapsamını, yan yüzlerin dışarıda kalmasını, gölge/örtüşme sınırını ve çizim hassasiyetini kontrol edip insan kararını kaydedin.",
P3,image-0031-instance-011,31,20260729_103803.jpg,11,4,0.01779293,UNVERIFIED_HUMAN_ANNOTATION,"Bu insan çizimi polygon, görünür ön yüz kurallarına göre henüz doğrulanmadı.","Ön yüz kapsamını, yan yüzlerin dışarıda kalmasını, gölge/örtüşme sınırını ve çizim hassasiyetini kontrol edip insan kararını kaydedin.",
P3,image-0031-instance-012,31,20260729_103803.jpg,12,4,0.01761156,UNVERIFIED_HUMAN_ANNOTATION,"Bu insan çizimi polygon, görünür ön yüz kurallarına göre henüz doğrulanmadı.","Ön yüz kapsamını, yan yüzlerin dışarıda kalmasını, gölge/örtüşme sınırını ve çizim hassasiyetini kontrol edip insan kararını kaydedin.",
P2,image-0031-instance-013,31,20260729_103803.jpg,13,4,0.01032768,FRAME_BOUNDARY_TRUNCATION_REVIEW|UNVERIFIED_HUMAN_ANNOTATION,Şekil veya görüntü sınırında kesilme fiziksel olarak yorumlanmalı; köşe sayısı tek başına hata değildir.,"Polygonun yalnızca görünen ön yüzü izlediğini, örtücü nesnede/görüntü kenarında durduğunu ve gizli geometri uydurmadığını doğrulayın.",
P2,image-0031-instance-014,31,20260729_103803.jpg,14,5,0.00825175,FRAME_BOUNDARY_TRUNCATION_REVIEW|MULTISIDED_VISIBLE_REGION_REVIEW|UNVERIFIED_HUMAN_ANNOTATION,Şekil veya görüntü sınırında kesilme fiziksel olarak yorumlanmalı; köşe sayısı tek başına hata değildir.,"Polygonun yalnızca görünen ön yüzü izlediğini, örtücü nesnede/görüntü kenarında durduğunu ve gizli geometri uydurmadığını doğrulayın.",
P3,image-0031-instance-015,31,20260729_103803.jpg,15,4,0.01509550,UNVERIFIED_HUMAN_ANNOTATION,"Bu insan çizimi polygon, görünür ön yüz kurallarına göre henüz doğrulanmadı.","Ön yüz kapsamını, yan yüzlerin dışarıda kalmasını, gölge/örtüşme sınırını ve çizim hassasiyetini kontrol edip insan kararını kaydedin.",
P3,image-0031-instance-016,31,20260729_103803.jpg,16,4,0.01510763,UNVERIFIED_HUMAN_ANNOTATION,"Bu insan çizimi polygon, görünür ön yüz kurallarına göre henüz doğrulanmadı.","Ön yüz kapsamını, yan yüzlerin dışarıda kalmasını, gölge/örtüşme sınırını ve çizim hassasiyetini kontrol edip insan kararını kaydedin.",
P3,image-0031-instance-017,31,20260729_103803.jpg,17,4,0.01658342,UNVERIFIED_HUMAN_ANNOTATION,"Bu insan çizimi polygon, görünür ön yüz kurallarına göre henüz doğrulanmadı.","Ön yüz kapsamını, yan yüzlerin dışarıda kalmasını, gölge/örtüşme sınırını ve çizim hassasiyetini kontrol edip insan kararını kaydedin.",
P3,image-0031-instance-018,31,20260729_103803.jpg,18,4,0.01649469,UNVERIFIED_HUMAN_ANNOTATION,"Bu insan çizimi polygon, görünür ön yüz kurallarına göre henüz doğrulanmadı.","Ön yüz kapsamını, yan yüzlerin dışarıda kalmasını, gölge/örtüşme sınırını ve çizim hassasiyetini kontrol edip insan kararını kaydedin.",
P3,image-0031-instance-019,31,20260729_103803.jpg,19,4,0.01759482,UNVERIFIED_HUMAN_ANNOTATION,"Bu insan çizimi polygon, görünür ön yüz kurallarına göre henüz doğrulanmadı.","Ön yüz kapsamını, yan yüzlerin dışarıda kalmasını, gölge/örtüşme sınırını ve çizim hassasiyetini kontrol edip insan kararını kaydedin.",
P2,image-0031-instance-020,31,20260729_103803.jpg,20,5,0.01757305,FRAME_BOUNDARY_TRUNCATION_REVIEW|MULTISIDED_VISIBLE_REGION_REVIEW|UNVERIFIED_HUMAN_ANNOTATION,Şekil veya görüntü sınırında kesilme fiziksel olarak yorumlanmalı; köşe sayısı tek başına hata değildir.,"Polygonun yalnızca görünen ön yüzü izlediğini, örtücü nesnede/görüntü kenarında durduğunu ve gizli geometri uydurmadığını doğrulayın.",
P3,image-0031-instance-021,31,20260729_103803.jpg,21,4,0.01585019,UNVERIFIED_HUMAN_ANNOTATION,"Bu insan çizimi polygon, görünür ön yüz kurallarına göre henüz doğrulanmadı.","Ön yüz kapsamını, yan yüzlerin dışarıda kalmasını, gölge/örtüşme sınırını ve çizim hassasiyetini kontrol edip insan kararını kaydedin.",
P2,image-0031-instance-022,31,20260729_103803.jpg,22,5,0.01206858,CONCAVE_VISIBLE_REGION_REVIEW|MULTISIDED_VISIBLE_REGION_REVIEW|UNVERIFIED_HUMAN_ANNOTATION,Şekil veya görüntü sınırında kesilme fiziksel olarak yorumlanmalı; köşe sayısı tek başına hata değildir.,"Polygonun yalnızca görünen ön yüzü izlediğini, örtücü nesnede/görüntü kenarında durduğunu ve gizli geometri uydurmadığını doğrulayın.",
P3,image-0031-instance-023,31,20260729_103803.jpg,23,4,0.02148915,UNVERIFIED_HUMAN_ANNOTATION,"Bu insan çizimi polygon, görünür ön yüz kurallarına göre henüz doğrulanmadı.","Ön yüz kapsamını, yan yüzlerin dışarıda kalmasını, gölge/örtüşme sınırını ve çizim hassasiyetini kontrol edip insan kararını kaydedin.",
P3,image-0031-instance-024,31,20260729_103803.jpg,24,4,0.02440608,UNVERIFIED_HUMAN_ANNOTATION,"Bu insan çizimi polygon, görünür ön yüz kurallarına göre henüz doğrulanmadı.","Ön yüz kapsamını, yan yüzlerin dışarıda kalmasını, gölge/örtüşme sınırını ve çizim hassasiyetini kontrol edip insan kararını kaydedin.",
P3,image-0031-instance-025,31,20260729_103803.jpg,25,4,0.02652792,UNVERIFIED_HUMAN_ANNOTATION,"Bu insan çizimi polygon, görünür ön yüz kurallarına göre henüz doğrulanmadı.","Ön yüz kapsamını, yan yüzlerin dışarıda kalmasını, gölge/örtüşme sınırını ve çizim hassasiyetini kontrol edip insan kararını kaydedin.",
P3,image-0031-instance-026,31,20260729_103803.jpg,26,4,0.01970550,UNVERIFIED_HUMAN_ANNOTATION,"Bu insan çizimi polygon, görünür ön yüz kurallarına göre henüz doğrulanmadı.","Ön yüz kapsamını, yan yüzlerin dışarıda kalmasını, gölge/örtüşme sınırını ve çizim hassasiyetini kontrol edip insan kararını kaydedin.",
P2,image-0032-instance-001,32,20260729_103823.jpg,1,4,0.01451051,FRAME_BOUNDARY_TRUNCATION_REVIEW|UNVERIFIED_HUMAN_ANNOTATION,Şekil veya görüntü sınırında kesilme fiziksel olarak yorumlanmalı; köşe sayısı tek başına hata değildir.,"Polygonun yalnızca görünen ön yüzü izlediğini, örtücü nesnede/görüntü kenarında durduğunu ve gizli geometri uydurmadığını doğrulayın.",
P3,image-0032-instance-002,32,20260729_103823.jpg,2,4,0.01576777,UNVERIFIED_HUMAN_ANNOTATION,"Bu insan çizimi polygon, görünür ön yüz kurallarına göre henüz doğrulanmadı.","Ön yüz kapsamını, yan yüzlerin dışarıda kalmasını, gölge/örtüşme sınırını ve çizim hassasiyetini kontrol edip insan kararını kaydedin.",
P3,image-0032-instance-003,32,20260729_103823.jpg,3,4,0.01429248,UNVERIFIED_HUMAN_ANNOTATION,"Bu insan çizimi polygon, görünür ön yüz kurallarına göre henüz doğrulanmadı.","Ön yüz kapsamını, yan yüzlerin dışarıda kalmasını, gölge/örtüşme sınırını ve çizim hassasiyetini kontrol edip insan kararını kaydedin.",
P3,image-0032-instance-004,32,20260729_103823.jpg,4,4,0.01802168,UNVERIFIED_HUMAN_ANNOTATION,"Bu insan çizimi polygon, görünür ön yüz kurallarına göre henüz doğrulanmadı.","Ön yüz kapsamını, yan yüzlerin dışarıda kalmasını, gölge/örtüşme sınırını ve çizim hassasiyetini kontrol edip insan kararını kaydedin.",
P3,image-0032-instance-005,32,20260729_103823.jpg,5,4,0.01658079,UNVERIFIED_HUMAN_ANNOTATION,"Bu insan çizimi polygon, görünür ön yüz kurallarına göre henüz doğrulanmadı.","Ön yüz kapsamını, yan yüzlerin dışarıda kalmasını, gölge/örtüşme sınırını ve çizim hassasiyetini kontrol edip insan kararını kaydedin.",
P3,image-0032-instance-006,32,20260729_103823.jpg,6,4,0.01866273,UNVERIFIED_HUMAN_ANNOTATION,"Bu insan çizimi polygon, görünür ön yüz kurallarına göre henüz doğrulanmadı.","Ön yüz kapsamını, yan yüzlerin dışarıda kalmasını, gölge/örtüşme sınırını ve çizim hassasiyetini kontrol edip insan kararını kaydedin.",
P2,image-0032-instance-007,32,20260729_103823.jpg,7,5,0.01162164,FRAME_BOUNDARY_TRUNCATION_REVIEW|MULTISIDED_VISIBLE_REGION_REVIEW|UNVERIFIED_HUMAN_ANNOTATION,Şekil veya görüntü sınırında kesilme fiziksel olarak yorumlanmalı; köşe sayısı tek başına hata değildir.,"Polygonun yalnızca görünen ön yüzü izlediğini, örtücü nesnede/görüntü kenarında durduğunu ve gizli geometri uydurmadığını doğrulayın.",
P2,image-0032-instance-008,32,20260729_103823.jpg,8,4,0.00673668,FRAME_BOUNDARY_TRUNCATION_REVIEW|UNVERIFIED_HUMAN_ANNOTATION,Şekil veya görüntü sınırında kesilme fiziksel olarak yorumlanmalı; köşe sayısı tek başına hata değildir.,"Polygonun yalnızca görünen ön yüzü izlediğini, örtücü nesnede/görüntü kenarında durduğunu ve gizli geometri uydurmadığını doğrulayın.",
P3,image-0032-instance-009,32,20260729_103823.jpg,9,4,0.01404170,UNVERIFIED_HUMAN_ANNOTATION,"Bu insan çizimi polygon, görünür ön yüz kurallarına göre henüz doğrulanmadı.","Ön yüz kapsamını, yan yüzlerin dışarıda kalmasını, gölge/örtüşme sınırını ve çizim hassasiyetini kontrol edip insan kararını kaydedin.",
P3,image-0032-instance-010,32,20260729_103823.jpg,10,4,0.01321449,UNVERIFIED_HUMAN_ANNOTATION,"Bu insan çizimi polygon, görünür ön yüz kurallarına göre henüz doğrulanmadı.","Ön yüz kapsamını, yan yüzlerin dışarıda kalmasını, gölge/örtüşme sınırını ve çizim hassasiyetini kontrol edip insan kararını kaydedin.",
P3,image-0032-instance-011,32,20260729_103823.jpg,11,4,0.01551490,UNVERIFIED_HUMAN_ANNOTATION,"Bu insan çizimi polygon, görünür ön yüz kurallarına göre henüz doğrulanmadı.","Ön yüz kapsamını, yan yüzlerin dışarıda kalmasını, gölge/örtüşme sınırını ve çizim hassasiyetini kontrol edip insan kararını kaydedin.",
P3,image-0032-instance-012,32,20260729_103823.jpg,12,4,0.01487384,UNVERIFIED_HUMAN_ANNOTATION,"Bu insan çizimi polygon, görünür ön yüz kurallarına göre henüz doğrulanmadı.","Ön yüz kapsamını, yan yüzlerin dışarıda kalmasını, gölge/örtüşme sınırını ve çizim hassasiyetini kontrol edip insan kararını kaydedin.",
P3,image-0032-instance-013,32,20260729_103823.jpg,13,4,0.01473739,UNVERIFIED_HUMAN_ANNOTATION,"Bu insan çizimi polygon, görünür ön yüz kurallarına göre henüz doğrulanmadı.","Ön yüz kapsamını, yan yüzlerin dışarıda kalmasını, gölge/örtüşme sınırını ve çizim hassasiyetini kontrol edip insan kararını kaydedin.",
P3,image-0032-instance-014,32,20260729_103823.jpg,14,4,0.01578948,UNVERIFIED_HUMAN_ANNOTATION,"Bu insan çizimi polygon, görünür ön yüz kurallarına göre henüz doğrulanmadı.","Ön yüz kapsamını, yan yüzlerin dışarıda kalmasını, gölge/örtüşme sınırını ve çizim hassasiyetini kontrol edip insan kararını kaydedin.",
P2,image-0032-instance-015,32,20260729_103823.jpg,15,5,0.01305873,CONCAVE_VISIBLE_REGION_REVIEW|FRAME_BOUNDARY_TRUNCATION_REVIEW|MULTISIDED_VISIBLE_REGION_REVIEW|UNVERIFIED_HUMAN_ANNOTATION,Şekil veya görüntü sınırında kesilme fiziksel olarak yorumlanmalı; köşe sayısı tek başına hata değildir.,"Polygonun yalnızca görünen ön yüzü izlediğini, örtücü nesnede/görüntü kenarında durduğunu ve gizli geometri uydurmadığını doğrulayın.",
P3,image-0032-instance-016,32,20260729_103823.jpg,16,4,0.01735206,UNVERIFIED_HUMAN_ANNOTATION,"Bu insan çizimi polygon, görünür ön yüz kurallarına göre henüz doğrulanmadı.","Ön yüz kapsamını, yan yüzlerin dışarıda kalmasını, gölge/örtüşme sınırını ve çizim hassasiyetini kontrol edip insan kararını kaydedin.",
P3,image-0032-instance-017,32,20260729_103823.jpg,17,4,0.01718917,UNVERIFIED_HUMAN_ANNOTATION,"Bu insan çizimi polygon, görünür ön yüz kurallarına göre henüz doğrulanmadı.","Ön yüz kapsamını, yan yüzlerin dışarıda kalmasını, gölge/örtüşme sınırını ve çizim hassasiyetini kontrol edip insan kararını kaydedin.",
P3,image-0032-instance-018,32,20260729_103823.jpg,18,4,0.01647872,UNVERIFIED_HUMAN_ANNOTATION,"Bu insan çizimi polygon, görünür ön yüz kurallarına göre henüz doğrulanmadı.","Ön yüz kapsamını, yan yüzlerin dışarıda kalmasını, gölge/örtüşme sınırını ve çizim hassasiyetini kontrol edip insan kararını kaydedin.",
P3,image-0032-instance-019,32,20260729_103823.jpg,19,4,0.01650268,UNVERIFIED_HUMAN_ANNOTATION,"Bu insan çizimi polygon, görünür ön yüz kurallarına göre henüz doğrulanmadı.","Ön yüz kapsamını, yan yüzlerin dışarıda kalmasını, gölge/örtüşme sınırını ve çizim hassasiyetini kontrol edip insan kararını kaydedin.",
P3,image-0032-instance-020,32,20260729_103823.jpg,20,4,0.01735198,UNVERIFIED_HUMAN_ANNOTATION,"Bu insan çizimi polygon, görünür ön yüz kurallarına göre henüz doğrulanmadı.","Ön yüz kapsamını, yan yüzlerin dışarıda kalmasını, gölge/örtüşme sınırını ve çizim hassasiyetini kontrol edip insan kararını kaydedin.",
P2,image-0032-instance-021,32,20260729_103823.jpg,21,5,0.01127898,FRAME_BOUNDARY_TRUNCATION_REVIEW|MULTISIDED_VISIBLE_REGION_REVIEW|UNVERIFIED_HUMAN_ANNOTATION,Şekil veya görüntü sınırında kesilme fiziksel olarak yorumlanmalı; köşe sayısı tek başına hata değildir.,"Polygonun yalnızca görünen ön yüzü izlediğini, örtücü nesnede/görüntü kenarında durduğunu ve gizli geometri uydurmadığını doğrulayın.",
P2,image-0032-instance-022,32,20260729_103823.jpg,22,4,0.01504832,FRAME_BOUNDARY_TRUNCATION_REVIEW|UNVERIFIED_HUMAN_ANNOTATION,Şekil veya görüntü sınırında kesilme fiziksel olarak yorumlanmalı; köşe sayısı tek başına hata değildir.,"Polygonun yalnızca görünen ön yüzü izlediğini, örtücü nesnede/görüntü kenarında durduğunu ve gizli geometri uydurmadığını doğrulayın.",
P3,image-0032-instance-023,32,20260729_103823.jpg,23,4,0.02049036,UNVERIFIED_HUMAN_ANNOTATION,"Bu insan çizimi polygon, görünür ön yüz kurallarına göre henüz doğrulanmadı.","Ön yüz kapsamını, yan yüzlerin dışarıda kalmasını, gölge/örtüşme sınırını ve çizim hassasiyetini kontrol edip insan kararını kaydedin.",
P3,image-0032-instance-024,32,20260729_103823.jpg,24,4,0.01826187,UNVERIFIED_HUMAN_ANNOTATION,"Bu insan çizimi polygon, görünür ön yüz kurallarına göre henüz doğrulanmadı.","Ön yüz kapsamını, yan yüzlerin dışarıda kalmasını, gölge/örtüşme sınırını ve çizim hassasiyetini kontrol edip insan kararını kaydedin.",
P3,image-0032-instance-025,32,20260729_103823.jpg,25,4,0.01845163,UNVERIFIED_HUMAN_ANNOTATION,"Bu insan çizimi polygon, görünür ön yüz kurallarına göre henüz doğrulanmadı.","Ön yüz kapsamını, yan yüzlerin dışarıda kalmasını, gölge/örtüşme sınırını ve çizim hassasiyetini kontrol edip insan kararını kaydedin.",
P2,image-0032-instance-026,32,20260729_103823.jpg,26,5,0.02176935,FRAME_BOUNDARY_TRUNCATION_REVIEW|MULTISIDED_VISIBLE_REGION_REVIEW|UNVERIFIED_HUMAN_ANNOTATION,Şekil veya görüntü sınırında kesilme fiziksel olarak yorumlanmalı; köşe sayısı tek başına hata değildir.,"Polygonun yalnızca görünen ön yüzü izlediğini, örtücü nesnede/görüntü kenarında durduğunu ve gizli geometri uydurmadığını doğrulayın.",
P2,image-0032-instance-027,32,20260729_103823.jpg,27,5,0.01553512,FRAME_BOUNDARY_TRUNCATION_REVIEW|MULTISIDED_VISIBLE_REGION_REVIEW|UNVERIFIED_HUMAN_ANNOTATION,Şekil veya görüntü sınırında kesilme fiziksel olarak yorumlanmalı; köşe sayısı tek başına hata değildir.,"Polygonun yalnızca görünen ön yüzü izlediğini, örtücü nesnede/görüntü kenarında durduğunu ve gizli geometri uydurmadığını doğrulayın.",
P2,image-0033-instance-001,33,20260729_103907(0).jpg,1,6,0.00229310,CONCAVE_VISIBLE_REGION_REVIEW|MULTISIDED_VISIBLE_REGION_REVIEW|UNVERIFIED_HUMAN_ANNOTATION,Şekil veya görüntü sınırında kesilme fiziksel olarak yorumlanmalı; köşe sayısı tek başına hata değildir.,"Polygonun yalnızca görünen ön yüzü izlediğini, örtücü nesnede/görüntü kenarında durduğunu ve gizli geometri uydurmadığını doğrulayın.",
P3,image-0033-instance-002,33,20260729_103907(0).jpg,2,4,0.00326996,UNVERIFIED_HUMAN_ANNOTATION,"Bu insan çizimi polygon, görünür ön yüz kurallarına göre henüz doğrulanmadı.","Ön yüz kapsamını, yan yüzlerin dışarıda kalmasını, gölge/örtüşme sınırını ve çizim hassasiyetini kontrol edip insan kararını kaydedin.",
P3,image-0033-instance-003,33,20260729_103907(0).jpg,3,4,0.00362310,UNVERIFIED_HUMAN_ANNOTATION,"Bu insan çizimi polygon, görünür ön yüz kurallarına göre henüz doğrulanmadı.","Ön yüz kapsamını, yan yüzlerin dışarıda kalmasını, gölge/örtüşme sınırını ve çizim hassasiyetini kontrol edip insan kararını kaydedin.",
P3,image-0033-instance-004,33,20260729_103907(0).jpg,4,4,0.00320624,UNVERIFIED_HUMAN_ANNOTATION,"Bu insan çizimi polygon, görünür ön yüz kurallarına göre henüz doğrulanmadı.","Ön yüz kapsamını, yan yüzlerin dışarıda kalmasını, gölge/örtüşme sınırını ve çizim hassasiyetini kontrol edip insan kararını kaydedin.",
P2,image-0033-instance-005,33,20260729_103907(0).jpg,5,6,0.00294528,CONCAVE_VISIBLE_REGION_REVIEW|MULTISIDED_VISIBLE_REGION_REVIEW|UNVERIFIED_HUMAN_ANNOTATION,Şekil veya görüntü sınırında kesilme fiziksel olarak yorumlanmalı; köşe sayısı tek başına hata değildir.,"Polygonun yalnızca görünen ön yüzü izlediğini, örtücü nesnede/görüntü kenarında durduğunu ve gizli geometri uydurmadığını doğrulayın.",
P3,image-0033-instance-006,33,20260729_103907(0).jpg,6,4,0.00379543,UNVERIFIED_HUMAN_ANNOTATION,"Bu insan çizimi polygon, görünür ön yüz kurallarına göre henüz doğrulanmadı.","Ön yüz kapsamını, yan yüzlerin dışarıda kalmasını, gölge/örtüşme sınırını ve çizim hassasiyetini kontrol edip insan kararını kaydedin.",
P3,image-0033-instance-007,33,20260729_103907(0).jpg,7,4,0.00374454,UNVERIFIED_HUMAN_ANNOTATION,"Bu insan çizimi polygon, görünür ön yüz kurallarına göre henüz doğrulanmadı.","Ön yüz kapsamını, yan yüzlerin dışarıda kalmasını, gölge/örtüşme sınırını ve çizim hassasiyetini kontrol edip insan kararını kaydedin.",
P3,image-0033-instance-008,33,20260729_103907(0).jpg,8,4,0.00425275,UNVERIFIED_HUMAN_ANNOTATION,"Bu insan çizimi polygon, görünür ön yüz kurallarına göre henüz doğrulanmadı.","Ön yüz kapsamını, yan yüzlerin dışarıda kalmasını, gölge/örtüşme sınırını ve çizim hassasiyetini kontrol edip insan kararını kaydedin.",
P3,image-0033-instance-009,33,20260729_103907(0).jpg,9,4,0.00418392,UNVERIFIED_HUMAN_ANNOTATION,"Bu insan çizimi polygon, görünür ön yüz kurallarına göre henüz doğrulanmadı.","Ön yüz kapsamını, yan yüzlerin dışarıda kalmasını, gölge/örtüşme sınırını ve çizim hassasiyetini kontrol edip insan kararını kaydedin.",
P3,image-0033-instance-010,33,20260729_103907(0).jpg,10,4,0.00427546,UNVERIFIED_HUMAN_ANNOTATION,"Bu insan çizimi polygon, görünür ön yüz kurallarına göre henüz doğrulanmadı.","Ön yüz kapsamını, yan yüzlerin dışarıda kalmasını, gölge/örtüşme sınırını ve çizim hassasiyetini kontrol edip insan kararını kaydedin.",
P3,image-0033-instance-011,33,20260729_103907(0).jpg,11,4,0.00460862,UNVERIFIED_HUMAN_ANNOTATION,"Bu insan çizimi polygon, görünür ön yüz kurallarına göre henüz doğrulanmadı.","Ön yüz kapsamını, yan yüzlerin dışarıda kalmasını, gölge/örtüşme sınırını ve çizim hassasiyetini kontrol edip insan kararını kaydedin.",
P3,image-0033-instance-012,33,20260729_103907(0).jpg,12,4,0.00453398,UNVERIFIED_HUMAN_ANNOTATION,"Bu insan çizimi polygon, görünür ön yüz kurallarına göre henüz doğrulanmadı.","Ön yüz kapsamını, yan yüzlerin dışarıda kalmasını, gölge/örtüşme sınırını ve çizim hassasiyetini kontrol edip insan kararını kaydedin.",
P2,image-0033-instance-013,33,20260729_103907(0).jpg,13,7,0.00319010,CONCAVE_VISIBLE_REGION_REVIEW|FRAME_BOUNDARY_TRUNCATION_REVIEW|MULTISIDED_VISIBLE_REGION_REVIEW|UNVERIFIED_HUMAN_ANNOTATION,Şekil veya görüntü sınırında kesilme fiziksel olarak yorumlanmalı; köşe sayısı tek başına hata değildir.,"Polygonun yalnızca görünen ön yüzü izlediğini, örtücü nesnede/görüntü kenarında durduğunu ve gizli geometri uydurmadığını doğrulayın.",
P2,image-0033-instance-014,33,20260729_103907(0).jpg,14,5,0.00271247,CONCAVE_VISIBLE_REGION_REVIEW|MULTISIDED_VISIBLE_REGION_REVIEW|UNVERIFIED_HUMAN_ANNOTATION,Şekil veya görüntü sınırında kesilme fiziksel olarak yorumlanmalı; köşe sayısı tek başına hata değildir.,"Polygonun yalnızca görünen ön yüzü izlediğini, örtücü nesnede/görüntü kenarında durduğunu ve gizli geometri uydurmadığını doğrulayın.",
P3,image-0033-instance-015,33,20260729_103907(0).jpg,15,4,0.00363739,UNVERIFIED_HUMAN_ANNOTATION,"Bu insan çizimi polygon, görünür ön yüz kurallarına göre henüz doğrulanmadı.","Ön yüz kapsamını, yan yüzlerin dışarıda kalmasını, gölge/örtüşme sınırını ve çizim hassasiyetini kontrol edip insan kararını kaydedin.",
P3,image-0033-instance-016,33,20260729_103907(0).jpg,16,4,0.00373705,UNVERIFIED_HUMAN_ANNOTATION,"Bu insan çizimi polygon, görünür ön yüz kurallarına göre henüz doğrulanmadı.","Ön yüz kapsamını, yan yüzlerin dışarıda kalmasını, gölge/örtüşme sınırını ve çizim hassasiyetini kontrol edip insan kararını kaydedin.",
P3,image-0033-instance-017,33,20260729_103907(0).jpg,17,4,0.00377948,UNVERIFIED_HUMAN_ANNOTATION,"Bu insan çizimi polygon, görünür ön yüz kurallarına göre henüz doğrulanmadı.","Ön yüz kapsamını, yan yüzlerin dışarıda kalmasını, gölge/örtüşme sınırını ve çizim hassasiyetini kontrol edip insan kararını kaydedin.",
P3,image-0033-instance-018,33,20260729_103907(0).jpg,18,4,0.00353176,UNVERIFIED_HUMAN_ANNOTATION,"Bu insan çizimi polygon, görünür ön yüz kurallarına göre henüz doğrulanmadı.","Ön yüz kapsamını, yan yüzlerin dışarıda kalmasını, gölge/örtüşme sınırını ve çizim hassasiyetini kontrol edip insan kararını kaydedin.",
P3,image-0033-instance-019,33,20260729_103907(0).jpg,19,4,0.00403231,UNVERIFIED_HUMAN_ANNOTATION,"Bu insan çizimi polygon, görünür ön yüz kurallarına göre henüz doğrulanmadı.","Ön yüz kapsamını, yan yüzlerin dışarıda kalmasını, gölge/örtüşme sınırını ve çizim hassasiyetini kontrol edip insan kararını kaydedin.",
P3,image-0033-instance-020,33,20260729_103907(0).jpg,20,4,0.00402186,UNVERIFIED_HUMAN_ANNOTATION,"Bu insan çizimi polygon, görünür ön yüz kurallarına göre henüz doğrulanmadı.","Ön yüz kapsamını, yan yüzlerin dışarıda kalmasını, gölge/örtüşme sınırını ve çizim hassasiyetini kontrol edip insan kararını kaydedin.",
P3,image-0033-instance-021,33,20260729_103907(0).jpg,21,4,0.00468620,UNVERIFIED_HUMAN_ANNOTATION,"Bu insan çizimi polygon, görünür ön yüz kurallarına göre henüz doğrulanmadı.","Ön yüz kapsamını, yan yüzlerin dışarıda kalmasını, gölge/örtüşme sınırını ve çizim hassasiyetini kontrol edip insan kararını kaydedin.",
P3,image-0033-instance-022,33,20260729_103907(0).jpg,22,4,0.00466562,UNVERIFIED_HUMAN_ANNOTATION,"Bu insan çizimi polygon, görünür ön yüz kurallarına göre henüz doğrulanmadı.","Ön yüz kapsamını, yan yüzlerin dışarıda kalmasını, gölge/örtüşme sınırını ve çizim hassasiyetini kontrol edip insan kararını kaydedin.",
P3,image-0033-instance-023,33,20260729_103907(0).jpg,23,4,0.00463825,UNVERIFIED_HUMAN_ANNOTATION,"Bu insan çizimi polygon, görünür ön yüz kurallarına göre henüz doğrulanmadı.","Ön yüz kapsamını, yan yüzlerin dışarıda kalmasını, gölge/örtüşme sınırını ve çizim hassasiyetini kontrol edip insan kararını kaydedin.",
P3,image-0033-instance-024,33,20260729_103907(0).jpg,24,4,0.00498984,UNVERIFIED_HUMAN_ANNOTATION,"Bu insan çizimi polygon, görünür ön yüz kurallarına göre henüz doğrulanmadı.","Ön yüz kapsamını, yan yüzlerin dışarıda kalmasını, gölge/örtüşme sınırını ve çizim hassasiyetini kontrol edip insan kararını kaydedin.",
P3,image-0033-instance-025,33,20260729_103907(0).jpg,25,4,0.00530284,UNVERIFIED_HUMAN_ANNOTATION,"Bu insan çizimi polygon, görünür ön yüz kurallarına göre henüz doğrulanmadı.","Ön yüz kapsamını, yan yüzlerin dışarıda kalmasını, gölge/örtüşme sınırını ve çizim hassasiyetini kontrol edip insan kararını kaydedin.",
P2,image-0033-instance-026,33,20260729_103907(0).jpg,26,6,0.00328988,CONCAVE_VISIBLE_REGION_REVIEW|MULTISIDED_VISIBLE_REGION_REVIEW|UNVERIFIED_HUMAN_ANNOTATION,Şekil veya görüntü sınırında kesilme fiziksel olarak yorumlanmalı; köşe sayısı tek başına hata değildir.,"Polygonun yalnızca görünen ön yüzü izlediğini, örtücü nesnede/görüntü kenarında durduğunu ve gizli geometri uydurmadığını doğrulayın.",
P2,image-0033-instance-027,33,20260729_103907(0).jpg,27,4,0.00235118,FRAME_BOUNDARY_TRUNCATION_REVIEW|UNVERIFIED_HUMAN_ANNOTATION,Şekil veya görüntü sınırında kesilme fiziksel olarak yorumlanmalı; köşe sayısı tek başına hata değildir.,"Polygonun yalnızca görünen ön yüzü izlediğini, örtücü nesnede/görüntü kenarında durduğunu ve gizli geometri uydurmadığını doğrulayın.",
P3,image-0033-instance-028,33,20260729_103907(0).jpg,28,4,0.00226168,UNVERIFIED_HUMAN_ANNOTATION,"Bu insan çizimi polygon, görünür ön yüz kurallarına göre henüz doğrulanmadı.","Ön yüz kapsamını, yan yüzlerin dışarıda kalmasını, gölge/örtüşme sınırını ve çizim hassasiyetini kontrol edip insan kararını kaydedin.",
P3,image-0033-instance-029,33,20260729_103907(0).jpg,29,4,0.00361551,UNVERIFIED_HUMAN_ANNOTATION,"Bu insan çizimi polygon, görünür ön yüz kurallarına göre henüz doğrulanmadı.","Ön yüz kapsamını, yan yüzlerin dışarıda kalmasını, gölge/örtüşme sınırını ve çizim hassasiyetini kontrol edip insan kararını kaydedin.",
P3,image-0033-instance-030,33,20260729_103907(0).jpg,30,4,0.00360138,UNVERIFIED_HUMAN_ANNOTATION,"Bu insan çizimi polygon, görünür ön yüz kurallarına göre henüz doğrulanmadı.","Ön yüz kapsamını, yan yüzlerin dışarıda kalmasını, gölge/örtüşme sınırını ve çizim hassasiyetini kontrol edip insan kararını kaydedin.",
P3,image-0033-instance-031,33,20260729_103907(0).jpg,31,4,0.00308625,UNVERIFIED_HUMAN_ANNOTATION,"Bu insan çizimi polygon, görünür ön yüz kurallarına göre henüz doğrulanmadı.","Ön yüz kapsamını, yan yüzlerin dışarıda kalmasını, gölge/örtüşme sınırını ve çizim hassasiyetini kontrol edip insan kararını kaydedin.",
P3,image-0033-instance-032,33,20260729_103907(0).jpg,32,4,0.00424034,UNVERIFIED_HUMAN_ANNOTATION,"Bu insan çizimi polygon, görünür ön yüz kurallarına göre henüz doğrulanmadı.","Ön yüz kapsamını, yan yüzlerin dışarıda kalmasını, gölge/örtüşme sınırını ve çizim hassasiyetini kontrol edip insan kararını kaydedin.",
P3,image-0033-instance-033,33,20260729_103907(0).jpg,33,4,0.00428883,UNVERIFIED_HUMAN_ANNOTATION,"Bu insan çizimi polygon, görünür ön yüz kurallarına göre henüz doğrulanmadı.","Ön yüz kapsamını, yan yüzlerin dışarıda kalmasını, gölge/örtüşme sınırını ve çizim hassasiyetini kontrol edip insan kararını kaydedin.",
P3,image-0033-instance-034,33,20260729_103907(0).jpg,34,4,0.00413747,UNVERIFIED_HUMAN_ANNOTATION,"Bu insan çizimi polygon, görünür ön yüz kurallarına göre henüz doğrulanmadı.","Ön yüz kapsamını, yan yüzlerin dışarıda kalmasını, gölge/örtüşme sınırını ve çizim hassasiyetini kontrol edip insan kararını kaydedin.",
P3,image-0033-instance-035,33,20260729_103907(0).jpg,35,4,0.00478125,UNVERIFIED_HUMAN_ANNOTATION,"Bu insan çizimi polygon, görünür ön yüz kurallarına göre henüz doğrulanmadı.","Ön yüz kapsamını, yan yüzlerin dışarıda kalmasını, gölge/örtüşme sınırını ve çizim hassasiyetini kontrol edip insan kararını kaydedin.",
P3,image-0033-instance-036,33,20260729_103907(0).jpg,36,4,0.00471411,UNVERIFIED_HUMAN_ANNOTATION,"Bu insan çizimi polygon, görünür ön yüz kurallarına göre henüz doğrulanmadı.","Ön yüz kapsamını, yan yüzlerin dışarıda kalmasını, gölge/örtüşme sınırını ve çizim hassasiyetini kontrol edip insan kararını kaydedin.",
P3,image-0033-instance-037,33,20260729_103907(0).jpg,37,4,0.00486537,UNVERIFIED_HUMAN_ANNOTATION,"Bu insan çizimi polygon, görünür ön yüz kurallarına göre henüz doğrulanmadı.","Ön yüz kapsamını, yan yüzlerin dışarıda kalmasını, gölge/örtüşme sınırını ve çizim hassasiyetini kontrol edip insan kararını kaydedin.",
P3,image-0033-instance-038,33,20260729_103907(0).jpg,38,4,0.00543748,UNVERIFIED_HUMAN_ANNOTATION,"Bu insan çizimi polygon, görünür ön yüz kurallarına göre henüz doğrulanmadı.","Ön yüz kapsamını, yan yüzlerin dışarıda kalmasını, gölge/örtüşme sınırını ve çizim hassasiyetini kontrol edip insan kararını kaydedin.",
P3,image-0033-instance-039,33,20260729_103907(0).jpg,39,4,0.00337890,UNVERIFIED_HUMAN_ANNOTATION,"Bu insan çizimi polygon, görünür ön yüz kurallarına göre henüz doğrulanmadı.","Ön yüz kapsamını, yan yüzlerin dışarıda kalmasını, gölge/örtüşme sınırını ve çizim hassasiyetini kontrol edip insan kararını kaydedin.",
P3,image-0033-instance-040,33,20260729_103907(0).jpg,40,4,0.00414602,UNVERIFIED_HUMAN_ANNOTATION,"Bu insan çizimi polygon, görünür ön yüz kurallarına göre henüz doğrulanmadı.","Ön yüz kapsamını, yan yüzlerin dışarıda kalmasını, gölge/örtüşme sınırını ve çizim hassasiyetini kontrol edip insan kararını kaydedin.",
P3,image-0033-instance-041,33,20260729_103907(0).jpg,41,4,0.00571216,UNVERIFIED_HUMAN_ANNOTATION,"Bu insan çizimi polygon, görünür ön yüz kurallarına göre henüz doğrulanmadı.","Ön yüz kapsamını, yan yüzlerin dışarıda kalmasını, gölge/örtüşme sınırını ve çizim hassasiyetini kontrol edip insan kararını kaydedin.",
P3,image-0033-instance-042,33,20260729_103907(0).jpg,42,4,0.00369099,UNVERIFIED_HUMAN_ANNOTATION,"Bu insan çizimi polygon, görünür ön yüz kurallarına göre henüz doğrulanmadı.","Ön yüz kapsamını, yan yüzlerin dışarıda kalmasını, gölge/örtüşme sınırını ve çizim hassasiyetini kontrol edip insan kararını kaydedin.",
P3,image-0033-instance-043,33,20260729_103907(0).jpg,43,4,0.00408249,UNVERIFIED_HUMAN_ANNOTATION,"Bu insan çizimi polygon, görünür ön yüz kurallarına göre henüz doğrulanmadı.","Ön yüz kapsamını, yan yüzlerin dışarıda kalmasını, gölge/örtüşme sınırını ve çizim hassasiyetini kontrol edip insan kararını kaydedin.",
P3,image-0033-instance-044,33,20260729_103907(0).jpg,44,4,0.00476608,UNVERIFIED_HUMAN_ANNOTATION,"Bu insan çizimi polygon, görünür ön yüz kurallarına göre henüz doğrulanmadı.","Ön yüz kapsamını, yan yüzlerin dışarıda kalmasını, gölge/örtüşme sınırını ve çizim hassasiyetini kontrol edip insan kararını kaydedin.",
P3,image-0033-instance-045,33,20260729_103907(0).jpg,45,4,0.00423868,UNVERIFIED_HUMAN_ANNOTATION,"Bu insan çizimi polygon, görünür ön yüz kurallarına göre henüz doğrulanmadı.","Ön yüz kapsamını, yan yüzlerin dışarıda kalmasını, gölge/örtüşme sınırını ve çizim hassasiyetini kontrol edip insan kararını kaydedin.",
P3,image-0033-instance-046,33,20260729_103907(0).jpg,46,4,0.00454221,UNVERIFIED_HUMAN_ANNOTATION,"Bu insan çizimi polygon, görünür ön yüz kurallarına göre henüz doğrulanmadı.","Ön yüz kapsamını, yan yüzlerin dışarıda kalmasını, gölge/örtüşme sınırını ve çizim hassasiyetini kontrol edip insan kararını kaydedin.",
P3,image-0033-instance-047,33,20260729_103907(0).jpg,47,4,0.00457334,UNVERIFIED_HUMAN_ANNOTATION,"Bu insan çizimi polygon, görünür ön yüz kurallarına göre henüz doğrulanmadı.","Ön yüz kapsamını, yan yüzlerin dışarıda kalmasını, gölge/örtüşme sınırını ve çizim hassasiyetini kontrol edip insan kararını kaydedin.",
P3,image-0033-instance-048,33,20260729_103907(0).jpg,48,4,0.00519861,UNVERIFIED_HUMAN_ANNOTATION,"Bu insan çizimi polygon, görünür ön yüz kurallarına göre henüz doğrulanmadı.","Ön yüz kapsamını, yan yüzlerin dışarıda kalmasını, gölge/örtüşme sınırını ve çizim hassasiyetini kontrol edip insan kararını kaydedin.",
P3,image-0033-instance-049,33,20260729_103907(0).jpg,49,4,0.00520363,UNVERIFIED_HUMAN_ANNOTATION,"Bu insan çizimi polygon, görünür ön yüz kurallarına göre henüz doğrulanmadı.","Ön yüz kapsamını, yan yüzlerin dışarıda kalmasını, gölge/örtüşme sınırını ve çizim hassasiyetini kontrol edip insan kararını kaydedin.",
P3,image-0033-instance-050,33,20260729_103907(0).jpg,50,4,0.00378171,UNVERIFIED_HUMAN_ANNOTATION,"Bu insan çizimi polygon, görünür ön yüz kurallarına göre henüz doğrulanmadı.","Ön yüz kapsamını, yan yüzlerin dışarıda kalmasını, gölge/örtüşme sınırını ve çizim hassasiyetini kontrol edip insan kararını kaydedin.",
P3,image-0033-instance-051,33,20260729_103907(0).jpg,51,4,0.00379795,UNVERIFIED_HUMAN_ANNOTATION,"Bu insan çizimi polygon, görünür ön yüz kurallarına göre henüz doğrulanmadı.","Ön yüz kapsamını, yan yüzlerin dışarıda kalmasını, gölge/örtüşme sınırını ve çizim hassasiyetini kontrol edip insan kararını kaydedin.",
P3,image-0033-instance-052,33,20260729_103907(0).jpg,52,4,0.00382966,UNVERIFIED_HUMAN_ANNOTATION,"Bu insan çizimi polygon, görünür ön yüz kurallarına göre henüz doğrulanmadı.","Ön yüz kapsamını, yan yüzlerin dışarıda kalmasını, gölge/örtüşme sınırını ve çizim hassasiyetini kontrol edip insan kararını kaydedin.",
P3,image-0033-instance-053,33,20260729_103907(0).jpg,53,4,0.00397944,UNVERIFIED_HUMAN_ANNOTATION,"Bu insan çizimi polygon, görünür ön yüz kurallarına göre henüz doğrulanmadı.","Ön yüz kapsamını, yan yüzlerin dışarıda kalmasını, gölge/örtüşme sınırını ve çizim hassasiyetini kontrol edip insan kararını kaydedin.",
P3,image-0033-instance-054,33,20260729_103907(0).jpg,54,4,0.00405106,UNVERIFIED_HUMAN_ANNOTATION,"Bu insan çizimi polygon, görünür ön yüz kurallarına göre henüz doğrulanmadı.","Ön yüz kapsamını, yan yüzlerin dışarıda kalmasını, gölge/örtüşme sınırını ve çizim hassasiyetini kontrol edip insan kararını kaydedin.",
P3,image-0033-instance-055,33,20260729_103907(0).jpg,55,4,0.00413253,UNVERIFIED_HUMAN_ANNOTATION,"Bu insan çizimi polygon, görünür ön yüz kurallarına göre henüz doğrulanmadı.","Ön yüz kapsamını, yan yüzlerin dışarıda kalmasını, gölge/örtüşme sınırını ve çizim hassasiyetini kontrol edip insan kararını kaydedin.",
P3,image-0033-instance-056,33,20260729_103907(0).jpg,56,4,0.00420671,UNVERIFIED_HUMAN_ANNOTATION,"Bu insan çizimi polygon, görünür ön yüz kurallarına göre henüz doğrulanmadı.","Ön yüz kapsamını, yan yüzlerin dışarıda kalmasını, gölge/örtüşme sınırını ve çizim hassasiyetini kontrol edip insan kararını kaydedin.",
P2,image-0033-instance-057,33,20260729_103907(0).jpg,57,5,0.00445650,CONCAVE_VISIBLE_REGION_REVIEW|MULTISIDED_VISIBLE_REGION_REVIEW|UNVERIFIED_HUMAN_ANNOTATION,Şekil veya görüntü sınırında kesilme fiziksel olarak yorumlanmalı; köşe sayısı tek başına hata değildir.,"Polygonun yalnızca görünen ön yüzü izlediğini, örtücü nesnede/görüntü kenarında durduğunu ve gizli geometri uydurmadığını doğrulayın.",
P3,image-0033-instance-058,33,20260729_103907(0).jpg,58,4,0.00514794,UNVERIFIED_HUMAN_ANNOTATION,"Bu insan çizimi polygon, görünür ön yüz kurallarına göre henüz doğrulanmadı.","Ön yüz kapsamını, yan yüzlerin dışarıda kalmasını, gölge/örtüşme sınırını ve çizim hassasiyetini kontrol edip insan kararını kaydedin.",
P3,image-0033-instance-059,33,20260729_103907(0).jpg,59,4,0.00504781,UNVERIFIED_HUMAN_ANNOTATION,"Bu insan çizimi polygon, görünür ön yüz kurallarına göre henüz doğrulanmadı.","Ön yüz kapsamını, yan yüzlerin dışarıda kalmasını, gölge/örtüşme sınırını ve çizim hassasiyetini kontrol edip insan kararını kaydedin.",
P3,image-0033-instance-060,33,20260729_103907(0).jpg,60,4,0.00507606,UNVERIFIED_HUMAN_ANNOTATION,"Bu insan çizimi polygon, görünür ön yüz kurallarına göre henüz doğrulanmadı.","Ön yüz kapsamını, yan yüzlerin dışarıda kalmasını, gölge/örtüşme sınırını ve çizim hassasiyetini kontrol edip insan kararını kaydedin.",
P3,image-0033-instance-061,33,20260729_103907(0).jpg,61,4,0.00589854,UNVERIFIED_HUMAN_ANNOTATION,"Bu insan çizimi polygon, görünür ön yüz kurallarına göre henüz doğrulanmadı.","Ön yüz kapsamını, yan yüzlerin dışarıda kalmasını, gölge/örtüşme sınırını ve çizim hassasiyetini kontrol edip insan kararını kaydedin.",
P3,image-0033-instance-062,33,20260729_103907(0).jpg,62,4,0.00376133,UNVERIFIED_HUMAN_ANNOTATION,"Bu insan çizimi polygon, görünür ön yüz kurallarına göre henüz doğrulanmadı.","Ön yüz kapsamını, yan yüzlerin dışarıda kalmasını, gölge/örtüşme sınırını ve çizim hassasiyetini kontrol edip insan kararını kaydedin.",
P3,image-0033-instance-063,33,20260729_103907(0).jpg,63,4,0.00379055,UNVERIFIED_HUMAN_ANNOTATION,"Bu insan çizimi polygon, görünür ön yüz kurallarına göre henüz doğrulanmadı.","Ön yüz kapsamını, yan yüzlerin dışarıda kalmasını, gölge/örtüşme sınırını ve çizim hassasiyetini kontrol edip insan kararını kaydedin.",
P3,image-0033-instance-064,33,20260729_103907(0).jpg,64,4,0.00498364,UNVERIFIED_HUMAN_ANNOTATION,"Bu insan çizimi polygon, görünür ön yüz kurallarına göre henüz doğrulanmadı.","Ön yüz kapsamını, yan yüzlerin dışarıda kalmasını, gölge/örtüşme sınırını ve çizim hassasiyetini kontrol edip insan kararını kaydedin.",
P3,image-0033-instance-065,33,20260729_103907(0).jpg,65,4,0.00566597,UNVERIFIED_HUMAN_ANNOTATION,"Bu insan çizimi polygon, görünür ön yüz kurallarına göre henüz doğrulanmadı.","Ön yüz kapsamını, yan yüzlerin dışarıda kalmasını, gölge/örtüşme sınırını ve çizim hassasiyetini kontrol edip insan kararını kaydedin.",
