annotation_instances,annotation_status,aspect_ratio,blur_laplacian_variance,bright_fraction,brightness_mean,bytes,capture_time,channels,contrast_std,dark_fraction,error,filename,height,phash_hex,readable,scene_group,sha256,split,width
0,UNLABELED,0.75,506.5660845934944,0.045192718505859375,89.99550120035808,3180721,2026-07-29T09:23:57,3,63.88931635625999,0.07549794514973958,,20260729_092357.jpg,4000,2b50985a377749d1,True,scene-0001,d5ccb286a0232043538d2e7a05d9f358dc96de0df515fd5859c2e9f41b841bc4,unlabeled_pool,3000
0,UNLABELED,0.75,481.64095049982035,0.041590372721354164,90.09599049886067,2762048,2026-07-29T09:23:59,3,62.67709483987333,0.071075439453125,,20260729_092359.jpg,4000,0178fc2b171f28cd,True,scene-0001,c85fd1be12a6013c4c6f2817f7d3a080fd0f40d198f460274e12cb424888f86c,unlabeled_pool,3000
0,UNLABELED,0.75,381.25945507173657,0.038799285888671875,92.32393391927083,2675886,2026-07-29T09:24:00,3,61.56813023246526,0.058208465576171875,,20260729_092400.jpg,4000,712c9c586347bca9,True,scene-0001,6d1be808f06f4124e4b51f1e32cb92d769e707af7af16bb9f4552f152e2378a6,unlabeled_pool,3000
0,UNLABELED,0.75,322.2275871485212,0.040339152018229164,96.12934875488281,2883696,2026-07-29T09:24:02,3,61.19946124485106,0.06447474161783855,,20260729_092402.jpg,4000,1c8eac0d7333cc8d,True,scene-0001,94af258f02c72d44dadef9ba79267f1b7d0ed89b596ab5db5cf64d81c1600828,unlabeled_pool,3000
0,UNLABELED,0.75,246.34861413544002,0.037495930989583336,88.53854751586914,2727659,2026-07-29T09:24:03,3,61.676419396924345,0.07017898559570312,,20260729_092403.jpg,4000,712c8c5b63479ca5,True,scene-0001,d52347f2ca6e0f8ad321978726c412338bb214c35bf3e75677131233b9e31ec1,unlabeled_pool,3000
0,UNLABELED,0.75,440.1257401659629,0.03765996297200521,87.08748372395833,2928089,2026-07-29T09:24:04,3,61.55956209528706,0.06570180257161458,,20260729_092404.jpg,4000,617cfc03470fa0e9,True,scene-0001,a6405f46a32dd3809cd827dcc9b979846a4da1104862a1497ebde81f94f21973,unlabeled_pool,3000
0,UNLABELED,0.75,754.0317330335319,0.0400390625,86.38357162475586,3373325,2026-07-29T09:24:09,3,62.616626857088015,0.10392379760742188,,20260729_092409.jpg,4000,3cd1a21c665e7591,True,scene-0002,901a223f24625968039270035d0b47605da5564b470680299be55dda170be7ef,unlabeled_pool,3000
0,UNLABELED,0.75,668.3817171572335,0.048473358154296875,87.45912424723308,3646886,2026-07-29T09:24:30,3,65.6824691013006,0.12558746337890625,,20260729_092430.jpg,4000,2481d83c1e7799d9,True,scene-0003,e98f6c33ba59f176c273ff016c14f7e6f1aae328b4aec169061d41652012a61a,unlabeled_pool,3000
0,UNLABELED,0.75,441.5457733146211,0.04435602823893229,79.86937077840169,3008835,2026-07-29T09:24:31,3,66.22123010401917,0.1557795206705729,,20260729_092431.jpg,4000,0481d83a6e77d9c9,True,scene-0003,cde9351b3ab621f12d49e0552a9f2837915167d99fbdbe8b06d9b0157164966b,unlabeled_pool,3000
22,OWNER_ACCEPTED,0.75,409.32314923079525,0.04631169637044271,96.9589017232259,3719207,2026-07-29T09:24:32,3,63.72283319458812,0.05835596720377604,,20260729_092432(0).jpg,4000,08d85a1fe73789c8,True,scene-0003,14811ab900b86dd47d1a2a01b90c64b7707b01c79a51f9ce840d3e567956ae1c,validation,3000
0,UNLABELED,0.75,440.3423865434775,0.04750951131184896,88.58880360921223,3692118,2026-07-29T09:24:32,3,65.50103564944312,0.10326766967773438,,20260729_092432.jpg,4000,18d83a376633c9c9,True,scene-0003,fc84ab027156b63f1b136b8bd94c00b70c68125200640f2fcc9d426ee67d9415,unlabeled_pool,3000
0,UNLABELED,0.75,472.7814452725368,0.046222686767578125,96.19198099772136,4358375,2026-07-29T09:24:33,3,63.85663774987718,0.06244659423828125,,20260729_092433.jpg,4000,08bc5a3b673689c9,True,scene-0003,78456d1c5837072680d49a6a014c8dc7d56b895df6f82bdf058515238c027af7,unlabeled_pool,3000
16,OWNER_ACCEPTED,0.75,768.8254568699955,0.046048482259114586,97.30107116699219,3964346,2026-07-29T09:24:34,3,63.78287741172907,0.061126708984375,,20260729_092434.jpg,4000,68ac1a7b0f6689c9,True,scene-0003,deed638ebe64ea5e80fc7a7790cf954552ba449d70496f85cb841b20546c7c0a,validation,3000
0,UNLABELED,0.75,951.113334350985,0.04521052042643229,97.70330047607422,4032838,2026-07-29T09:24:35,3,63.496472657855826,0.06541697184244792,,20260729_092435.jpg,4000,08e8ba433f66c999,True,scene-0003,1e757afedc4790914f7e80aabeb399833647b560bf17154e047d567d1089897c,unlabeled_pool,3000
0,UNLABELED,0.75,1262.6958490593559,0.044156392415364586,98.0683110555013,4239310,2026-07-29T09:24:36,3,63.563414562461006,0.06646219889322917,,20260729_092436(0).jpg,4000,21c8f21b7726a9c9,True,scene-0003,add6a7df0071c7b2053a8c643e90a2755da2b3a63e03267b4b626d70924dea5c,unlabeled_pool,3000
0,UNLABELED,0.75,874.7090721822592,0.049724578857421875,97.7654546101888,4042298,2026-07-29T09:24:36,3,64.34550041313678,0.07468795776367188,,20260729_092436.jpg,4000,11c8f21a7f26c9c9,True,scene-0003,aa0f141140d37642a06d7f86beed121d05af2638450f8216c9b2e3197e97d94c,unlabeled_pool,3000
11,OWNER_ACCEPTED,0.75,967.1923860048387,0.05121612548828125,98.71371205647786,4074752,2026-07-29T09:24:37,3,65.04249556339383,0.07331085205078125,,20260729_092437.jpg,4000,65c8e21a5726adc9,True,scene-0003,e593f2b48b97efb724dc7a15ce13101dd9d6a77d24870f37f7cb3bc0d6397adf,validation,3000
9,OWNER_ACCEPTED,0.75,992.8076253561284,0.048961639404296875,97.73337427775066,4094850,2026-07-29T09:24:38,3,64.61198529488385,0.07688268025716145,,20260729_092438.jpg,4000,65c8ca3a5726e989,True,scene-0003,c379b2d87be57909892687355a972871c945e7f035a993c91f0677b8c5b3107a,validation,3000
0,UNLABELED,0.75,775.6847981163813,0.04407374064127604,96.46925354003906,4051369,2026-07-29T09:24:39,3,63.43931153115266,0.06692123413085938,,20260729_092439.jpg,4000,1bc8b2027d66c9d9,True,scene-0003,8060025ffbbca8cdd6b4772cc718ae0d05ece2be376df5dfefaaa52cde5f91c6,unlabeled_pool,3000
0,UNLABELED,0.75,718.3399757210412,0.047938028971354164,97.93131510416667,3900076,2026-07-29T09:24:40,3,65.14535506914358,0.06195195515950521,,20260729_092440.jpg,4000,2cbc4a1b473789e8,True,scene-0003,34e20aadacac609d84c85f204f290ad435e4c36983f0c4045a3ca580a1073da9,unlabeled_pool,3000
22,OWNER_ACCEPTED,0.75,786.7844518866219,0.04605865478515625,97.04089228312175,4017057,2026-07-29T09:24:41,3,64.58898199448537,0.05858484903971354,,20260729_092441.jpg,4000,31fa5827374721c9,True,scene-0003,237593523e5b139b254fe2e2592f97cf5b213060afd2b6072178c1720bd1ff28,validation,3000
0,UNLABELED,0.75,645.1382191797787,0.04570134480794271,100.2185287475586,3374179,2026-07-29T09:24:42,3,62.45585721493053,0.03938420613606771,,20260729_092442.jpg,4000,0aba3e14a737c989,True,scene-0003,466a2d22348a4c71e4a422daf970aeadc6691f17de8242ec3e57a7c9221cf723,unlabeled_pool,3000
0,UNLABELED,0.75,690.5739911168338,0.04760869344075521,100.75223159790039,3328721,2026-07-29T09:24:43,3,62.69534749179174,0.04265467325846354,,20260729_092443.jpg,4000,43983c74a71fd981,True,scene-0003,c3d987edef9afcfc91f89f88093243665cb4a7ad5afb7796e83af245024353b1,unlabeled_pool,3000
16,OWNER_ACCEPTED,0.75,729.4837670905141,0.040523529052734375,103.29299799601237,3414769,2026-07-29T09:24:44,3,59.28198127541156,0.026027679443359375,,20260729_092444.jpg,4000,22187c59af33c1a7,True,scene-0003,bff92a1aaca33c070844f83207e29fc0cc370ba808f25002ad649ef3fb6d9bff,validation,3000
18,OWNER_ACCEPTED,0.75,907.3309009175995,0.025229136149088543,107.1346549987793,3336220,2026-07-29T09:24:46,3,56.081715267390365,0.019242604573567707,,20260729_092446(0).jpg,4000,44683841e33f8bcf,True,scene-0003,2642a07bfcbadfaf773df07719c60017629373b13e60401ac20b75eac0377db4,validation,3000
0,UNLABELED,0.75,692.9618850846164,0.03450139363606771,98.93219248453777,3334201,2026-07-29T09:24:46,3,58.04685460671237,0.039700826009114586,,20260729_092446.jpg,4000,06ec1878f30fe1a3,True,scene-0003,77af607709788236ce1cf5ae4e803df61faa9d8f901af3e9047724912fccb332,unlabeled_pool,3000
14,OWNER_ACCEPTED,0.75,513.9214706259455,0.039642333984375,101.05518213907878,3065485,2026-07-29T09:24:47,3,59.37495560772986,0.028577168782552082,,20260729_092447.jpg,4000,26587801a37fc1e7,True,scene-0003,f536a4a7caf4204b4e3c7fc50f1cccf4bef33fc339167e4ca85f14db7a0f677b,validation,3000
0,UNLABELED,0.75,739.2220268207457,0.036838531494140625,92.86778004964192,3190871,2026-07-29T09:24:48,3,59.25014586509982,0.037793477376302086,,20260729_092448(0).jpg,4000,45ccb620687f81e7,True,scene-0003,c24bded6aeed002cb7c0b82ad2f7d29a11de7346aa176a1ddb765fcb5d61eca6,unlabeled_pool,3000
0,UNLABELED,0.75,669.4266685812414,0.037976582845052086,95.52338409423828,3041547,2026-07-29T09:24:48,3,59.30924187195036,0.031280517578125,,20260729_092448.jpg,4000,07ccfe20207f81e7,True,scene-0003,e23b20c781971b7a3e78c047b96ac2c7591683c2f468af098bdaa595b944e749,unlabeled_pool,3000
13,OWNER_ACCEPTED,0.75,631.9851296674399,0.037737528483072914,92.36059061686198,2990256,2026-07-29T09:24:49,3,59.33949908941004,0.03380711873372396,,20260729_092449.jpg,4000,55cea600687d83e7,True,scene-0003,1a6f854b2ab8c3ae71aed9ebfcd9a6270628538b736c638690e3f4b0f7c2c417,validation,3000
0,UNLABELED,0.75,1967.469996190611,0.043025970458984375,93.18929799397786,2649715,2026-07-29T09:25:08,3,65.12422105717641,0.03649139404296875,,20260729_092508.jpg,4000,31b83e2f3f819095,True,scene-0004,8516002403538725b574d256b38b02b4ecf28775abf8eb7c8e83fe27a0a4d095,unlabeled_pool,3000
0,UNLABELED,0.75,1807.9661349985354,0.04515965779622396,96.16864776611328,2608390,2026-07-29T09:25:09,3,65.62587163676223,0.03600184122721354,,20260729_092509.jpg,4000,71983e2f3fc18095,True,scene-0004,44aa105bacf03631ab29cb4102a9785b7c11a588b84f52019ab92ee74d39c76a,unlabeled_pool,3000
1,OWNER_ACCEPTED,0.7504215851602024,305.5767805134704,0.05886077880859375,102.2272834777832,3749175,2026-07-29T09:25:16,3,60.95591641354992,0.00014368693033854166,,20260729_092516.jpg,4744,3f370707dd8180d5,True,scene-0005,24f9220422f7a22f1fc3e2dedb567b80639e7d3739eec1994854e0d5efb7b87f,train,3560
0,UNLABELED,0.75,312.2905781281232,0.01025390625,99.8992296854655,13450820,2026-07-29T09:25:21,3,59.75773863167805,0.00473785400390625,,20260729_092521.jpg,8160,1697e90d8bf89807,True,scene-0006,cb924151394b3d02444e24154a6a1c6201153fbc868a85135293b10000196fa7,unlabeled_pool,6120
0,UNLABELED,0.75,791.9120916381099,0.04194513956705729,96.29370371500652,14533222,2026-07-29T09:25:24,3,60.633747687836546,0.004629770914713542,,20260729_092524.jpg,8160,416af4bdd2998193,True,scene-0006,fab02070791fafc64d778e1d5873dd419bca10c7d1566293e6d480989c15a28e,unlabeled_pool,6120
0,UNLABELED,0.75,1016.0665420527004,0.043248494466145836,97.21720377604167,15447346,2026-07-29T09:25:28,3,63.46389328816538,0.0074462890625,,20260729_092528.jpg,8160,68791a5f8c91b1a5,True,scene-0007,7ab9f20384cae1e764a439586b6c031febda26f897a3f50203571e5eedf7c69f,unlabeled_pool,6120
0,UNLABELED,0.75,213.46441363158928,0.03995513916015625,103.84767023722331,12465820,2026-07-29T09:25:32,3,62.17779655830731,0.032857259114583336,,20260729_092532.jpg,8160,35db2e015d13f185,True,scene-0008,c1f63d9790a32ccc1552068e2e8d6a82413b9637ce31b0b92072e0979fa06063,unlabeled_pool,6120
10,OWNER_ACCEPTED,0.75,648.6857281910619,0.07910410563151042,93.44248580932617,14133432,2026-07-29T09:26:21,3,69.8979702519359,0.09127298990885417,,20260729_092621.jpg,8160,21c8ba1b77268de1,True,scene-0009,f9e2659b1015fa801973fdcf84c3efba6c3278b6d6b05448693cdb6b038b9d8b,train,6120
10,OWNER_ACCEPTED,0.75,695.8872572643062,0.07867177327473958,100.4295171101888,14539470,2026-07-29T09:26:22,3,67.99273739284342,0.052090962727864586,,20260729_092622.jpg,8160,30ecb21b771685e1,True,scene-0009,14d705198265cedf1ebff2d15346ebd5b7dec65384b737da5abb444a9a0cfc8d,train,6120
0,UNLABELED,0.75,698.5758245582547,0.07875569661458333,100.3218625386556,14907925,2026-07-29T09:26:23,3,67.84469255871097,0.052043914794921875,,20260729_092623.jpg,8160,24eca21b5736adc1,True,scene-0009,d951837e0add6573a8028961cd38b15d947f0dbdcc90f2820e4b2ff60c3364e0,unlabeled_pool,6120
0,UNLABELED,0.75,773.3704190380704,0.0702985127766927,100.0250358581543,14635473,2026-07-29T09:26:42,3,68.82180624406381,0.0787506103515625,,20260729_092642.jpg,8160,08e31a7f7716c981,True,scene-0010,ef4e11e9d12564f9b579f6f4bbcc89090c0242fac38b1995d74902da5c1011d1,unlabeled_pool,6120
0,UNLABELED,0.75,789.1198603804738,0.06720860799153645,99.71513493855794,14207952,2026-07-29T09:26:43,3,68.99179554997119,0.08129628499348958,,20260729_092643.jpg,8160,0ce11a1f771ee981,True,scene-0010,f53bef8f0362ce0bb8985409dea896ccb5b24992463e927b5b8b1d92fbfcdbc8,unlabeled_pool,6120
7,OWNER_ACCEPTED,0.75,519.436289257519,0.06499481201171875,98.84880193074544,12929076,2026-07-29T09:26:44,3,67.56377075855188,0.08270009358723958,,20260729_092644.jpg,8160,05f94a0f731fe980,True,scene-0010,6461e869a9bfc84464cbfbb60ae5c772a2c1c64a4bdf5124d49521385b2ae5bf,train,6120
0,UNLABELED,0.75,355.9823693291449,0.0629717508951823,94.76900863647461,12869230,2026-07-29T09:26:46,3,67.09575014693253,0.0976715087890625,,20260729_092646.jpg,8160,61986a671b67adc0,True,scene-0010,a7264868d89e4f21693a43dd98d087094c6c2b25c62d6222522d5ac066a53a69,unlabeled_pool,6120
0,UNLABELED,0.75,591.7208976336842,0.0668627421061198,99.60713450113933,14554407,2026-07-29T09:26:48,3,65.16605049898672,0.04773585001627604,,20260729_092648.jpg,8160,69c81e7f131fc184,True,scene-0010,0371494582be3d8d05762b0f4cb99fab3e4cab74b3de16e55d586668c1ae0bf6,unlabeled_pool,6120
0,UNLABELED,0.75,399.6154757532432,0.005009969075520833,105.04651641845703,2549326,2026-07-29T09:51:23,3,64.40323929958758,0.08634185791015625,,20260729_095123.jpg,4000,390eb0d776780e91,True,scene-0011,799e3ac551b118425a99827e820f327ce23ecab80781c6fdc94ddd7d2c312440,unlabeled_pool,3000
0,UNLABELED,0.75,443.1568205174456,0.005114237467447917,108.47943623860677,2624688,2026-07-29T09:51:25,3,61.337058273235606,0.058110555013020836,,20260729_095125.jpg,4000,390cb4d7e6384699,True,scene-0011,40d3ee645207988fccdfa505785702c1bacfa5b6de64131e9b41dc48baee4623,unlabeled_pool,3000
0,UNLABELED,0.75,579.3733424829925,0.0052947998046875,109.01976140340169,2976923,2026-07-29T09:51:26,3,59.354202085413995,0.024447123209635418,,20260729_095126.jpg,4000,4b0cf8e593641b8d,True,scene-0011,f80c56565c84f3734168b05040873c423e75389c59cf1f70c78ddda0f68f9adc,unlabeled_pool,3000
0,UNLABELED,0.451,601.5960286453866,0.012023133116883116,101.88990209009741,1202115,2026-07-29T09:51:27,3,59.22522947110963,0.045291785037878785,,20260729_095127.jpg,4000,0773a0e16c21b8f7,True,scene-0011,798a4bd820a64f5e23e4670fee89616aa0177b8e750543a587c51853c56b5688,unlabeled_pool,1804
0,UNLABELED,0.53125,389.67629367431505,0.012433220358455883,98.33007632984834,1245878,2026-07-29T09:51:28,3,64.82169245697588,0.10306504193474264,,20260729_095128.jpg,4000,2e3690e9606235fb,True,scene-0011,730ab7fd8f66947b1cdeeaa734cb04224fbe1548cf7273993d374ead097ce9ff,unlabeled_pool,2125
0,UNLABELED,0.5115,416.41606942379246,0.008451738430343511,99.09180060233778,1251452,2026-07-29T09:51:29,3,65.3678070836656,0.11774100966125954,,20260729_095129.jpg,4000,3f1398ad2532159b,True,scene-0011,8b757f4ef0c727009f2ad90fb5e183db501779e4add26b79402259608474c9e2,unlabeled_pool,2046
0,UNLABELED,0.75,270.48812452482355,0.0017547607421875,108.85194269816081,2619471,2026-07-29T09:51:31,3,61.67129248703661,0.047498067220052086,,20260729_095131.jpg,4000,7318a4a741d21daf,True,scene-0011,cc5ea3861567a2da066be4d9fc4e4769c7ecb9537bdf82ca7564e79a04e31d1f,unlabeled_pool,3000
0,UNLABELED,0.75,727.5678799113939,0.00347900390625,111.76945877075195,3311802,2026-07-29T09:51:32,3,54.68945470281779,0.04063542683919271,,20260729_095132.jpg,4000,7a0b1497736a8d85,True,scene-0011,ae1405fef0cd85b9f418f6bce7d24d786aefdc8f153ec1ddd2da606084f7aa0c,unlabeled_pool,3000
0,UNLABELED,0.75,732.8930111487847,0.001583099365234375,109.7293586730957,3297284,2026-07-29T09:51:33,3,54.18818303833746,0.038311004638671875,,20260729_095133.jpg,4000,6a0394967b7a8d85,True,scene-0011,10cc95a05b04d446d513415989c12d78e7843d9084cce5c201cb0aa293a6283a,unlabeled_pool,3000
24,OWNER_ACCEPTED,0.75,534.5559583081762,0.000732421875,107.22532399495442,3175670,2026-07-29T09:51:34,3,61.69780684661007,0.04480107625325521,,20260729_095134.jpg,4000,0330bce542d2b9bd,True,scene-0011,3cb4f0c83fefdeb44f071e31a69563a5fd394a176da34470107f8098366e7dfa,train,3000
0,UNLABELED,0.75,479.2332127857697,0.00122833251953125,113.32843780517578,2958670,2026-07-29T09:51:35,3,56.96196502313283,0.04779942830403646,,20260729_095135.jpg,4000,1a1624ed5652b9ad,True,scene-0011,23ba0ea6530f7581a5317b76fd6b47ce9150bd46d51acc2aea9bd47c5eaf620d,unlabeled_pool,3000
25,OWNER_ACCEPTED,0.75,794.5277175848587,0.0009600321451822916,112.04487228393555,3414015,2026-07-29T09:51:36,3,55.35216271744245,0.0394439697265625,,20260729_095136(0).jpg,4000,3a3685c57632998d,True,scene-0011,c649df433f67374420d32761eedb63d95f62c7252000f01610200daf466c0136,train,3000
0,UNLABELED,0.75,754.0590409839774,0.0011380513509114583,111.5009028116862,3169906,2026-07-29T09:51:36,3,55.8199855357919,0.03836822509765625,,20260729_095136(1).jpg,4000,323695c176229b9d,True,scene-0011,3db0e92b5e088df76292f84c879e8a63e30825982494350c1045f790e03fd826,unlabeled_pool,3000
0,UNLABELED,0.75,759.2917191832222,0.0011049906412760417,115.197691599528,3265840,2026-07-29T09:51:36,3,55.114396943994066,0.03747431437174479,,20260729_095136.jpg,4000,3e3e84c57632898d,True,scene-0011,4626218a57f4f9d01731d2ca353634c4f43dde9b7057a99b0ff0aaeca65e5fb2,unlabeled_pool,3000
0,UNLABELED,0.75,792.9598664012155,0.0009129842122395834,110.37515131632487,3434846,2026-07-29T09:51:37,3,55.77916375235595,0.0363311767578125,,20260729_095137(0).jpg,4000,222e95954666b9b9,True,scene-0011,12e2d23537934ea2ca0ddd623fa60e7d1970f4f29eb549b44b19dfd9ea727bc3,unlabeled_pool,3000
0,UNLABELED,0.75,770.3059437555817,0.0010007222493489583,110.94247563680013,3223500,2026-07-29T09:51:37,3,55.82791657990178,0.037663777669270836,,20260729_095137.jpg,4000,223695d14662b9bd,True,scene-0011,0444f8d9bc435f8a651da1ccbd7aa2e76d78a93db90bc8bd12e784b1a8b4ae21,unlabeled_pool,3000
0,UNLABELED,0.75,740.1661935610076,0.0009981791178385417,107.6475944519043,3157042,2026-07-29T09:51:38,3,56.19117500492323,0.040203094482421875,,20260729_095138(0).jpg,4000,626ab5910644fbb9,True,scene-0011,9d519336e38af2a7d7855842cfe922c9b78f03e376750277ece775fc1a024818,unlabeled_pool,3000
0,UNLABELED,0.75,692.8760690371904,0.002063751220703125,106.49750010172527,3097671,2026-07-29T09:51:38,3,55.627107445562075,0.039616902669270836,,20260729_095138(1).jpg,4000,426ab5a10644fbbb,True,scene-0011,8645603965e5dec9e4526fb47ec695ab2e845417f7ba00445aef1a4f14597e66,unlabeled_pool,3000
0,UNLABELED,0.75,773.5063410717929,0.00118255615234375,109.43261337280273,3216170,2026-07-29T09:51:38,3,56.10971686887043,0.039105733235677086,,20260729_095138.jpg,4000,622e95914646bbb9,True,scene-0011,e6699698d80bb25df6d44e6b7c8a84b5083f8586ee13981258efac1904c15b13,unlabeled_pool,3000
26,OWNER_ACCEPTED,0.75,754.0872090283991,0.0017000834147135417,106.19222259521484,3159216,2026-07-29T09:51:39,3,55.2461177527576,0.037523905436197914,,20260729_095139(0).jpg,4000,42c8f5a30a04f3fb,True,scene-0011,bfd5c9909dc3141ad3b54479fd21bf04dc4afea57996b68f8cce699a5c207ad6,train,3000
0,UNLABELED,0.75,731.150648655795,0.0020853678385416665,106.73389689127605,3149182,2026-07-29T09:51:39,3,55.72110217236233,0.03878148396809896,,20260729_095139.jpg,4000,4268f5a10604fbfb,True,scene-0011,d901b2b11ce52cff08ef0697e96f2ed0eee83fb5f41584259430e7b59f60c0f5,unlabeled_pool,3000
0,UNLABELED,0.75,772.2131810091995,0.0020434061686197915,110.93052800496419,3406975,2026-07-29T09:51:40,3,54.58416911329357,0.028715769449869793,,20260729_095140(0).jpg,4000,4ad4d5ab2a14d1e3,True,scene-0011,f492b28b11b336db49abc7116fb02efd3276d35f431c64b102e8ccc62f91b3c1,unlabeled_pool,3000
0,UNLABELED,0.75,706.0143055456318,0.0027008056640625,111.32131576538086,3120080,2026-07-29T09:51:40,3,54.460846147169875,0.028411865234375,,20260729_095140(1).jpg,4000,1ad4c5eb3a1c83c3,True,scene-0011,b11aabfa7e7c29906c710582d5a49ceb42978ca3eff74f2ae27109831eacaee4,unlabeled_pool,3000
0,UNLABELED,0.75,756.5318973171119,0.002025604248046875,110.28830846150716,3191310,2026-07-29T09:51:40,3,54.91071784850093,0.030503590901692707,,20260729_095140.jpg,4000,0adcd5ab2a14d1e3,True,scene-0011,bd0a22582d18874c3862e3467f2d184f9852f61ffca10d8b0da4024c8a89a98a,unlabeled_pool,3000
0,UNLABELED,0.75,414.88053244367234,0.002475738525390625,112.54679743448894,2714510,2026-07-29T09:51:41,3,55.496279499731315,0.034375508626302086,,20260729_095141(0).jpg,4000,06dcd5eb2a14d1c3,True,scene-0011,b85df5d9c1b884c7edba33445f5dfda31cc3c69bf4ebfa705ce6293d51e28551,unlabeled_pool,3000
0,UNLABELED,0.75,838.6135874842925,0.00360870361328125,112.53396352132161,3331840,2026-07-29T09:51:41,3,55.20844897181282,0.030340830485026043,,20260729_095141.jpg,4000,1a9485cb7a3d8783,True,scene-0011,289bd6330453bb344c15f23c5b48d326c3a207b8dcee841e89086fef90b3b042,unlabeled_pool,3000
0,UNLABELED,0.75,525.1897241483288,0.012929280598958334,119.43793106079102,3476420,2026-07-29T09:51:43,3,53.54297886958209,0.024400075276692707,,20260729_095143.jpg,4000,6301bcf673688d85,True,scene-0011,553065ab8baa11e168535eac6d09557aa8910412e843216659ea8dd6d3b00dd7,unlabeled_pool,3000
17,OWNER_ACCEPTED,0.75,701.5678502155096,0.0010503133138020833,115.81970087687175,3150699,2026-07-29T09:51:44,3,54.24457819279125,0.029909769694010418,,20260729_095144(0).jpg,4000,1ea300d6f7688d8d,True,scene-0011,afda0976995f9b2a3634fc8a33da4c07e578dabaa7ff436307803fdc88dd7eb8,train,3000
0,UNLABELED,0.75,833.3833634518459,0.0013097127278645833,118.80364990234375,3412348,2026-07-29T09:51:44,3,54.866133155600366,0.028463999430338543,,20260729_095144.jpg,4000,3ea300d6f3788d85,True,scene-0011,68afa774edb9a3072f1864407a4de5454342dc81d782563bac4c64d9bf52a391,unlabeled_pool,3000
0,UNLABELED,0.75,1051.1172662434255,0.006622314453125,114.43687566121419,3259782,2026-07-29T09:51:45,3,55.133731929761,0.032633463541666664,,20260729_095145(0).jpg,4000,1eab089ef768888d,True,scene-0011,30cdcc382c6a3e90b5ca5dd8905bf1c5515788d5ad6add1747a16103558fce0c,unlabeled_pool,3000
0,UNLABELED,0.75,985.7828983186173,0.0029398600260416665,115.54610188802083,3537943,2026-07-29T09:51:45,3,54.61814597059452,0.03248723347981771,,20260729_095145.jpg,4000,1ea308d6f768898d,True,scene-0011,1242f6f7a32b229ed5f68398525fdb80af00ccce082b56e4b2148efea9e01d73,unlabeled_pool,3000
0,UNLABELED,0.75,1131.0558893757375,0.006832122802734375,114.66228739420573,3408273,2026-07-29T09:51:46,3,53.886834700708185,0.025842030843098957,,20260729_095146(0).jpg,4000,469b1886f7708d8d,True,scene-0011,3a5fd59f1299b4d1aa201f0dfb12e96db168a223807a1c79bbe4732a720bc734,unlabeled_pool,3000
0,UNLABELED,0.75,1014.9705695071389,0.006315867106119792,114.27032089233398,3313115,2026-07-29T09:51:46,3,53.705265204171525,0.027141571044921875,,20260729_095146.jpg,4000,0ebb1086f3788c8f,True,scene-0011,a35b4a1454d7b92a4d91feb21ecbd085dde17246860a01675de53f5aaad73436,unlabeled_pool,3000
0,UNLABELED,0.435,948.6262380235172,0.008157040028089887,110.60033137289327,1483656,2026-07-29T09:51:47,3,53.91503466017386,0.034100684691011234,,20260729_095147(0).jpg,4000,109f1d9897149b8f,True,scene-0011,1625f0d63d719e1575ac4cd676190ca21cd3bc331e0f9eb869abe3725e3dc5db,unlabeled_pool,1740
0,UNLABELED,0.4575,887.837982824381,0.007522452590811966,109.75768729967949,1470274,2026-07-29T09:51:47,3,54.25856921168564,0.036289312900641024,,20260729_095147.jpg,4000,189f0d989f148b8f,True,scene-0011,0a674ba19381291e7716b7bc15e5ac705374289f1842468b937c0baf94534eef,unlabeled_pool,1830
0,UNLABELED,0.75,324.8175791852004,0.0025736490885416665,101.65647379557292,2996022,2026-07-29T09:51:54,3,63.764449362822155,0.06930033365885417,,20260729_095154.jpg,4000,2584d14b7ec23d8b,True,scene-0012,ad02994e9ac96ba00449e08cff5d4892772cbdd3822469f2f001dd8e771aca60,unlabeled_pool,3000
0,UNLABELED,0.75,90.22845335474831,4.3233235677083336e-05,104.87741724650066,1862192,2026-07-29T09:51:55,3,62.19941369477296,0.031827290852864586,,20260729_095155.jpg,4000,28cd9a3678ed1386,True,scene-0012,7ba854473ec8b9d8c5cd3b87926bccbca632615eb3d0fdd09dee2c83b02e033d,unlabeled_pool,3000
0,UNLABELED,0.75,551.5297875772861,0.0031763712565104165,106.48483784993489,2961204,2026-07-29T09:51:56,3,59.02382335409941,0.022932688395182293,,20260729_095156(0).jpg,4000,0a3da5e24215bdab,True,scene-0012,8379afb9661b75b6527fee2b82bcf1c27b9bba53a557c98b8a5d7cf0b67b682f,unlabeled_pool,3000
0,UNLABELED,0.75,234.19761656876653,0.001338958740234375,111.90981547037761,3074572,2026-07-29T09:51:56,3,61.33969486547103,0.014521280924479166,,20260729_095156.jpg,4000,2e5585ea6ad4898b,True,scene-0012,e85bf1bc0ff97d08d4bad463efdd9435c88d2b8853dd79a7c7bee9eac93b5a2d,unlabeled_pool,3000
0,UNLABELED,0.75,498.77622451275573,0.00696563720703125,110.19745127360027,3083533,2026-07-29T09:51:57,3,56.70358683328322,0.022661844889322918,,20260729_095157.jpg,4000,6a1c35e24a549dab,True,scene-0012,33e6459b1605417397214adcd5607a98e984d7a73a22d6f7451e77ac776d3070,unlabeled_pool,3000
0,UNLABELED,0.75,718.4163805349041,0.006023406982421875,107.51837539672852,3505071,2026-07-29T09:51:58,3,54.30928368281092,0.022332509358723957,,20260729_095158(0).jpg,4000,7a1c15827a75958b,True,scene-0012,308bf424154524f18573e4678251c811a02bd157092bc1e247522fabfac8be91,unlabeled_pool,3000
0,UNLABELED,0.75,697.8637784421431,0.008383433024088541,107.46509043375652,3650543,2026-07-29T09:51:58,3,55.19843305299619,0.023311614990234375,,20260729_095158.jpg,4000,6a1c15a67a74958b,True,scene-0012,82582b1da5838ffcfd50aaf7c5cea0ec3ead89f0dde0f5fd09eb39f49950dd83,unlabeled_pool,3000
0,UNLABELED,0.75,614.0553270837021,0.004182179768880208,106.6114018758138,3541673,2026-07-29T09:51:59,3,55.56694538862344,0.020848592122395832,,20260729_095159.jpg,4000,18b4a5d652658d9b,True,scene-0012,344a715b8b14eb8512d6f085579cff2576eebb4e922c576714f5e9ace7e7f2b1,unlabeled_pool,3000
0,UNLABELED,0.75,378.54949146065337,0.000911712646484375,115.7941296895345,3057232,2026-07-29T09:52:00,3,54.244408666290084,0.009272257486979166,,20260729_095200.jpg,4000,18b4add652658d9a,True,scene-0012,0e7eefc9c341b3ecc1ae04544865671385806d1d5029f0ad7bffbdb774e12588,unlabeled_pool,3000
0,UNLABELED,0.75,637.4675035022859,0.004857381184895833,110.81291961669922,3170926,2026-07-29T09:52:01,3,53.2665962971312,0.00878143310546875,,20260729_095201(0).jpg,4000,4868e5de1a25e5d2,True,scene-0012,cbb4bf01091dc568c05ac1a0a8b46c05c739cae998385d43e0c7191f5b4b0193,unlabeled_pool,3000
0,UNLABELED,0.75,464.32862785081994,0.004395802815755208,110.59344991048177,2957669,2026-07-29T09:52:01,3,53.645129194508854,0.010138193766276041,,20260729_095201.jpg,4000,4a44c5de3a25c5da,True,scene-0012,3b8284ddcef1f7f64c72cb9f44ecf3a626feb955157e1d42a853a8a5c78bdc2f,unlabeled_pool,3000
0,UNLABELED,0.75,745.4235004745168,0.007595062255859375,107.85794576009114,3531330,2026-07-29T09:52:02,3,53.87324416351904,0.010367075602213541,,20260729_095202.jpg,4000,4a60e5da122dc5f6,True,scene-0012,b32c16e8f568ca39b104b7f7a5390b49f0494ad27d4e3ce6ec7fe41f29815ee2,unlabeled_pool,3000
0,UNLABELED,0.75,735.1860683186229,0.006811777750651042,107.59621683756511,3512607,2026-07-29T09:52:03,3,52.96320473437854,0.007413228352864583,,20260729_095203.jpg,4000,4a68cdda9229c5e6,True,scene-0012,6166f172e4e56d06058461c8bce1f2332146f2d63fddc1f83092fb8448818015,unlabeled_pool,3000
0,UNLABELED,0.75,717.7680344150853,0.0030301411946614585,106.58154678344727,3791311,2026-07-29T09:52:04,3,51.76382235061214,0.006923675537109375,,20260729_095204.jpg,4000,4acccd923669c5c6,True,scene-0012,0082f8e121523e950926950bdf0d72b40c94d549e02d69314efc706bf5e039d0,unlabeled_pool,3000
0,UNLABELED,0.75,667.0570126759256,0.007948557535807291,106.23617299397786,3428060,2026-07-29T09:52:05,3,53.7784963448645,0.0093994140625,,20260729_095205.jpg,4000,4a48cdda9629c5e6,True,scene-0012,fbfbe76447e61cfff6f1a311f71c8f18f6fbabe68ceca97f3ed93586742b81a3,unlabeled_pool,3000
0,UNLABELED,0.75,639.1410875781424,0.008831024169921875,108.9622433980306,3596931,2026-07-29T09:52:06,3,52.796883789413606,0.0030123392740885415,,20260729_095206(0).jpg,4000,5a42cd9eb62985c6,True,scene-0012,7b717d8bf2888afc48c33724331ca2e0a0b87689d5015c286b38c33911248fef,unlabeled_pool,3000
0,UNLABELED,0.75,625.7169269000345,0.008382161458333334,108.19257990519206,3374044,2026-07-29T09:52:06,3,53.448626116812335,0.006181081136067708,,20260729_095206.jpg,4000,5a4acd92b629c5c6,True,scene-0012,1e91e86dd4d1df04328cfc2ec1dfe42efa8e4dc41f458ba79dbc7b7e2652e392,unlabeled_pool,3000
0,UNLABELED,0.75,448.7594159444157,0.005456288655598958,109.61278915405273,3391902,2026-07-29T09:52:07,3,52.81017923453432,0.0037867228190104165,,20260729_095207.jpg,4000,5a42cd9bb66981c6,True,scene-0012,1bae8bd71401113401b3909d925ddf7b2c52e22aef985f7ff45ecdf012ece9b0,unlabeled_pool,3000
0,UNLABELED,0.75,580.6709880458258,0.0022214253743489585,107.25846735636394,3134582,2026-07-29T09:52:08,3,54.381138189734465,0.010223388671875,,20260729_095208(0).jpg,4000,5a82c5dfb229c1c6,True,scene-0012,da13af82136f296119dc840d6ed6e8d7226d26b2687e44471e3478599d0a5ddd,unlabeled_pool,3000
0,UNLABELED,0.75,568.8460434307282,0.0026308695475260415,107.69446563720703,3751843,2026-07-29T09:52:08,3,53.93439446815949,0.006403605143229167,,20260729_095208.jpg,4000,1ac2c59bb669c1c6,True,scene-0012,ff7cf7a0bf2d88ba73615d9c0ff739c70382464adb09052f759adc5117a23a9d,unlabeled_pool,3000
0,UNLABELED,0.75,367.3563408555522,0.0036799112955729165,118.68569564819336,3202712,2026-07-29T09:53:12,3,56.8465772495297,0.0031267801920572915,,20260729_095312.jpg,4000,367fc900929b7564,True,scene-0013,928790662ed47fea81b38cd50c1cf7dc9d53422cfe747c4b7559074ef5de864b,unlabeled_pool,3000
0,UNLABELED,0.75,206.97852453588783,0.0027224222819010415,122.26296361287434,2945149,2026-07-29T09:53:13,3,62.86119454182861,0.0036837259928385415,,20260729_095313(0).jpg,4000,3666499b12584f67,True,scene-0013,3811507b41f6e428c8baa60e4998d8ab407016aa4c7e85856848545824ba112d,unlabeled_pool,3000
0,UNLABELED,0.75,340.34233437633765,0.0028432210286458335,119.49906794230144,3235641,2026-07-29T09:53:13,3,59.6899562397334,0.0008977254231770834,,20260729_095313.jpg,4000,7e64018374ba5d4d,True,scene-0013,adbd678feb622f5191ddeff837a9121bac460b516949bc0526cf76aa641420a2,unlabeled_pool,3000
0,UNLABELED,0.75,265.7489942411177,0.0037256876627604165,117.19805653889973,2777665,2026-07-29T09:53:14,3,57.76664305930195,0.0009981791178385417,,20260729_095314(0).jpg,4000,76062591da786d56,True,scene-0013,5e55b7282cd1808c01b4eb5cc13dda0f537cd3978687e0702f03dfb8c3583458,unlabeled_pool,3000
0,UNLABELED,0.75,190.0266608485625,0.002834320068359375,119.09551620483398,2725750,2026-07-29T09:53:14,3,59.96133940670597,0.0036404927571614585,,20260729_095314.jpg,4000,36664d9992586d27,True,scene-0013,d610e8c98c871e090b119f3a19ebebb243ca851c30c0041c2fca27e77efd51d3,unlabeled_pool,3000
0,UNLABELED,0.75,522.5695013242399,0.0022443135579427085,120.06641260782878,2331973,2026-07-29T09:53:16,3,59.018277309659034,0.0114898681640625,,20260729_095316(0).jpg,4000,662701d9f846673c,True,scene-0013,00eac1cca7e0cb7a79f661d515f312c13f04687f36801b1cdc73a8e343b855cf,unlabeled_pool,3000
0,UNLABELED,0.75,68.18856284643213,0.0027414957682291665,119.30518976847331,2187801,2026-07-29T09:53:17,3,57.33547669586958,0.003391265869140625,,20260729_095317(0).jpg,4000,4643e999926ced46,True,scene-0013,e1c80a36e5f29314d2cc4970b6fdbf4320df2e46f5536442bc69b219bf664720,unlabeled_pool,3000
0,UNLABELED,0.75,308.79251982580655,0.002079010009765625,114.43390655517578,2170512,2026-07-29T09:53:17,3,56.71713029320818,0.014591217041015625,,20260729_095317.jpg,4000,26e1d1c9dc73270c,True,scene-0013,14538e1ef9c5c2ad895b42ba2e1efcada9fda33a3ee04e76c68af88606523fad,unlabeled_pool,3000
0,UNLABELED,0.75,348.45004004922356,0.0030263264973958335,124.89611180623372,2970719,2026-07-29T09:53:18,3,56.883836189548916,0.0003496805826822917,,20260729_095318.jpg,4000,47038db1b2348d5f,True,scene-0013,c3190b44978f5400e8b6ecd6b18cc2721f32a7f3b1660fed238f5185001cd0f6,unlabeled_pool,3000
0,UNLABELED,0.75,338.62143189795705,0.0033899943033854165,123.82117716471355,2992794,2026-07-29T09:53:19,3,53.24369955966309,0.0,,20260729_095319(0).jpg,4000,0b0b05e1f274dd1b,True,scene-0013,12f810c7fbeaa97e6fd6a645c0c6792a03302ff12f27d5674cc577639a3cb819,unlabeled_pool,3000
0,UNLABELED,0.75,308.24233767769084,0.00391387939453125,122.83184560139973,2926734,2026-07-29T09:53:19,3,50.717872070511454,0.0,,20260729_095319(1).jpg,4000,0a0b07e1e274bd3b,True,scene-0013,b762bcaac2756700b91708588ae6659ce694a68705ad929b9b74750c771dc9ff,unlabeled_pool,3000
0,UNLABELED,0.75,243.47400847878694,0.003021240234375,124.00621668497722,2796983,2026-07-29T09:53:19,3,55.01200241683957,2.288818359375e-05,,20260729_095319.jpg,4000,0b0b85e1f234dd1b,True,scene-0013,97a8a11416d400c13c250a85e47ac210b27cf2b623f97123827a5be3a5a26489,unlabeled_pool,3000
0,UNLABELED,0.75,342.16930789632255,0.007799784342447917,127.87536112467448,2986592,2026-07-29T09:53:20,3,50.42082295876936,0.0,,20260729_095320.jpg,4000,3a0b0ec5c244fd3b,True,scene-0013,7f844a3c5209658393801c6a3c815e507a896448c6db7e4d9e502f062f884b6c,unlabeled_pool,3000
0,UNLABELED,0.75,155.50812461675864,0.00283050537109375,120.7904904683431,2049084,2026-07-29T09:53:21,3,55.1087772682655,0.006334940592447917,,20260729_095321.jpg,4000,61a515c8e867b734,True,scene-0013,d048d8f572f74a5b102cdbff211deaec43205900875168c6cc2f562bb86c6855,unlabeled_pool,3000
6,OWNER_ACCEPTED,0.75,453.85774739298114,0.006357828776041667,118.42020670572917,3032615,2026-07-29T09:53:22,3,52.12420976695325,0.0034077962239583335,,20260729_095322(0).jpg,4000,722f1543ca19676c,True,scene-0013,03d4c10a5b8904e2237476412682289633c81e9e86724cd2206f994b11df0c50,test,3000
0,UNLABELED,0.75,732.2734680132061,0.008035024007161459,124.17576726277669,3218054,2026-07-29T09:53:22,3,54.92823091115576,0.004299163818359375,,20260729_095322.jpg,4000,2a17516bc859b734,True,scene-0013,12148e0a09427ec1fc08b56426a3478b7ad0160fc9be85fb96876e0476069813,unlabeled_pool,3000
0,UNLABELED,0.75,130.8941738490054,0.0018513997395833333,112.72599029541016,2481828,2026-07-29T09:53:23,3,51.96513214515353,0.0020154317220052085,,20260729_095323(0).jpg,4000,5e7e3c41a8e41731,True,scene-0013,f11494ca72c5d0373bf6f16126e0b0faa6efc6c3e459bfa7ae68404cad045e4a,unlabeled_pool,3000
0,UNLABELED,0.75,290.85906469122773,0.0054473876953125,112.25011698404948,3116853,2026-07-29T09:53:23,3,51.40954925541881,0.0027987162272135415,,20260729_095323.jpg,4000,562e3513cad0673c,True,scene-0013,728741330932faa58611f617d5aac0fe45f447326cfcd1925f2619764d8b4d18,unlabeled_pool,3000
0,UNLABELED,0.75,588.430142626553,0.005574544270833333,115.71401723225911,3187077,2026-07-29T09:53:27,3,61.956077735678456,0.0020395914713541665,,20260729_095327.jpg,4000,49abd62813ca0d77,True,scene-0014,411ddc49a3bd55e05761ba37296b000ee07b1450dcba5cd110088750f41c48d5,unlabeled_pool,3000
4,OWNER_ACCEPTED,0.75,231.9318745520802,0.0014788309733072917,106.50201797485352,2889045,2026-07-29T09:53:28,3,47.85976655327237,0.0028088887532552085,,20260729_095328.jpg,4000,45caa6750bd26b2c,True,scene-0014,24261cf008d5bd9c88de62420ecb1c10b01f69892884d1cc6d01f764679a50e9,train,3000
4,OWNER_ACCEPTED,0.75,382.6505688312318,0.010473887125651041,110.0476811726888,3316641,2026-07-29T09:53:29,3,49.2707869661815,0.0032246907552083335,,20260729_095329.jpg,4000,51aae4751ad24b6c,True,scene-0014,ead86148fa9d423c031a2e0534e2ac2a24e39c4a99b32807ee9c3d48d0e89879,train,3000
4,OWNER_ACCEPTED,0.75,715.3466186221277,0.004018147786458333,108.71089935302734,3411088,2026-07-29T09:53:30,3,46.25541153125527,0.007620493570963542,,20260729_095330(0).jpg,4000,2eb0d7c23a7a4554,True,scene-0014,33162bd79e4b2cd708df6c4ddb41eabe58b1a5a14e02d44905340fb27431cba0,train,3000
0,UNLABELED,0.75,294.6361220512365,0.003200531005859375,110.1042594909668,3777558,2026-07-29T09:53:30,3,44.670730232108916,0.0028368631998697915,,20260729_095330.jpg,4000,1ae0758756720f3c,True,scene-0014,b97a57f2dc25897123067b01ca7a70c8b3aac9b88e8e4babb1c8df2ebbe49f09,unlabeled_pool,3000
0,UNLABELED,0.75,757.653565773299,0.0028050740559895835,113.45023600260417,3220548,2026-07-29T09:53:31,3,49.083824450194584,0.00353240966796875,,20260729_095331(0).jpg,4000,7e1249e813746d8e,True,scene-0014,5b36b7c71910262cad6e8df964283f9972dd8ffcefad4c639a27f57fc887d49e,unlabeled_pool,3000
0,UNLABELED,0.75,640.4988026573168,0.0037167867024739585,111.6676762898763,3364375,2026-07-29T09:53:31,3,46.736159306567664,0.007460276285807292,,20260729_095331.jpg,4000,325ed3b00f5a6554,True,scene-0014,f7fbc80d5353da950bcb95ebc8cb7e9a7b5b734283cb30deedb13d665a686bfa,unlabeled_pool,3000
0,UNLABELED,0.75,1070.5999600415164,0.0037053426106770835,115.9320437113444,3494562,2026-07-29T09:53:32,3,46.883266946959154,0.00115203857421875,,20260729_095332(0).jpg,4000,593e3348cba4658e,True,scene-0014,36a8597b52e285db5abeb972a27d7273f17dfb3e8ee04c13743850697d1afa3d,unlabeled_pool,3000
0,UNLABELED,0.75,911.7451103793622,0.003681182861328125,115.63411331176758,3140511,2026-07-29T09:53:32,3,48.12899019862013,0.0012296040852864583,,20260729_095332.jpg,4000,6e3613c81b166d8e,True,scene-0014,c35a71e5ad4ff882d6ee0d3ac25d32c0600f12a1a0676198daf6f12338925e76,unlabeled_pool,3000
0,UNLABELED,0.75,763.5237402283802,0.011007944742838541,114.22517649332683,3882811,2026-07-29T09:53:33,3,49.09124639909588,0.005566914876302083,,20260729_095333(0).jpg,4000,06fa354ac9e12697,True,scene-0014,e0db0c52704228df8f1cfbf39e6965fb828a38af839c160e8f6de9726a126e40,unlabeled_pool,3000
0,UNLABELED,0.75,316.74793159620214,0.011188507080078125,115.2703971862793,3257681,2026-07-29T09:53:33,3,49.753324430292686,0.0036722819010416665,,20260729_095333.jpg,4000,2cb65b2069ca17a7,True,scene-0014,854c1a2a3c12e949b5dd946eceb9df5eb91b7e56bf09b758f3beee537a600a16,unlabeled_pool,3000
0,UNLABELED,0.75,1332.0248722160788,0.0035031636555989585,113.35406748453777,3431257,2026-07-29T09:53:34,3,45.29999103207715,0.004338582356770833,,20260729_095334.jpg,4000,7e2a1442c1d93ee5,True,scene-0014,49566409765c9aa98900704a7de70b78c9e06d42826d4799a5478bfedbb1beba,unlabeled_pool,3000
0,UNLABELED,0.75,1371.2846836099761,0.0022722880045572915,104.86854680379231,3338179,2026-07-29T09:53:35,3,49.5880867974238,0.018768310546875,,20260729_095335(0).jpg,4000,4ab63651cbc81f25,True,scene-0014,0a850ab472e7e659603a7342b19b5672936ea6d92a255e8b9f327ec750ff04f0,unlabeled_pool,3000
0,UNLABELED,0.75,1215.0879047637552,0.0023409525553385415,108.72933451334636,3470321,2026-07-29T09:53:35,3,46.932231746526135,0.011945088704427084,,20260729_095335.jpg,4000,423e1651cbc93f25,True,scene-0014,0822a4e2aff455161b39e6966e015675a314fd48f3fa365e9908ddef145bf0b8,unlabeled_pool,3000
0,UNLABELED,0.75,1680.1329683569322,0.0035451253255208335,107.26742935180664,3599123,2026-07-29T09:53:36,3,46.36380578009562,0.01129150390625,,20260729_095336(0).jpg,4000,1eb666c251c907b5,True,scene-0014,653821a3cbef95016121b9ca53e4d4f714715d8f0e57128745c950c76ec2e35c,unlabeled_pool,3000
0,UNLABELED,0.75,950.1039898758736,0.006464640299479167,102.4133669535319,3347783,2026-07-29T09:53:36,3,49.145200756020266,0.017735799153645832,,20260729_095336.jpg,4000,523e5640c3c95f35,True,scene-0014,74e7983a0ef01213b6a7d47b403c34730820f77fc33b6be14952ef1155a47249,unlabeled_pool,3000
0,UNLABELED,0.75,1633.1313130236201,0.0027783711751302085,103.7433369954427,3519573,2026-07-29T09:53:37,3,49.95091660092111,0.007671356201171875,,20260729_095337(0).jpg,4000,360e3af2018a7fa5,True,scene-0014,359a66c76bb38dd6a02a35fa6a755c193a280b9b04a32ccf746b5e46e0c94d52,unlabeled_pool,3000
0,UNLABELED,0.75,2091.350671539471,0.0037676493326822915,106.67595672607422,3678961,2026-07-29T09:53:37,3,47.31750291786756,0.0126190185546875,,20260729_095337.jpg,4000,3eb606d251e807b5,True,scene-0014,974f00ee6a0465eda814b1961ee95055fdc88677982f11e7cacab1f6a69c7f86,unlabeled_pool,3000
0,UNLABELED,0.75,513.4523162791094,0.007525126139322917,110.28055953979492,3195948,2026-07-29T09:53:38,3,53.20401838302303,0.028849283854166668,,20260729_095338(0).jpg,4000,5a6aca493ca343dc,True,scene-0014,d47e52bbf60baadcabfaa1552c3d91205b2ca931779dfe322738f81255c1d662,unlabeled_pool,3000
0,UNLABELED,0.75,1534.5748494031275,0.006313323974609375,103.5790786743164,3839675,2026-07-29T09:53:38,3,51.65308789192679,0.0107574462890625,,20260729_095338.jpg,4000,060a7af329aa57b1,True,scene-0014,c059a980149ac2d96c432380f0bc00596eab345dcb29552dc77eb2794de30ac8,unlabeled_pool,3000
0,UNLABELED,0.75,1686.2325880675482,0.005678812662760417,101.71996943155925,3455886,2026-07-29T09:53:39,3,52.95084559994127,0.03102874755859375,,20260729_095339(0).jpg,4000,7e1a40e2089d77ec,True,scene-0014,b673be1f5374f472bb42a33c44310aaa33cf1b2ed029e7a35282a8270723060d,unlabeled_pool,3000
0,UNLABELED,0.75,875.1502805173174,0.004088083902994792,107.18515904744466,3179327,2026-07-29T09:53:39,3,50.78993822242241,0.005990346272786458,,20260729_095339.jpg,4000,767a48c058b327ce,True,scene-0014,e79a86b80275d1b6979cd2fa7e91998ec39c6cb84960167b7beba81826aeb441,unlabeled_pool,3000
8,OWNER_ACCEPTED,0.75,963.3633612002378,0.004037221272786458,123.71837615966797,3542270,2026-07-29T09:53:40,3,53.11174228187982,0.0028559366861979165,,20260729_095340.jpg,4000,49e161c88d35f47c,True,scene-0014,0e39aa15511d6a199e97329941c5dbb616c73983f7355a56236b1d2045c5df74,train,3000
12,OWNER_ACCEPTED,0.75,1594.5385455706407,0.0037066141764322915,113.81417719523112,3773310,2026-07-29T09:53:41,3,54.46900125337581,0.030179341634114582,,20260729_095341.jpg,4000,2649c0c909f53d3f,True,scene-0014,f837b38548df61ea15ff8b1d29d0e2a584872cc9d83b33ecad93533b27e99b5e,train,3000
0,UNLABELED,0.75,1078.9696957145868,0.0029169718424479165,114.15221913655598,3447377,2026-07-29T09:53:42,3,54.21216938752305,0.03448486328125,,20260729_095342(0).jpg,4000,435168b821ff8753,True,scene-0014,ac07e235f4596dabbb6342d25e74bfccfc860ec443bd6b82e21dbf020f488fbe,unlabeled_pool,3000
0,UNLABELED,0.75,1580.161008627424,0.002628326416015625,112.95987065633138,3492806,2026-07-29T09:53:42,3,53.98058952822364,0.020320892333984375,,20260729_095342.jpg,4000,134890c96b9d7717,True,scene-0014,cc6819182d4fd57411ab9cd024741c604501ec9706655e3e2ffca93429b9e7ea,unlabeled_pool,3000
0,UNLABELED,0.75,505.3877563356121,0.002655029296875,116.70763651529948,3147709,2026-07-29T09:53:43,3,54.67409553236883,0.007052103678385417,,20260729_095343.jpg,4000,74ef149bd309e424,True,scene-0014,36e2512c9c7e918df07fdb8fe50afbb3e352cf140347a3626d9421383353e2e5,unlabeled_pool,3000
10,OWNER_ACCEPTED,0.75,1891.2013736528404,0.0031293233235677085,117.24682235717773,3783989,2026-07-29T09:53:44,3,53.42311904539117,0.0030619303385416665,,20260729_095344.jpg,4000,44cf32339b51cd4c,True,scene-0014,6bf6a50ccc4e61bdbef51b83749fefc065ad399f67b8c4f9951fcdf749fa8968,train,3000
0,UNLABELED,0.75,1674.7842043974263,0.00319671630859375,101.59774271647136,3384275,2026-07-29T09:53:45,3,52.2008806350798,0.037061055501302086,,20260729_095345(0).jpg,4000,36124f91e8cd15b6,True,scene-0014,c09068aa90b2b828de811bfdd4644b4efcc801a3560f8af72f8da17c3455cd77,unlabeled_pool,3000
0,UNLABELED,0.75,1736.34017971986,0.0031687418619791665,104.70826212565105,3489299,2026-07-29T09:53:45,3,51.53061491949952,0.028095245361328125,,20260729_095345.jpg,4000,36449f32db0925ec,True,scene-0014,e79436e3d611535fac36440ab7f392d3a1323e42b092ca37384c5b37e29b9866,unlabeled_pool,3000
0,UNLABELED,0.75,2089.323034302015,0.00347900390625,101.8580830891927,3640460,2026-07-29T09:53:46,3,52.29673960447472,0.038889567057291664,,20260729_095346.jpg,4000,56126d9920cd17b7,True,scene-0014,0b83877957223a51da623ddac31a1e2175e737cd49621e0cacb86586c00a26d1,unlabeled_pool,3000
7,OWNER_ACCEPTED,0.75,763.317249187991,0.0030530293782552085,107.40414047241211,3125342,2026-07-29T09:53:47,3,49.267017573488054,0.018540700276692707,,20260729_095347(0).jpg,4000,521e29d1e92916d7,True,scene-0014,66c8700b5208043b10e3dcbe568c78bc9959b6226e99a5ad847229d63a967ef1,train,3000
0,UNLABELED,0.75,424.2801249644238,0.01045989990234375,110.15264002482097,3367067,2026-07-29T09:53:47,3,53.72396570140277,0.018437703450520832,,20260729_095347.jpg,4000,4e505bac68d704cf,True,scene-0014,1e8f37755a758ead89dab92263319346dcb474444cc3299a63b3b18043c32e10,unlabeled_pool,3000
0,UNLABELED,0.75,812.0072579930162,0.0027376810709635415,109.71972274780273,3232344,2026-07-29T09:53:48,3,49.20025426194598,0.013707478841145834,,20260729_095348.jpg,4000,0a5a55a8e9d51697,True,scene-0014,c27127ef696ff2efb1e1521eb26d273471a8807059527811d60d6a2b0578d760,unlabeled_pool,3000
0,UNLABELED,0.75,1229.6192619713383,0.0022570292154947915,109.40851338704427,3299888,2026-07-29T09:53:49,3,48.002823848857716,0.010790506998697916,,20260729_095349(0).jpg,4000,6e6b42ac3d8113c7,True,scene-0014,7ac93fb68ac6fc2229fbd507326db5b3b758edb8a7ddb7eee097c3799476e69f,unlabeled_pool,3000
0,UNLABELED,0.75,574.4217388954697,0.006318410237630208,109.88896814982097,3292772,2026-07-29T09:53:49,3,50.9947500058578,0.013250986735026041,,20260729_095349.jpg,4000,4e4b22f8ad2942d7,True,scene-0014,11664e4cc575b9e8fdb95df5735bf617145656cbc6cbfe4f33c03d13072e6dcf,unlabeled_pool,3000
0,UNLABELED,0.75,1452.683324522487,0.0025431315104166665,106.34098307291667,3420564,2026-07-29T09:53:50,3,47.55216572933016,0.010794321695963541,,20260729_095350.jpg,4000,2e4b60a869e817d7,True,scene-0014,10f2cceefbf5dda7407c5db92fd9f88541e4469646d0ba42a4999ea364b12656,unlabeled_pool,3000
0,UNLABELED,0.75,1890.2640177265987,0.00275421142578125,105.95096842447917,3983088,2026-07-29T09:53:52,3,47.89875969263117,0.0117034912109375,,20260729_095352.jpg,4000,164b72c029e95797,True,scene-0014,f29c4d19137e5a859582969a849141ce6458baebc2f4a5d55f3bfcf4fe427af0,unlabeled_pool,3000
10,OWNER_ACCEPTED,0.75,1701.0240091284484,0.0026982625325520835,108.47957102457683,3705268,2026-07-29T09:53:54,3,49.466190541505625,0.007399241129557292,,20260729_095354.jpg,4000,5e36224bc9437536,True,scene-0014,2b095c0d86ba0a76ac9b797a946d97abc024bb90ce14a73d0f4909eeed124c10,train,3000
0,UNLABELED,0.75,1113.8392107560196,0.007588704427083333,111.93017578125,3916443,2026-07-29T09:53:55,3,52.389878056548035,0.006228129069010417,,20260729_095355.jpg,4000,5e36024bc94b753c,True,scene-0014,94d6b151ff03659fe65b3ca78af744bd24788010898eb4b4ab77e29a81d903d0,unlabeled_pool,3000
0,UNLABELED,0.75,1193.427062905471,0.005830128987630208,101.4996337890625,3746908,2026-07-29T09:53:56,3,47.741417077093296,0.010461171468098959,,20260729_095356(0).jpg,4000,7836669249cb0df4,True,scene-0014,046397dbec2dcdbb8bc00f6ecf1e1cfa893433b424e795617ce84c2edb44c57f,unlabeled_pool,3000
0,UNLABELED,0.75,1464.4636594351202,0.0020357767740885415,108.7006950378418,3527094,2026-07-29T09:53:56,3,49.709672230769286,0.009565989176432291,,20260729_095356.jpg,4000,1e36070ad94b6d3c,True,scene-0014,e4a291e9d8a629009bc22cf620b657be8c7513c1f8010cbf37d45a7e8276c753,unlabeled_pool,3000
0,UNLABELED,0.75,1031.0821731866388,0.002994537353515625,114.7604586283366,3320707,2026-07-29T09:53:57,3,49.442935578591715,0.0028203328450520835,,20260729_095357(0).jpg,4000,4a56971ac1491ff4,True,scene-0014,d5eb55e7798f2e285c4d2fd248e572fd4ef6f481bf4c3ab6c8cc6f2adc784f0a,unlabeled_pool,3000
0,UNLABELED,0.75,1536.2366279884138,0.0036710103352864585,112.14248530069987,3534020,2026-07-29T09:53:57,3,47.875927799881,0.0037625630696614585,,20260729_095357.jpg,4000,3e3ed2400b3d6596,True,scene-0014,a01e2ee61d403f5c9391375eb9a8f2a24a5d5d82845f6945191a5a459c37bea8,unlabeled_pool,3000
0,UNLABELED,0.75,1710.2247674742248,0.0036557515462239585,117.64990488688152,3875490,2026-07-29T09:53:58,3,51.00586461914331,0.0012957255045572917,,20260729_095358.jpg,4000,1a56de13c30a3d74,True,scene-0014,ebdb6665de8e537e139251ad281f1c430fc81bb3b19082395d114cd9ef385e10,unlabeled_pool,3000
0,UNLABELED,0.75,297.1991583906718,0.00389862060546875,120.2428207397461,2901895,2026-07-29T09:53:59,3,51.54043005011645,0.0019620259602864585,,20260729_095359(0).jpg,4000,1eb65641c869b715,True,scene-0014,c1df663db6066d8d2d45f48a87f20c38284194c4a07108d53699b3cf0d9df9ab,unlabeled_pool,3000
0,UNLABELED,0.75,819.6991996454435,0.0036557515462239585,117.96327082316081,3409373,2026-07-29T09:53:59,3,50.65413971951994,8.900960286458333e-05,,20260729_095359.jpg,4000,6a27b613930bad64,True,scene-0014,3c51f82526e6bca798c6204b670308a0725b853618661c023d4d61de5789306d,unlabeled_pool,3000
8,OWNER_ACCEPTED,0.75,559.2646767323201,0.007544199625651042,111.74773661295573,3336781,2026-07-29T09:54:00,3,51.597455549605215,0.0021514892578125,,20260729_095400.jpg,4000,5a16f640eb291557,True,scene-0014,56612c523b38cf3838e0ffa065fdd0d9811dcfa43d87a6e07717c3e9a67d7743,train,3000
0,UNLABELED,0.75,1123.0050434044076,0.00331878662109375,108.37616729736328,3728443,2026-07-29T09:54:01,3,48.34135817320019,0.00018564860026041666,,20260729_095401.jpg,4000,2a56960943cb2db7,True,scene-0014,3d54b4ff4af2ed79ffa64d6ff40b90ebe45e063d4aa2a93855fd5297d8296a8c,unlabeled_pool,3000
0,UNLABELED,0.75,890.4468917621543,0.0032145182291666665,108.49775568644206,3075681,2026-07-29T09:54:02,3,48.110200107871464,0.006334940592447917,,20260729_095402(0).jpg,4000,0a57426829eb54bf,True,scene-0014,7cc145f57a8a273da6464ae693c62fd82d702d4e33ccaa881e2c9cc5e035c2c5,unlabeled_pool,3000
0,UNLABELED,0.75,644.9009024075398,0.004739125569661458,109.22121810913086,3450892,2026-07-29T09:54:02,3,50.13917848361509,0.0010464986165364583,,20260729_095402.jpg,4000,5a3e5281498b25f7,True,scene-0014,99e6c2035405681b9e63540b3456f489ebcf95c067143329f8bff835b1a9a272,unlabeled_pool,3000
0,UNLABELED,0.75,302.8302833621856,0.0026003519694010415,121.25850423177083,2641568,2026-07-29T09:54:03,3,47.99434145215887,0.006076812744140625,,20260729_095403(0).jpg,4000,23388f75bd154263,True,scene-0014,0f94a59e60b5aa534a85cca4b7f8322903432e9ebbd85d668c549ba3c3daa667,unlabeled_pool,3000
0,UNLABELED,0.75,238.4768998882872,0.0033658345540364585,113.53258514404297,2787616,2026-07-29T09:54:03,3,48.41136153902709,0.007863362630208334,,20260729_095403.jpg,4000,0b50ea3da9615697,True,scene-0014,2d222026d2fb505938ea99d6259736b9916ccdaf3251f86d4e0c4ad832395c80,unlabeled_pool,3000
0,UNLABELED,0.75,437.15842626759826,0.002620697021484375,114.709166208903,2768423,2026-07-29T09:54:04,3,46.240461629980786,0.006952921549479167,,20260729_095404.jpg,4000,6b2a9e31bd554603,True,scene-0014,bb576ce42b7302eb028f5134ce84161cc01c70b219b7ea208838844539e904e1,unlabeled_pool,3000
0,UNLABELED,0.75,282.86296309938024,0.0023981730143229165,115.50857925415039,2729384,2026-07-29T09:54:05,3,46.52548703509128,0.0031369527180989585,,20260729_095405(0).jpg,4000,635a4e60b9f15607,True,scene-0014,f7e21cc3a451caf08e87774ed9b22befd3af150106a08a18413f630eaf03cb1a,unlabeled_pool,3000
0,UNLABELED,0.75,809.1460227070929,0.002407073974609375,114.26234944661458,3079881,2026-07-29T09:54:05,3,47.079721705848954,0.005850474039713542,,20260729_095405.jpg,4000,236b4c2b39f94607,True,scene-0014,92104794b652e729cad0d0130655a539fd40d0b9e7c3e1a513e987d13bd3286f,unlabeled_pool,3000
0,UNLABELED,0.75,544.6403844725947,0.004934946695963542,114.57739766438802,3277908,2026-07-29T09:54:06,3,49.935693216675524,0.008218129475911459,,20260729_095406.jpg,4000,53140ccb61cc373f,True,scene-0014,c1b5abd5f3967cff4cb003f9904a9ce29efb01fd2dc0bec3742a6f785ac79e48,unlabeled_pool,3000
0,UNLABELED,0.75,466.93294190698225,0.005524953206380208,115.90151596069336,3349074,2026-07-29T09:54:07,3,48.8728009068257,3.5603841145833336e-05,,20260729_095407.jpg,4000,4f673ca333b6480c,True,scene-0014,96fcb470d209dbf1b2a4d1fc72fbec958d7f328486624b92311af2ca96ba42f3,unlabeled_pool,3000
0,UNLABELED,0.75,818.1263118386252,0.00678253173828125,118.94516499837239,3386191,2026-07-29T09:54:08,3,50.94335346307544,0.0,,20260729_095408(0).jpg,4000,16ce691ca3b2665c,True,scene-0014,85b2e4cb93bebf6824c1dba2e3fa3f694634336dc8edc7c4f9a8658a835c12dc,unlabeled_pool,3000
0,UNLABELED,0.75,689.7281350274557,0.005449930826822917,114.95330047607422,3392954,2026-07-29T09:54:08,3,50.31713882339261,1.1444091796875e-05,,20260729_095408.jpg,4000,0ee35caebbb2410c,True,scene-0014,9f95dae36f70069268949929f02ec5528229dabe6b3fe8338da55c591e8569be,unlabeled_pool,3000
0,UNLABELED,0.75,279.40995142112,0.004971822102864583,120.13016128540039,2864775,2026-07-29T09:54:09,3,48.03764664747723,0.0,,20260729_095409(0).jpg,4000,4ce33c861392e73c,True,scene-0014,1bffc2bff7af7e1bbdcbe8ee2d37578896a8a73584e947c9d6c8d0ef7cf1848c,unlabeled_pool,3000
0,UNLABELED,0.75,484.2808442279008,0.0052490234375,115.20866266886394,3236216,2026-07-29T09:54:09,3,51.68920147353248,1.2715657552083334e-05,,20260729_095409.jpg,4000,16c7742e9332c65c,True,scene-0014,c0b0c5bf96a1a1fb3fb021ab57cf769c8b77867b9dec530444f817ddd2eda19f,unlabeled_pool,3000
7,OWNER_ACCEPTED,0.75,755.4858155147067,0.0025850931803385415,119.0616226196289,3198718,2026-07-29T09:54:10,3,51.809924405095735,0.0,,20260729_095410(0).jpg,4000,415abc8773ce9238,True,scene-0014,a4b90c8f849c3c2145cf9f8a4effaa151f128c5c1bb9907bfa0b1b061aa7addb,train,3000
0,UNLABELED,0.75,527.6485935328127,0.003894805908203125,124.92405192057292,3096475,2026-07-29T09:54:10,3,52.17677939272049,0.0,,20260729_095410.jpg,4000,4cc7789c676a8638,True,scene-0014,e5ad28f51acad7cfad95588cebb2216a4b774b7656f7f89703507fe5ed608070,unlabeled_pool,3000
0,UNLABELED,0.75,248.96956330121125,0.0024998982747395835,122.61877187093098,2771998,2026-07-29T09:54:11,3,54.26394991960838,0.0,,20260729_095411.jpg,4000,0dd750be27429e70,True,scene-0014,8c944078546d075cb1f2e082da6c20c9a1e2869e23da4febc64c59c8adf61974,unlabeled_pool,3000
0,UNLABELED,0.75,827.6639931731744,0.0029157002766927085,117.53022384643555,3430958,2026-07-29T09:54:12,3,53.49136807702878,9.409586588541667e-05,,20260729_095412(0).jpg,4000,4c5c32c63eaa985e,True,scene-0014,88ca80d9a72d019d9b54052a72862022d0bbcc301d4162e47261864096aa193b,unlabeled_pool,3000
0,UNLABELED,0.75,502.1369019155329,0.0027008056640625,119.77155176798503,3168181,2026-07-29T09:54:12,3,53.78005456085724,0.0,,20260729_095412.jpg,4000,7c5c4492777e881a,True,scene-0014,13aa13168a2759cf001d8cbbb0657cf9b36e335d36833ed3516046f9986cb242,unlabeled_pool,3000
0,UNLABELED,0.75,740.0704633120653,0.0034535725911458335,118.0307133992513,3208068,2026-07-29T09:54:13,3,52.65959372869909,8.0108642578125e-05,,20260729_095413.jpg,4000,4c70a6be42db823e,True,scene-0014,24ae5145ad9fcfafabc1e70da15de39ef384b437f70df1e01c6ab4ff1303a32a,unlabeled_pool,3000
0,UNLABELED,0.75,1189.7609966002947,0.025727589925130207,105.6058972676595,3742591,2026-07-29T09:55:01,3,46.024997287643814,0.0053253173828125,,20260729_095501.jpg,4000,68eb0a12e2fe9c8c,True,scene-0015,62bf207ecf4c129fd29e19530b9048f92733e379ed13dfc600a44de8c618ebe7,unlabeled_pool,3000
0,UNLABELED,0.75,1118.3454812079412,0.02669525146484375,98.31032180786133,3865841,2026-07-29T09:55:06,3,47.47156055953918,0.01000213623046875,,20260729_095506(0).jpg,4000,67271a9ab6249c9c,True,scene-0016,1f56894dff560616647c2d9f25f6b0956cb2721178722f3daffdef20a2fa7f92,unlabeled_pool,3000
0,UNLABELED,0.75,889.3458923728884,0.026480356852213543,102.07262420654297,3688923,2026-07-29T09:55:06,3,46.923160807845285,0.011674245198567709,,20260729_095506.jpg,4000,25251b9ab3369c9c,True,scene-0016,1655008a9df39af1fc912e25d3cd94172eb23efd472b08e15bfbc1f0a87346d5,unlabeled_pool,3000
0,UNLABELED,0.75,1235.0984124798367,0.028806050618489582,99.19512049357097,4044789,2026-07-29T09:55:07,3,48.46547589641301,0.007979075113932291,,20260729_095507.jpg,4000,63661a1aa2a67cdc,True,scene-0016,eb8e55c0263043ad80370a687a6020ee0378fcdcf881ac00423a1666b96ecf45,unlabeled_pool,3000
0,UNLABELED,0.75,967.4419319969196,0.027669270833333332,98.89563751220703,3700316,2026-07-29T09:55:08,3,48.16762758090476,0.011164347330729166,,20260729_095508.jpg,4000,63271a1ab3369c9c,True,scene-0016,25f6664a10bd4401580b4018ad47cf7ada1a89ca8034fbc5777391eb69a8c56e,unlabeled_pool,3000
0,UNLABELED,0.75,1039.9860071941828,0.027315775553385418,97.13375091552734,4356374,2026-07-29T09:55:09,3,49.500628885149304,0.011964162190755209,,20260729_095509(0).jpg,4000,208c0d72f262fcfc,True,scene-0016,d13c6778f99eb47660c485a09399466412b7b28d32cd634ec2adbea8f49b383b,unlabeled_pool,3000
0,UNLABELED,0.75,676.0495706043038,0.0320892333984375,99.96335856119792,3375987,2026-07-29T09:55:09,3,49.722630883206556,0.010050455729166666,,20260729_095509.jpg,4000,20454832f2e6fcfc,True,scene-0016,686ac9a7657e412c971f8b0b66c4baabe96f1b57c2d662087db016645d0ae4bb,unlabeled_pool,3000
0,UNLABELED,0.75,1232.7204703989992,0.028474171956380207,98.69202677408855,4928568,2026-07-29T09:55:10,3,50.02320022058457,0.0094451904296875,,20260729_095510.jpg,4000,20a10d72e2e2fcfc,True,scene-0016,f24bccb6e3b8a572d774293db4336ea1e65900a70612675fa0623bd978f862a4,unlabeled_pool,3000
0,UNLABELED,0.75,1063.5699706068197,0.028026580810546875,98.49258168538411,3948038,2026-07-29T09:55:11,3,49.597326558388644,0.009496053059895834,,20260729_095511.jpg,4000,20890d52e2e6fcfc,True,scene-0016,6a7bf4db3c0f0b58fcc21c64aab1d8baa3b4ff30bf67861154a4acd5db76b133,unlabeled_pool,3000
34,OWNER_ACCEPTED,0.75,950.3378448535976,0.032160441080729164,96.05701065063477,3798777,2026-07-29T09:55:12,3,52.662684184543565,0.015349070231119791,,20260729_095512(0).jpg,4000,228ba902e2e2fcfc,True,scene-0016,d623872b8292293a58bccef1219731ba9c2539b2f9d6821315cab62a2833744c,train,3000
31,OWNER_ACCEPTED,0.75,1175.7606299253314,0.026407877604166668,96.5498784383138,4181861,2026-07-29T09:55:13,3,51.265265614567724,0.0191650390625,,20260729_095513(0).jpg,4000,02ad6542e262fcfc,True,scene-0016,cbd695e93e55df8fddae292aee87a03eb59dfac264aacb30f332380f59cef2e1,train,3000
0,UNLABELED,0.75,1049.2201260251459,0.03025054931640625,97.06488037109375,3953712,2026-07-29T09:55:13,3,52.53246501937534,0.019268035888671875,,20260729_095513.jpg,4000,02a9a962e262fcfc,True,scene-0016,c1007d16d7c47f79f3fd66b52e4a9d86623b984637a9c7779911cd9daf1963de,unlabeled_pool,3000
0,UNLABELED,0.75,841.3343487263046,0.026334126790364582,95.58680597941081,3731591,2026-07-29T09:55:14,3,50.35026623380169,0.02248382568359375,,20260729_095514.jpg,4000,08a94072ea78fcfc,True,scene-0016,a47ff0c1bb5824e5b74d2ed1749bee92dec2ed75f088380a8faefdd4cb5975a1,unlabeled_pool,3000
0,UNLABELED,0.75,1179.8170623590704,0.020537058512369793,98.71677017211914,3938438,2026-07-29T09:55:15,3,46.21868457809198,0.006417592366536458,,20260729_095515(0).jpg,4000,686872b2a23c7cf4,True,scene-0016,e8ee0a7638f2b13dbf356380cbdfb83d279cb34c580387bb44d889fc60410d39,unlabeled_pool,3000
0,UNLABELED,0.75,887.5381895722753,0.0213470458984375,99.34882354736328,3530020,2026-07-29T09:55:15,3,47.785207642396124,0.015211741129557291,,20260729_095515.jpg,4000,08695252b27cfcf4,True,scene-0016,4ce057ad6c8f4fb1dad17bf5ea2b41a01989bc83288bc963a2580f0b86c5898c,unlabeled_pool,3000
37,OWNER_ACCEPTED,0.75,1496.5519606731568,0.03546269734700521,99.76333999633789,4580843,2026-07-29T09:55:16,3,49.381876928376606,0.003803253173828125,,20260729_095516(0).jpg,4000,5a5d5892b23c5ccc,True,scene-0016,439882c0a1fdfa1e922997c64a44698a8e1f62a22ebe3b9eb6bb9ed907d80878,train,3000
0,UNLABELED,0.75,1485.7016582337867,0.0232696533203125,98.59946695963542,4336771,2026-07-29T09:55:16,3,47.14961107695092,0.004748026529947917,,20260729_095516.jpg,4000,6a495292b23c7cdc,True,scene-0016,605bbca8a09cf45335124f4cae0b10c9eba657538dcf046447fbf3f9898fab0f,unlabeled_pool,3000
0,UNLABELED,0.75,1546.6109526327718,0.037417093912760414,100.17527770996094,4609243,2026-07-29T09:55:17,3,50.0479006776282,0.0033505757649739585,,20260729_095517(0).jpg,4000,5a5d50b2e2645cdc,True,scene-0016,b578f55fa7419598edc1d66dea60fa098bd08f4b7f045523364e0503cfaafc3e,unlabeled_pool,3000
0,UNLABELED,0.75,1420.8669138609669,0.023255666097005207,98.62824376424153,4213959,2026-07-29T09:55:17,3,47.441596201213166,0.0033594767252604165,,20260729_095517.jpg,4000,5a5d50b2b2345cdc,True,scene-0016,5fcea4f6a8ac0824451f4539b32948fc410bc290975e66974668b9f0b7f5cf0a,unlabeled_pool,3000
0,UNLABELED,0.75,1221.1022418215466,0.021989186604817707,98.5070686340332,3963351,2026-07-29T09:55:18,3,47.06009339582106,0.00379180908203125,,20260729_095518(0).jpg,4000,5a5d50b2a26c5cdc,True,scene-0016,34a5663456b862ea234c65fc6f677476bf687bedc11e4438ff4d06ea7431dcfa,unlabeled_pool,3000
0,UNLABELED,0.75,1549.5119349651698,0.037349700927734375,100.0459378560384,4638153,2026-07-29T09:55:18,3,50.19263040777225,0.0037384033203125,,20260729_095518.jpg,4000,525d58b2a2745cdc,True,scene-0016,47e0e8e54ff069782a1335a92ee22074bdeaf3335d23db2e4365df51d7645c73,unlabeled_pool,3000
0,UNLABELED,0.75,1394.0159227875195,0.028184254964192707,99.69937515258789,4431169,2026-07-29T09:55:19,3,47.13744139387143,0.004862467447916667,,20260729_095519.jpg,4000,585030e6e67c5d9c,True,scene-0016,70a8f560df742ec872acecf17b0407613c41bdc9fa4f1bb32e1fd2258e79b2be,unlabeled_pool,3000
0,UNLABELED,0.75,1509.27223549316,0.026602427164713543,97.04321416219075,4257348,2026-07-29T09:55:20,3,50.94028203334618,0.010945638020833334,,20260729_095520(0).jpg,4000,2da8090ee2f2f4ec,True,scene-0016,43dd17e159c4590fa3abbe4ab5a7893dfc92ea6db183e5a17aef300daa94da63,unlabeled_pool,3000
0,UNLABELED,0.75,672.5994152536913,0.027863820393880207,98.93375778198242,3339268,2026-07-29T09:55:20,3,49.62679207605306,0.008916219075520834,,20260729_095520.jpg,4000,2ada0262e2f0f4fc,True,scene-0016,36cb4c1ffc988d477838111e8a98e1f876ff910109243869f79b2bc146b75ace,unlabeled_pool,3000
0,UNLABELED,0.75,1558.8453413562384,0.030209859212239582,99.30441157023112,4280998,2026-07-29T09:55:21,3,52.47985161574368,0.016475677490234375,,20260729_095521(0).jpg,4000,2fab890bc2e2e0ec,True,scene-0016,9d6e4449fb837b7b07e383c485ce55fa6fa2a964351eddd9428b59f9bb7e88cc,unlabeled_pool,3000
0,UNLABELED,0.75,1557.4155634041456,0.028592427571614582,98.18729400634766,4303996,2026-07-29T09:55:21,3,51.586118928574805,0.01335906982421875,,20260729_095521.jpg,4000,2f8a8b0bc2e2e4ec,True,scene-0016,d6aef52f088ab6c7082cfa1e95173eebff67aff94ec0d9c9caadf0f63ff6579b,unlabeled_pool,3000
0,UNLABELED,0.75,1279.5511090395091,0.027720133463541668,98.05471165974934,4073559,2026-07-29T09:55:22,3,52.15208889810767,0.017885843912760418,,20260729_095522(0).jpg,4000,2e8a892fe2e2e0ec,True,scene-0016,d9636b16657b2f856c176431743e58d0382dc43c00e7654b2fdea8b87d877930,unlabeled_pool,3000
0,UNLABELED,0.75,1582.5087798271152,0.02728271484375,98.13016001383464,4314678,2026-07-29T09:55:22,3,51.915760992413645,0.019915262858072918,,20260729_095522.jpg,4000,26a08903e2f2fcfc,True,scene-0016,4114b409f7e9b0d3a4228936cd4c913435913b5981a6db4c36bd556f4adfa9bb,unlabeled_pool,3000
0,UNLABELED,0.75,1430.5663633855418,0.027324676513671875,96.9987564086914,4171811,2026-07-29T09:55:23,3,52.97310129523737,0.022370656331380207,,20260729_095523.jpg,4000,2eaba92e82e2e0ec,True,scene-0016,be910aa1f037399d7ea8f917a806ed03af9c7241c9db8571930879d17485ef6d,unlabeled_pool,3000
0,UNLABELED,0.75,1207.5604817723895,0.025046030680338543,95.180908203125,4179491,2026-07-29T09:55:24,3,52.42939382016205,0.028900146484375,,20260729_095524(0).jpg,4000,1d898b52d270f4f4,True,scene-0016,474553c67f370030df3670159231b1a708d99274f12a4f3d0f89c5a7903fe5db,unlabeled_pool,3000
0,UNLABELED,0.75,1339.392612148501,0.023606618245442707,95.64477030436198,4178393,2026-07-29T09:55:24,3,52.27530136193395,0.024205525716145832,,20260729_095524.jpg,4000,2c89896ec270f4fc,True,scene-0016,953918ccfdc117232f19cbc2f542f56634ad25518b218745d649ebbffd2c88f3,unlabeled_pool,3000
23,OWNER_ACCEPTED,0.75,1258.0788608679607,0.02142333984375,97.7121696472168,4113651,2026-07-29T09:55:25,3,52.213320011785264,0.036540985107421875,,20260729_095525(0).jpg,4000,0329ead25278f4f4,True,scene-0016,e57868f52abbfa8b71d910c82be2198777a8408f6521416a9a515cafc34a029d,train,3000
0,UNLABELED,0.75,1075.10027113368,0.022350311279296875,96.54042307535808,4141066,2026-07-29T09:55:25,3,51.67884051086173,0.03439203898111979,,20260729_095525.jpg,4000,0b896ad2d270f4f4,True,scene-0016,38a3c94d74df90bb7f8c0303b67bcc363a39a5abae9a6a3b746c19b9eaa1e814,unlabeled_pool,3000
0,UNLABELED,0.75,1070.9146346305427,0.02127838134765625,102.47689056396484,3921793,2026-07-29T09:55:26,3,52.08600085139729,0.026495615641276043,,20260729_095526(0).jpg,4000,03abaad25270f4f4,True,scene-0016,f6846c7fbee0ee0f326c87c068e804c9f72a08079fcdc7ae21f9403d43f3c891,unlabeled_pool,3000
0,UNLABELED,0.75,735.9940364456015,0.024037679036458332,104.75098673502605,3487430,2026-07-29T09:55:26,3,51.87473464633584,0.023310343424479168,,20260729_095526(1).jpg,4000,4fcbcad27251c1c4,True,scene-0016,f0520787f3566b01bbe3304c7e1adf4fc9c12062a825475c79105390551e66ed,unlabeled_pool,3000
0,UNLABELED,0.75,1236.19455352844,0.021091461181640625,102.40061950683594,4148763,2026-07-29T09:55:26,3,52.22522975661306,0.026898701985677082,,20260729_095526.jpg,4000,22a1aada5278f4f4,True,scene-0016,b29c4c72b161fb95e11f4bcfaf410d6f4d4fec9744ae167817110c99f8b84626,unlabeled_pool,3000
17,OWNER_ACCEPTED,0.75,1110.3659603021272,0.022252400716145832,105.98565165201823,3951031,2026-07-29T09:55:27,3,50.91165208146498,0.018660227457682293,,20260729_095527.jpg,4000,5fdb928642d1c5c4,True,scene-0016,b0ebd7f7280f0dfac30b20bb72ebb3720afe21967ff96cec78a422fcbb9bed17,train,3000
0,UNLABELED,0.75,1316.8201347344996,0.0219573974609375,105.90976206461589,4273344,2026-07-29T09:55:28,3,50.54709564647822,0.017840067545572918,,20260729_095528(0).jpg,4000,5fdb928642c1c5d4,True,scene-0016,96cee093367b8d03bc0223458d6186f73be8477ce4695e95b27db3f4d8a2c291,unlabeled_pool,3000
0,UNLABELED,0.75,1358.868064304411,0.021195729573567707,105.76716232299805,4309547,2026-07-29T09:55:28,3,50.42723133204541,0.018006642659505207,,20260729_095528(1).jpg,4000,5bdb928642c1c5dc,True,scene-0016,62422b63f6756cad6f25bb3ae1e5eeb2c5cca1e77877dc348ed34e030df644c2,unlabeled_pool,3000
0,UNLABELED,0.75,1323.2527871430282,0.022523244222005207,106.06995137532552,4260752,2026-07-29T09:55:28,3,50.78849019193056,0.017747243245442707,,20260729_095528.jpg,4000,5fdb928642c1c5cc,True,scene-0016,169ffa86b8892a34817ca60d503e2b3287b140a987f0cd5fc94947cd97740e8b,unlabeled_pool,3000
23,OWNER_ACCEPTED,0.75,990.6584130819974,0.026920318603515625,103.10349527994792,3807240,2026-07-29T09:55:29,3,50.6686712627073,0.013092041015625,,20260729_095529(0).jpg,4000,47db1a86c6c4d1d8,True,scene-0016,330e105fcdbcb132d591fd617b24798788381d5581657b5fa9dc2b46c39b1f13,train,3000
0,UNLABELED,0.75,1114.4028764120233,0.022274017333984375,105.14154307047527,3832645,2026-07-29T09:55:29,3,50.47291858916347,0.019564310709635418,,20260729_095529.jpg,4000,5fdb128646c1c1dc,True,scene-0016,72ed4d6fbaf533b1f296a6b5a23a67e3866c0f8ef52d428c3e868ca4127ffe90,unlabeled_pool,3000
0,UNLABELED,0.75,1193.982020094829,0.028931935628255207,100.19164148966472,4326010,2026-07-29T09:55:30,3,51.01935726311925,0.011681874593098959,,20260729_095530(0).jpg,4000,75df1a1486c69199,True,scene-0016,dada5c1194a2c6d1165ef309ee4a173641fb3859cfabcff43b8df71bf6848a0e,unlabeled_pool,3000
0,UNLABELED,0.75,1234.946119925466,0.028542836507161457,100.6643295288086,4368009,2026-07-29T09:55:30,3,50.89572317642873,0.009675343831380209,,20260729_095530(1).jpg,4000,7dd71a1486c69199,True,scene-0016,540cb690d45fd65d475c088b9f4a6447c87b8fc6f4391bb2beb1b211e7688d7f,unlabeled_pool,3000
0,UNLABELED,0.75,1273.333045628347,0.028301239013671875,100.19969813028972,4336941,2026-07-29T09:55:30,3,51.12340045852752,0.014401753743489584,,20260729_095530.jpg,4000,57db1a14c6c6d198,True,scene-0016,3c2ec9a4cec406194e9a486d59bdc413308e426fad788b42145323cc57248213,unlabeled_pool,3000
0,UNLABELED,0.75,1195.3738873401244,0.02852630615234375,101.264892578125,4329871,2026-07-29T09:55:31,3,50.528225247922265,0.007319132486979167,,20260729_095531(0).jpg,4000,7d571a14c6c69199,True,scene-0016,92cb92d03c07683da4835b084c7b6ee6f082e78fd62692d2d596c678b38b0e2b,unlabeled_pool,3000
0,UNLABELED,0.75,1217.4322954504605,0.027072906494140625,101.23722585042317,4331962,2026-07-29T09:55:31,3,50.018417026818334,0.007212320963541667,,20260729_095531(1).jpg,4000,7d571a14c6c65199,True,scene-0016,ab5e3c7acf976fc61258798afb20b22762c299cff7475012b9437366172b3102,unlabeled_pool,3000
0,UNLABELED,0.75,1242.176828839809,0.028895060221354168,101.0151850382487,4373518,2026-07-29T09:55:31,3,50.84956560953064,0.008228302001953125,,20260729_095531.jpg,4000,7dd71a14c6c68199,True,scene-0016,0e5c603b740c2db3c97d09423223cd7b09bf8b96ccac39e6b1839bb6074b6aa7,unlabeled_pool,3000
0,UNLABELED,0.75,917.9585002977138,0.0291290283203125,99.79766845703125,3934626,2026-07-29T09:55:32,3,50.616802076199626,0.005362192789713542,,20260729_095532(0).jpg,4000,2c0b8b52e2f275cc,True,scene-0016,6db2d99e829df12dc468965a89fa769e81b5f6a56a1603da97e94fc4537f8b9f,unlabeled_pool,3000
0,UNLABELED,0.75,1020.8267909669213,0.026990254720052082,100.0667355855306,4039039,2026-07-29T09:55:32,3,50.22854764311951,0.007617950439453125,,20260729_095532.jpg,4000,68538a56e2e255dc,True,scene-0016,0854173dd7758af96c87ca5e61e1c3b9bdd6025af57b3d02a7b3490cb509957f,unlabeled_pool,3000
0,UNLABELED,0.75,1053.109616123681,0.035701751708984375,97.4787966410319,4263729,2026-07-29T09:55:33,3,53.36702946221282,0.007418314615885417,,20260729_095533(0).jpg,4000,24284972b2f87cfc,True,scene-0016,357885a5679e36e79936a684202d6440c6c7031c6f6e2704ead4c2798e0db9f6,unlabeled_pool,3000
0,UNLABELED,0.75,995.9026756377407,0.027942657470703125,98.23579661051433,3975708,2026-07-29T09:55:33,3,50.58745174430026,0.0050811767578125,,20260729_095533.jpg,4000,2420496af2f27cfc,True,scene-0016,1a745fa4aea23d876a57c73bc1fd5aeca96d3eb580f6093b3dce75a2e487feb2,unlabeled_pool,3000
0,UNLABELED,0.75,1061.0802501756116,0.02429962158203125,96.8615328470866,4098361,2026-07-29T09:55:34,3,49.23827010170925,0.005537668863932292,,20260729_095534.jpg,4000,22286972b2ba3cfc,True,scene-0016,7b8ebc7ab6611aa8cd1fdd12749257ca6f897df15df0628222d04950f4ee02a5,unlabeled_pool,3000
0,UNLABELED,0.75,1027.1577826701105,0.023663838704427082,100.88440450032552,3812557,2026-07-29T09:55:35,3,49.00108389978195,0.005823771158854167,,20260729_095535(0).jpg,4000,512d3d1a9a9e1c9c,True,scene-0016,18ce6b672a770ed9188619c1d251e32998b7c7f1eaaa1553a323f7ef4bcb3251,unlabeled_pool,3000
0,UNLABELED,0.75,1082.8365710965202,0.023187001546223957,96.84727605183919,4157993,2026-07-29T09:55:35,3,48.298005855518475,0.006857554117838542,,20260729_095535.jpg,4000,132d3d1a9a9e1c9c,True,scene-0016,1f660b42aaa5a323059e661f8a1d7da51ad56bd0b3be5d4def0332c1d906edf5,unlabeled_pool,3000
0,UNLABELED,0.75,1063.1594324479277,0.026752471923828125,100.71424738566081,3911284,2026-07-29T09:55:39,3,47.92885028127578,0.012128194173177084,,20260729_095539.jpg,4000,66521aaab6b49c9c,True,scene-0017,59be8172c43643f6464b4f17829faf89116dfbdc45e715057f549e9dd778198b,unlabeled_pool,3000
0,UNLABELED,0.75,1087.9493926332389,0.030813852945963543,96.83810551961263,3758259,2026-07-29T09:55:42,3,53.08662533803115,0.0113677978515625,,20260729_095542.jpg,4000,54874a9266d6e0f9,True,scene-0017,bc85d7176985d09b9c11b73cb881d729f6ccc9c7a48ebd69d8ee4bf72d5201be,unlabeled_pool,3000
0,UNLABELED,0.75,934.4261989675748,0.03134791056315104,98.78531010945638,3789208,2026-07-29T09:55:43,3,52.599830570281306,0.009644826253255209,,20260729_095543(0).jpg,4000,4cc62acab6c660f9,True,scene-0017,1830ab5159630cf8d3dba5beac842948ea2159208e0701df07c8e2803db013ad,unlabeled_pool,3000
0,UNLABELED,0.75,1022.5535537929169,0.028745015462239582,95.77112325032552,3666642,2026-07-29T09:55:43,3,52.31850187266044,0.011754353841145834,,20260729_095543.jpg,4000,44a76a92f6c620f9,True,scene-0017,c4c80bef37158420130040eac4f390cd9acae61b6125ca29aba389fae658aa04,unlabeled_pool,3000
0,UNLABELED,0.75,701.6387988109927,0.03276697794596354,99.13996505737305,3462069,2026-07-29T09:55:44,3,52.96835498795288,0.010384877522786459,,20260729_095544.jpg,4000,4c862adaf6c620f9,True,scene-0017,31124a9b4a16e589e8d5db4806dd139d906c91211ccf95e8e8ba0e66c6ffb8d0,unlabeled_pool,3000
0,UNLABELED,0.75,919.7153877460299,0.029315948486328125,101.26814397176106,4100972,2026-07-29T09:55:45,3,50.15781761695261,0.00737762451171875,,20260729_095545(0).jpg,4000,25625a8a32f67c9c,True,scene-0017,221e401b668865e443b84d02021d713b05800a1dd2f1728fc94da124a7e5a72f,unlabeled_pool,3000
0,UNLABELED,0.75,730.2089323883605,0.028676350911458332,100.37607828776042,3538782,2026-07-29T09:55:45,3,50.77837375525378,0.00881195068359375,,20260729_095545.jpg,4000,34a64a9a32d66c9d,True,scene-0017,3884f838caf300de78eb8d049b7af46baf0b7bfcce6fde7dd8e8565c49f09c8a,unlabeled_pool,3000
0,UNLABELED,0.75,319.4641996063535,0.026522318522135418,96.64108403523763,3147650,2026-07-29T09:55:46,3,48.91959178225856,0.009418487548828125,,20260729_095546.jpg,4000,62529aaab6c478bc,True,scene-0017,18737281dbcd4b9d361c9a2c4899a4b732347a3922f018c3e7631be60235c8b7,unlabeled_pool,3000
0,UNLABELED,0.75,696.6364474370154,0.02489471435546875,95.7272122701009,3621442,2026-07-29T09:55:47,3,49.984936468401834,0.009825388590494791,,20260729_095547.jpg,4000,5ada0346d6f081f9,True,scene-0017,bdcecb5d6e6f71bf6f92c2f313eb88f60ada518b5b44f578ac03caabc4427a83,unlabeled_pool,3000
0,UNLABELED,0.75,1079.7294713171239,0.03743616739908854,95.96048990885417,3852730,2026-07-29T09:55:50,3,55.85707281849058,0.020529429117838543,,20260729_095550.jpg,4000,7e7a07c2de828187,True,scene-0017,f9c9dd7847b1704c01a0ce9560b6e3bddfee4d291f7d94ffaff2620211d05425,unlabeled_pool,3000
0,UNLABELED,0.75,917.8786859108491,0.03826777140299479,94.15259424845378,3492421,2026-07-29T09:55:52,3,56.5591985078559,0.027762095133463543,,20260729_095552.jpg,4000,5e7207c2de868197,True,scene-0017,044645d8db270ae3672957e2ce4055576bb44e3587b986d565182c41d3e2a440,unlabeled_pool,3000
0,UNLABELED,0.75,692.3173939527478,0.048428853352864586,105.11769994099934,3643933,2026-07-29T09:55:53,3,56.12003305389754,0.00467681884765625,,20260729_095553.jpg,4000,2c4436aefc4481fb,True,scene-0017,1778272024cea115ee56dd1470fe4967821bd04e76677a800d29ea90efdab14c,unlabeled_pool,3000
0,UNLABELED,0.75,883.3677597787319,0.017027537027994793,114.5288200378418,3205725,2026-07-29T09:55:58,3,50.737600516109346,0.001674652099609375,,20260729_095558.jpg,4000,2294de64a9ab6399,True,scene-0018,c1cd3c2959d0a8e9665f43f6e283372aa862084de43480272b3dc51cfb7bccb5,unlabeled_pool,3000
0,UNLABELED,0.75,1349.893716119809,0.027070363362630207,105.46299870808919,3897673,2026-07-29T09:56:01,3,52.99442217883062,0.008767445882161459,,20260729_095601.jpg,4000,500276cf649167f9,True,scene-0018,2e7d9bae3cb4c415ee77ec35b5e5ad7172d701ad5f6ec715d10b9f0c5c2dc988,unlabeled_pool,3000
0,UNLABELED,0.75,1287.10906151589,0.025381724039713543,103.36486943562825,3904726,2026-07-29T09:56:02,3,52.243988367088015,0.0109405517578125,,20260729_095602(0).jpg,4000,705246dec4b14fd1,True,scene-0018,0fa9660d311d3c985c4ad3606c2401a305039c4d42e9bfa999cc3264b9460f47,unlabeled_pool,3000
0,UNLABELED,0.75,1309.6383451378524,0.0253753662109375,103.00807189941406,3899208,2026-07-29T09:56:02,3,52.23868622964115,0.011747996012369791,,20260729_095602.jpg,4000,705244de44f14ff1,True,scene-0018,661524ccd63e33bd7e3ece246e3dbe337b86fecd3f29458bb46cef5b10b6790c,unlabeled_pool,3000
0,UNLABELED,0.75,562.271425409086,0.022275288899739582,102.85508982340495,3271651,2026-07-29T09:56:03,3,50.779936227827974,0.010711669921875,,20260729_095603.jpg,4000,60724fde0ca15fa1,True,scene-0018,fd47af101852b5f1429984853d81ffa63e211da057b4e17e6853248c19113e18,unlabeled_pool,3000
0,UNLABELED,0.75,1250.8804870929187,0.0285491943359375,94.29323069254558,4475099,2026-07-29T09:56:36,3,50.15970728784891,0.01404571533203125,,20260729_095636.jpg,4000,6e2c0a9ac646f8f8,True,scene-0019,afb92dd496e45ee9b864515e4c3f44c6a5a24149ec3f5d25ff25daada4c422d7,unlabeled_pool,3000
0,UNLABELED,0.75,1101.1069187873702,0.030414581298828125,95.2025375366211,4096706,2026-07-29T09:56:37,3,50.59303857685846,0.011377970377604166,,20260729_095637.jpg,4000,6a2d2abac646e0f8,True,scene-0019,0b068e523a3a134b7a09d5a38bce9ffd79ddcab5b310edf16035fc3456402d43,unlabeled_pool,3000
0,UNLABELED,0.75,944.4272149465978,0.02993011474609375,95.435728708903,3972640,2026-07-29T09:56:38,3,50.257594828756815,0.010102589925130209,,20260729_095638.jpg,4000,2e2d28bac246f8f8,True,scene-0019,59b2a2b44c8ae7272d129c4aecb655e6d3be71df088d3bccf892b3e3cd21ec6e,unlabeled_pool,3000
0,UNLABELED,0.75,1261.0227594445703,0.027262369791666668,101.65070978800456,4033396,2026-07-29T09:56:41,3,49.06297857839237,0.007935841878255209,,20260729_095641.jpg,4000,199972c6c6d4c1f1,True,scene-0019,e64ca1b9d71918b5aa28bf127b86acf63e2bc7f9dfde97288870d5506e67ed77,unlabeled_pool,3000
0,UNLABELED,0.75,1155.4262113161121,0.02761077880859375,97.26711527506511,4317040,2026-07-29T09:56:42,3,49.60545308311737,0.01230621337890625,,20260729_095642(0).jpg,4000,0d8c9ad2c644f4fc,True,scene-0019,b11fb1b042185aaaca79a51ae109665be85e6d9cddc1ab4f1df32d04519b2b01,unlabeled_pool,3000
0,UNLABELED,0.75,1301.5962255613779,0.027276357014973957,96.60511525472005,4292830,2026-07-29T09:56:42,3,49.68933688807212,0.010930379231770834,,20260729_095642.jpg,4000,2d8d1a72c644f4f4,True,scene-0019,ed536adcac02abb4981ee8090872b6b01f8caa9ec1a5bbd3abf1ceed2d953305,unlabeled_pool,3000
0,UNLABELED,0.75,1140.3612721760026,0.026772816975911457,97.62613677978516,4299652,2026-07-29T09:56:43,3,49.26044723134926,0.013642628987630209,,20260729_095643.jpg,4000,0d889ad2c364f4fc,True,scene-0019,8f34b2a466961b22d45ebe6fb1b88b468092693b175588177166398f9f16e3b6,unlabeled_pool,3000
0,UNLABELED,0.75,1001.8139157105793,0.026996612548828125,97.65733846028645,4125715,2026-07-29T09:56:44,3,49.228962306112905,0.011273701985677084,,20260729_095644.jpg,4000,4dc89ad2c644f0fc,True,scene-0019,8002b26786f23ac9064939be5c74cd6a063c687961835040a5e1fa3b8b257326,unlabeled_pool,3000
0,UNLABELED,0.75,784.6170036643744,0.03937530517578125,101.25477727254231,3857737,2026-07-29T09:58:43,3,52.38974005923542,0.0043487548828125,,20260729_095843.jpg,4000,25244a2a2676fcfc,True,scene-0020,581e2fb6dacae32acf0593ed9b478a271bdab6ae8608d9a9bf51a15ad5e0b571,unlabeled_pool,3000
0,UNLABELED,0.75,793.1282136718061,0.03526941935221354,101.9032491048177,3838319,2026-07-29T09:58:44,3,50.30053976207815,0.00139617919921875,,20260729_095844.jpg,4000,162aed395232bc9c,True,scene-0020,73461c0417c4e700c0dd448d35f004d9623942b2df3031e36031937e6da29668,unlabeled_pool,3000
0,UNLABELED,0.75,908.0001590932758,0.035648345947265625,101.62716420491536,4112732,2026-07-29T09:58:45,3,51.08500452279285,0.0031064351399739585,,20260729_095845(0).jpg,4000,04048a6b3676fcfc,True,scene-0020,217c2da8d117c972c513543839cbd6039d3aaca4894f0fb30f4893fc71785e4d,unlabeled_pool,3000
0,UNLABELED,0.75,737.6740197929175,0.03823725382486979,102.37153498331706,4019980,2026-07-29T09:58:45,3,51.793560292878865,0.004233042399088542,,20260729_095845(1).jpg,4000,24448a2b3276fcfc,True,scene-0020,2884d36159b1a70d82071891e594d60848e5b5d8d5ddce8427be37e63f740f17,unlabeled_pool,3000
0,UNLABELED,0.75,942.9766778955997,0.03553136189778646,101.60359064737956,4128348,2026-07-29T09:58:45,3,51.213096901339455,0.004049936930338542,,20260729_095845.jpg,4000,24448a2b3276fcfc,True,scene-0020,bb93ae03cac907288b279375f9c047badec43c61836a41b1eb8feed54e6deea6,unlabeled_pool,3000
16,OWNER_ACCEPTED,0.75,728.7639185556268,0.03894678751627604,102.77534866333008,4021494,2026-07-29T09:58:46,3,52.0706315872708,0.0017407735188802083,,20260729_095846(0).jpg,4000,2d44142b33767cbc,True,scene-0020,e32b5f143b01b7dbbbb77fd798c27d3fd01ea579cd79b124d7e803d8c141de5d,train,3000
0,UNLABELED,0.75,738.2585322817322,0.038701375325520836,102.71872075398763,4039711,2026-07-29T09:58:46,3,51.82001976183871,0.0023218790690104165,,20260729_095846.jpg,4000,25440e2b3276fcbc,True,scene-0020,6a3dd29852a0894815e138d465be3f8d14882a1f561ba488de74923d62ba0ecd,unlabeled_pool,3000
0,UNLABELED,0.75,1094.3395562766943,0.005708058675130208,142.84781138102213,3939135,2026-07-29T10:00:56,3,50.5862559960331,0.0,,20260729_100056.jpg,4000,4e69b19612c96d2e,True,scene-0021,3df35400ee0ebf598de1f0f042c78f23aa407cc9342a320a7427da227bdfa5c9,unlabeled_pool,3000
15,OWNER_ACCEPTED,0.75,972.6994616586918,0.006627400716145833,140.1741625467936,3765251,2026-07-29T10:00:57,3,51.90813474902591,0.0,,20260729_100057.jpg,4000,460554da6aeda517,True,scene-0021,6446a22ffab9605c96fe724b10fbce92b2646e582c6874a97fa04ade26e0121e,train,3000
15,OWNER_ACCEPTED,0.75,921.4916000191325,0.012133280436197916,136.5636723836263,3667694,2026-07-29T10:00:58,3,50.96463237021288,0.0,,20260729_100058.jpg,4000,4352792caa29d557,True,scene-0021,d6ccb61cb324ca27224134fb69912dc0a461e240829621ae709e9ed0fd9a56bc,train,3000
0,UNLABELED,0.75,445.2221677048498,0.006412506103515625,62.1309560139974,1852659,2026-07-29T10:21:54,3,56.58737555193931,0.12022654215494792,,20260729_102154.jpg,4000,5b69a5dc1a1a25c3,True,scene-0022,71ad218f17fd07273436fcd44fb0976ca5e341eb82abe6c7dfa72234e05a7eb2,unlabeled_pool,3000
0,UNLABELED,0.75,587.5584404747681,0.004779815673828125,60.31215159098307,1875569,2026-07-29T10:21:55,3,54.164472852300946,0.1191876729329427,,20260729_102155.jpg,4000,5269a5d4da1a25c7,True,scene-0022,e9615b0944ab322d2594bf1cd7f5550935d634d77eb13a0fc2c6398c2908ad32,unlabeled_pool,3000
0,UNLABELED,0.75,516.1838635806527,0.005182902018229167,58.09135945638021,2357932,2026-07-29T10:21:56,3,54.36002213144516,0.16109212239583334,,20260729_102156(0).jpg,4000,4be993cc9e0a4993,True,scene-0022,a1218660d20b1130f177836b138eacea7be45192750515c46237e6a43bc95ec6,unlabeled_pool,3000
0,UNLABELED,0.75,537.9463784171179,0.004002888997395833,60.37363306681315,1937620,2026-07-29T10:21:56,3,52.75789360032902,0.1133588155110677,,20260729_102156.jpg,4000,52c9a7849a1a2dd7,True,scene-0022,01c0bd974116d97732f3cb3ecd8eef35c20244f2a0b279b87685dcc867fd707d,unlabeled_pool,3000
11,OWNER_ACCEPTED,0.75,585.5376768832346,0.005068461100260417,59.66830190022787,2169518,2026-07-29T10:21:57,3,54.70139595004528,0.15872065226236978,,20260729_102157.jpg,4000,0ba9d3cc96186b93,True,scene-0022,58b537ec87704aaf02ee2bab1989e92800992624ea3717a8dd997f1119ddf01d,train,3000
0,UNLABELED,0.75,526.1216314738704,0.004430135091145833,61.849290211995445,2169413,2026-07-29T10:21:58,3,54.72899553899804,0.1380335489908854,,20260729_102158.jpg,4000,2bf9d1a5d41825c3,True,scene-0022,c340fbaa1b72d38399e9e53e7135c8736452b6cd7b4eb2c19c597c393c19ef00,unlabeled_pool,3000
0,UNLABELED,0.75,658.6104417585823,0.005950927734375,66.50501378377278,2208317,2026-07-29T10:21:59,3,56.83649336863332,0.14037704467773438,,20260729_102159(0).jpg,4000,489129d58e0f17af,True,scene-0022,ef6b1e447357ec40d65c5347ca63e8bf3a63c858061058adf5da6b0499b3b0fc,unlabeled_pool,3000
0,UNLABELED,0.75,657.820934674352,0.005503336588541667,65.46294403076172,2188258,2026-07-29T10:21:59,3,56.232450108223354,0.1321868896484375,,20260729_102159.jpg,4000,01a949959e1e37cb,True,scene-0022,976164f4dbc318144af6ef9be982e11869469157ea0d78c69314da51833dd272,unlabeled_pool,3000
0,UNLABELED,0.75,715.1799935694368,0.00823974609375,70.12597274780273,2245994,2026-07-29T10:22:00,3,58.10779261597109,0.13070042928059897,,20260729_102200(0).jpg,4000,68d835f0c64743a7,True,scene-0022,136a793e1531cdd53c3f3e0eae371c7b9a7c96d50513de994479fd2a1206aa8a,unlabeled_pool,3000
0,UNLABELED,0.75,683.5510206591425,0.00681304931640625,67.98046620686848,2233700,2026-07-29T10:22:00,3,57.282573222485,0.13460667928059897,,20260729_102200.jpg,4000,489129d5ce0f17a7,True,scene-0022,7cf37bb2db87a5bcd11ad7a1607f4040f295f19e1f96dbab06c322c2bc32439d,unlabeled_pool,3000
0,UNLABELED,0.75,687.764957362655,0.007445017496744792,70.73913701375325,2230589,2026-07-29T10:22:01,3,57.706335238692674,0.13076655069986978,,20260729_102201.jpg,4000,24dc349ec66743a3,True,scene-0022,dd18f857116a77b817b5b86729e06bbf448ca46d43b47deb8b7df59f15a6349a,unlabeled_pool,3000
0,UNLABELED,0.75,463.07122294107444,0.0035107930501302085,60.31775919596354,2426790,2026-07-29T10:22:02,3,51.41463413989619,0.12453206380208333,,20260729_102202.jpg,4000,16ea91e5b4186b93,True,scene-0022,183ab7f0bafc23b8243bc4abab66f8ab73d9ba6ec61ea4aafc5c5806b68ffa97,unlabeled_pool,3000
2,OWNER_ACCEPTED,0.75,76.07171476207441,0.00213623046875,68.2787857055664,2503655,2026-07-29T10:22:04,3,45.75253335229392,0.044603983561197914,,20260729_102204.jpg,4000,0779ce83589e0375,True,scene-0022,1375e4885b24fcaabca2c0d1fb686b3f64c4d8fe1b8ffed2d60b5f44972df336,train,3000
0,UNLABELED,0.75,79.82371866018609,0.001514434814453125,67.23455301920573,2449595,2026-07-29T10:22:05,3,45.34972780322027,0.03752009073893229,,20260729_102205.jpg,4000,7e05b07e40e43f29,True,scene-0022,67b28e7ded0dc300374e513e5d738a5d5b28c3585bede1ac60653a263e793aeb,unlabeled_pool,3000
0,UNLABELED,0.75,89.93154005430631,0.0009206136067708334,64.72960917154948,2479067,2026-07-29T10:22:07,3,43.88175355950115,0.046742757161458336,,20260729_102207.jpg,4000,2a31974c7cd91563,True,scene-0022,00027d3c1097ba8a08f2be32b273b5673c0d335f6eb9393fb5086366888685e3,unlabeled_pool,3000
0,UNLABELED,0.75,81.04243966077532,0.005772908528645833,63.09414927164713,2389459,2026-07-29T10:22:08,3,46.07450967555919,0.09746805826822917,,20260729_102208.jpg,4000,265dad2058ab6575,True,scene-0022,9c1ec4540c13699761077fa02c49b8ca21fc8b5f511f240cc4a84634585b4699,unlabeled_pool,3000
0,UNLABELED,0.75,45.80611012208425,0.0036570231119791665,61.833109537760414,2265115,2026-07-29T10:22:09,3,44.59835843599986,0.09563954671223958,,20260729_102209.jpg,4000,6807b6f549d22936,True,scene-0022,70615dccff050c570282caa7119648a6782ef9ef2f2c7bc712f9065c4c07e796,unlabeled_pool,3000
0,UNLABELED,0.75,575.7088029197947,0.00496673583984375,81.00922520955403,2129963,2026-07-29T10:22:23,3,54.906374734262215,0.08874130249023438,,20260729_102223.jpg,4000,6034329eb8691fc7,True,scene-0023,bda8aa3f7e93e2a132d28f631045746f60900a7c1c4690a25502027c64caa88e,unlabeled_pool,3000
0,UNLABELED,0.75,725.2640316093634,0.008014678955078125,79.13031514485677,2434554,2026-07-29T10:22:25,3,54.105120064650585,0.07245508829752605,,20260729_102225.jpg,4000,407062dcf868778f,True,scene-0023,c9b67bc362ad94625ad6969ddbd10a179a0de01947c3e53dc06f95c184f8c0da,unlabeled_pool,3000
0,UNLABELED,0.75,661.5442406454038,0.006417592366536458,81.52432378133138,2713539,2026-07-29T10:22:26,3,54.09658333818821,0.07052993774414062,,20260729_102226.jpg,4000,74181e868c194ff7,True,scene-0023,45d62b0d6f79ec340dff7c18d739de63c2372e9e07a98371b920c19a79d81a1d,unlabeled_pool,3000
0,UNLABELED,0.75,783.3934551318697,0.007478078206380208,86.86551411946614,2603590,2026-07-29T10:22:27,3,53.735603216998044,0.040685017903645836,,20260729_102227(0).jpg,4000,3e1c480ef64f7183,True,scene-0023,c63a888ca35ba0724af62f66bf9c40a82a663abffa3eb7b930c01662f081a1fa,unlabeled_pool,3000
0,UNLABELED,0.75,804.5300442069856,0.00675201416015625,80.16452280680339,2429054,2026-07-29T10:22:27,3,53.73119567123033,0.0670928955078125,,20260729_102227.jpg,4000,1c181ede8c5d03b7,True,scene-0023,f4c16b8b2110e9851c71a2f7e70866f50722f6fd57012fa7e433c1aa63f86102,unlabeled_pool,3000
0,UNLABELED,0.75,751.6137864762496,0.007244110107421875,84.26040776570638,2467452,2026-07-29T10:22:28,3,52.97120365622526,0.035428365071614586,,20260729_102228.jpg,4000,5f4f3c629e2409e1,True,scene-0023,b857eae4fc07957a890592c2b495fb96a95c9f7a1f142d187730912ab05359e8,unlabeled_pool,3000
6,OWNER_ACCEPTED,0.75,1041.218063718986,0.010592142740885416,86.99591954549153,2467871,2026-07-29T10:22:29,3,54.877174466506986,0.029893239339192707,,20260729_102229(0).jpg,4000,0f27473b861469b9,True,scene-0023,4bdcffd779adedbc77cc1ba1b4b8d820a696d53ef03b2882a0fac8203d5be869,train,3000
0,UNLABELED,0.75,1061.1085317317484,0.008294423421223959,82.32460021972656,2605696,2026-07-29T10:22:29,3,53.14238390986789,0.035402933756510414,,20260729_102229.jpg,4000,0f270e33863469f9,True,scene-0023,873576e3e2a12de10a5ef7b34af70506d2d8671975553e711c62342a9d8f2d02,unlabeled_pool,3000
5,OWNER_ACCEPTED,0.75,1151.3967368417896,0.009853363037109375,88.07057825724284,2707295,2026-07-29T10:22:30,3,54.383076614479656,0.026896158854166668,,20260729_102230(0).jpg,4000,63e76713a2523199,True,scene-0023,d87e5d4461afccbc094b1a9065cf6d1937906bc090ba5890332f8703a97a9859,train,3000
0,UNLABELED,0.75,565.2266108193377,0.011305491129557291,89.76406860351562,2301892,2026-07-29T10:22:30,3,54.802327299528756,0.026707967122395832,,20260729_102230.jpg,4000,6227671ba2567199,True,scene-0023,f4c8f979890046789aa244d2cb6250f6d009443699c31d224c4142b3dc49c73f,unlabeled_pool,3000
0,UNLABELED,0.75,681.2289015883957,0.00731658935546875,79.16191101074219,2217975,2026-07-29T10:22:32,3,51.41433741309894,0.06123224894205729,,20260729_102232.jpg,4000,0e802534f4b837bf,True,scene-0023,68da60e5d16b258fe5a2be005d06e22ddb716dd5b8d9d5ef9bb4c10273a158aa,unlabeled_pool,3000
0,UNLABELED,0.75,654.1504195678658,0.007490793863932292,77.71982447306316,2489997,2026-07-29T10:22:33,3,51.24366963567317,0.06258010864257812,,20260729_102233.jpg,4000,02012574f4d877f7,True,scene-0023,df072e7469d79d6d5c0cffa5ac2641295f134f9bc89214ecfef0051e3ab0db6b,unlabeled_pool,3000
4,OWNER_ACCEPTED,0.75,399.1017309989159,0.01155853271484375,85.600404103597,2545602,2026-07-29T10:22:53,3,50.100064614681,0.0022455851236979165,,20260729_102253.jpg,4000,76e0583aae1e0b93,True,scene-0024,dd4eb63ca9c0296156983d58935916db05dd8fb90d600ef40bb2baa6fb6223f6,train,3000
0,UNLABELED,0.75,354.13568744614236,0.012135823567708334,85.93830998738606,2616284,2026-07-29T10:22:54,3,50.216793192098834,0.0022112528483072915,,20260729_102254.jpg,4000,76e2581aae1e0b93,True,scene-0024,1ad538f774dde9e572ad64213df60747bfb9b9ac39e25975b0b8830ca441d5da,unlabeled_pool,3000
0,UNLABELED,0.75,549.8072726377808,0.014466603597005209,89.2728640238444,2305865,2026-07-29T10:22:55,3,55.44220349143897,0.007404327392578125,,20260729_102255.jpg,4000,7a7c2644e66a61a9,True,scene-0024,ce673aacd98f99bb09d65aae27d38fcc6011913becd6c6d1a0cbf6e4738333aa,unlabeled_pool,3000
0,UNLABELED,0.75,403.9296091520162,0.01055908203125,89.7331034342448,2797147,2026-07-29T10:22:56,3,50.863817983778276,0.0012143452962239583,,20260729_102256(0).jpg,4000,3c760526a0bc479f,True,scene-0024,6b6fe22774b2763edef82facbca9ad63756a1d27e931588b8b110c487fd430ee,unlabeled_pool,3000
0,UNLABELED,0.75,309.2723331159534,0.010122934977213541,89.00624720255534,2695483,2026-07-29T10:22:56,3,50.64897908166901,0.001064300537109375,,20260729_102256.jpg,4000,245830dafc662ba7,True,scene-0024,ff96b9fd195ee04c8751e3c5b9c95d5981bb358764adb9345f62d446e08aaeb9,unlabeled_pool,3000
0,UNLABELED,0.75,337.446252794042,0.010064442952473959,84.87744140625,2763451,2026-07-29T10:22:57,3,48.53245223374547,0.0007476806640625,,20260729_102257.jpg,4000,403c0d5cc4e87ebd,True,scene-0024,90eed175d83f96c91e14496b4c4f03cf3b9442a88f1274bb767fe56f1f30efe9,unlabeled_pool,3000
4,OWNER_ACCEPTED,0.75,384.0284787884821,0.0101776123046875,83.83868026733398,2416920,2026-07-29T10:22:58,3,49.02403000722866,0.0010248819986979167,,20260729_102258.jpg,4000,003c1d5ccce87cbd,True,scene-0024,30e0357718c386277f82b1f96320efc35e585668103baf5c2a76f79abf6b5b9f,train,3000
0,UNLABELED,0.75,169.65693929475674,0.009726206461588541,82.20893859863281,1932239,2026-07-29T10:22:59,3,48.767257922800766,0.004084269205729167,,20260729_102259(0).jpg,4000,200f07c4d4ea3f97,True,scene-0024,c0626cdcb9efa774507fdc16cd8c79f30b38bae07743f6b55cf621aaa4011edd,unlabeled_pool,3000
0,UNLABELED,0.75,356.15892433308983,0.008073170979817709,80.9216677347819,2716056,2026-07-29T10:22:59,3,47.32651431476547,0.0010846455891927083,,20260729_102259.jpg,4000,007d1dd484e27eb3,True,scene-0024,686c8ee3fe9623e6e6f323addf1593109cef9be9d5f4d4898798192768e328aa,unlabeled_pool,3000
0,UNLABELED,0.75,388.6153159511741,0.011259714762369791,84.81772867838542,2592794,2026-07-29T10:23:00,3,50.82815575209887,0.004940032958984375,,20260729_102300(0).jpg,4000,7c0447c4e08a5f9f,True,scene-0024,789ac028a72fa0160f57bad8368782f002b89a9188e8aaf5b15575062c396011,unlabeled_pool,3000
0,UNLABELED,0.75,328.0840963392141,0.011684417724609375,81.82520802815755,2297339,2026-07-29T10:23:01,3,49.56492619385562,0.0019900004069010415,,20260729_102301.jpg,4000,781c07c4c0da1f9f,True,scene-0024,18fc9ebb84f425ecd1f742fda25be7d920c7d9d66b17d03fa657051d61a188c6,unlabeled_pool,3000
6,OWNER_ACCEPTED,0.75,316.00966883357614,0.010515848795572916,81.05019887288411,2664118,2026-07-29T10:23:02,3,49.028268668729034,0.003299713134765625,,20260729_102302(0).jpg,4000,281d1dc4c49217ff,True,scene-0024,98f841d2718af1614cab9f39d1ce3c9dcef4e31c40b0c967e1f79f6f8c7db94d,train,3000
0,UNLABELED,0.75,342.67714120845386,0.010424296061197916,81.04932149251302,2699892,2026-07-29T10:23:02,3,49.319858054193084,0.0036532084147135415,,20260729_102302.jpg,4000,281f07c4c0da1f9f,True,scene-0024,8e7a2e976f1b1ad67990dab043a2b5377d837670ca485b9250ebd45f526caf66,unlabeled_pool,3000
0,UNLABELED,0.75,307.39815071667357,0.009688059488932291,79.94931666056316,2385870,2026-07-29T10:23:03,3,48.32918017921691,0.004058837890625,,20260729_102303.jpg,4000,007d1d0d94f237ba,True,scene-0024,193824ee949d26abc2102e5d22b6f91e6fa76aa72ac8a1106296f82e9e66a0a2,unlabeled_pool,3000
0,UNLABELED,0.75,328.9962180782265,0.012729644775390625,81.90679931640625,2537408,2026-07-29T10:23:04,3,53.82069437681082,0.017927805582682293,,20260729_102304(0).jpg,4000,78b50504c4f2379f,True,scene-0024,52b905ebe9dc1ed81a491a9857c2665d12a825248c8e0ec6010a8b92c3e929ca,unlabeled_pool,3000
0,UNLABELED,0.75,284.9694296479749,0.009939829508463541,78.43568547566731,2490252,2026-07-29T10:23:04,3,49.722275707499385,0.013623555501302084,,20260729_102304.jpg,4000,00d57d3d94866cea,True,scene-0024,0d6d00b3dbda1798bb6d2f6f33bdf9f7fb657d918e5c0c1fa6d0d6c30b7494df,unlabeled_pool,3000
4,OWNER_ACCEPTED,0.75,235.87832307607945,0.010194142659505209,91.0265604654948,1914104,2026-07-29T10:23:21,3,49.33201675383007,7.62939453125e-06,,20260729_102321.jpg,4000,4e723869cea40797,True,scene-0025,625833c1bbeac264aa67eb05d4498197cd6a82d9442e9d7b8d9af65d14bac8ef,train,3000
0,UNLABELED,0.75,270.6794620335937,0.008668263753255209,86.41430918375652,1859547,2026-07-29T10:23:30,3,48.915288000863136,0.0001373291015625,,20260729_102330.jpg,4000,26181929e6d757c3,True,scene-0026,4751150503c5c2f966c8c9d7aa7a9b8d301d51f2aa514b03d154010942f3c811,unlabeled_pool,3000
0,UNLABELED,0.75,133.4647442980916,0.007534027099609375,76.85939025878906,1711325,2026-07-29T10:24:28,3,44.05402010760098,0.0013910929361979167,,20260729_102428.jpg,4000,40fcfd8480c371d7,True,scene-0027,c7bcc86cc4bc520717aed79f13115f02036f6bb5b8eaa7c39f8b70520d8b7465,unlabeled_pool,3000
0,UNLABELED,0.75,96.5868235888823,0.017972310384114582,85.16544723510742,1768952,2026-07-29T10:24:30,3,43.978136152607256,0.0,,20260729_102430.jpg,4000,1f9c1c6c640763e3,True,scene-0027,a41f10625dba85a1e761004cb8899fdd9816658f8457b45918eca961ddbfe699,unlabeled_pool,3000
4,OWNER_ACCEPTED,0.75,59.98698221824694,0.0,82.23433303833008,1709740,2026-07-29T10:24:32,3,33.941546934113745,0.0,,20260729_102432.jpg,4000,16f97107b0617cd4,True,scene-0027,e99ec2c742ba7ef733151eda2962dade52c4e2d11004f2cbd066a4bc2e703de6,test,3000
0,UNLABELED,0.75,62.078884692666975,0.0002593994140625,77.49146779378255,1639001,2026-07-29T10:24:33,3,32.66291075313573,0.0,,20260729_102433.jpg,4000,3edb4120a0f978f4,True,scene-0027,01852793f258d12b82279d58729e5aa8af19952d6b255f5e65deff3d89a5b413,unlabeled_pool,3000
0,UNLABELED,0.75,67.04871746384015,0.009001413981119791,80.42767079671223,1801978,2026-07-29T10:24:36,3,38.313340606018215,0.0,,20260729_102436.jpg,4000,00a7e77078c847cf,True,scene-0027,36d9cedbf506d8d5549a73631ae5ec012f6fd67226271328aabf6a7cda0652cf,unlabeled_pool,3000
0,UNLABELED,0.75,59.55605441329276,0.006304423014322917,82.67859013875325,1814879,2026-07-29T10:24:38,3,37.30123629449158,0.0,,20260729_102438.jpg,4000,278fc76060991d8f,True,scene-0027,5fe8bf46975a2b2ad5315bcafe8782dfbbe88d9ab9458d8e46dee7678741a6cc,unlabeled_pool,3000
4,OWNER_ACCEPTED,0.75,91.72028883205105,0.0136566162109375,84.18655649820964,1902346,2026-07-29T10:24:39,3,41.19593525606266,0.0,,20260729_102439(0).jpg,4000,2b13d1cf1e4c25a3,True,scene-0027,ffaae55960fd72b4fceaa973341d4e6573c68683ac481ad2f3e5838b103647be,test,3000
0,UNLABELED,0.75,71.83203246975926,0.014383951822916666,86.08822377522786,2000645,2026-07-29T10:24:39,3,41.379975216402066,0.0,,20260729_102439.jpg,4000,7b2393101c3c67e3,True,scene-0027,8fd3c6a3b29d8f8e250313fd286ec85fd45b7fd13688ecc50e3441bf2df57148,unlabeled_pool,3000
0,UNLABELED,0.75,88.41519707185047,0.012889862060546875,83.09052276611328,1933836,2026-07-29T10:24:40,3,41.64096419505658,0.0,,20260729_102440.jpg,4000,0b19918f0ec637b3,True,scene-0027,805a1aaf728285b62bb4c24f724bdf6388a01fcdfaf2d4a2596b0a1fa6b021dc,unlabeled_pool,3000
0,UNLABELED,0.75,52.33387752245793,0.011946360270182291,81.636900583903,1831660,2026-07-29T10:24:41,3,40.409856386969224,0.0,,20260729_102441.jpg,4000,0b53b39b5c8c23a3,True,scene-0027,e1ad4f93c3abc4b31e4a4445cd87919cfa81dffc013cbaef3782b0041d2343d8,unlabeled_pool,3000
0,UNLABELED,0.75,51.45200539914367,0.0,78.61497370402019,1728310,2026-07-29T10:24:42,3,32.83920695492765,0.0,,20260729_102442.jpg,4000,1c30f3193de74b81,True,scene-0027,b594d467fbd403049ef9d350e34b9ef1e3b5ff80416470308dfb893d4eae9196,unlabeled_pool,3000
0,UNLABELED,0.75,100.598589037752,0.010721842447916666,87.65299860636394,2189888,2026-07-29T10:24:43,3,38.67394158693062,0.0,,20260729_102443.jpg,4000,5227879730f81d87,True,scene-0027,da744c94b49d09a9ca569c183291118bc1921b0d187af3b6b3fbb065dadfe0c1,unlabeled_pool,3000
3,OWNER_ACCEPTED,0.75,72.05844693980019,0.013123830159505209,85.91228612263997,1830454,2026-07-29T10:24:44,3,39.43061926430384,0.0,,20260729_102444(0).jpg,4000,7a27878670984dc7,True,scene-0027,a408a9c83921cd61e05bd2ed9a2fa182ab8bec2c7bce92e7429daed1a05ed168,test,3000
0,UNLABELED,0.75,78.71573033199171,0.013156890869140625,87.21776580810547,1858910,2026-07-29T10:24:44,3,39.84213965839238,0.0,,20260729_102444.jpg,4000,7a2387d630d84dc3,True,scene-0027,e35b8ef0a9f7cd48ab6811ffa08824035715b1fb9c29ad085d8b97b7a4a1fce3,unlabeled_pool,3000
4,OWNER_ACCEPTED,0.75,88.39622601524589,0.012261708577473959,86.94403839111328,1848604,2026-07-29T10:24:45,3,38.47168124721687,0.0,,20260729_102445.jpg,4000,5866878770b819d7,True,scene-0027,7aaed61353c9169d7aea2be4600cc0506864f53ffaec719f2d93cd47931ab26c,test,3000
3,OWNER_ACCEPTED,0.75,84.63663057485563,0.010471343994140625,86.02167638142903,1869582,2026-07-29T10:24:46,3,38.22466736498014,0.0,,20260729_102446.jpg,4000,1a56a78f70b01997,True,scene-0027,d3749da4db45ab5837057abb2c6aa8602af6213ed355af6748d07a20eb41d0c9,test,3000
3,OWNER_ACCEPTED,0.75,65.07270550562272,0.0,85.36613210042317,1881934,2026-07-29T10:24:47,3,31.483430867497948,0.0,,20260729_102447.jpg,4000,0e58b1a158bb0fd9,True,scene-0027,61d5bf8cf40d48c37bc540164aedab6cddcd4cd4e3e6b346271c1fc47ba0c8b2,test,3000
0,UNLABELED,0.75,86.9110356499424,0.005053202311197917,86.1513557434082,2009084,2026-07-29T10:24:48,3,36.516786851564845,0.0,,20260729_102448.jpg,4000,2426cffd04c131bd,True,scene-0027,25840432b81f77fc8b058de0e607b922f4629c0f1766c5405e5cdaeba0e3e2e6,unlabeled_pool,3000
0,UNLABELED,0.75,92.50445410015368,0.011099497477213541,88.42458216349284,1927116,2026-07-29T10:24:49,3,39.76937782379469,0.0,,20260729_102449.jpg,4000,5432af9720f0159f,True,scene-0027,39cfbe277ea4c1d5ba2a086aa266aa0cd1d1b7b7cabd78fded38886f2fd54719,unlabeled_pool,3000
0,UNLABELED,0.75,715.788222662702,0.010037740071614584,66.99983088175456,2249243,2026-07-29T10:24:51,3,54.898818504177164,0.08594131469726562,,20260729_102451.jpg,4000,0b970925f01a57af,True,scene-0027,a9241702f9ca43815d41b97c6614fbd26bc7241ba1bf5d99ef618478eb7a83fc,unlabeled_pool,3000
0,UNLABELED,0.75,514.9375953697538,0.008433024088541666,67.21403884887695,2262366,2026-07-29T10:24:52,3,53.20765129752742,0.0780321756998698,,20260729_102452.jpg,4000,2b950b45e03a578f,True,scene-0027,cd20b6e2a15368715c9a9a69e8e4f70037d70cfbaa4d63389639c4e1711937d5,unlabeled_pool,3000
0,UNLABELED,0.75,459.0305050152286,0.007762908935546875,64.47653198242188,2092553,2026-07-29T10:24:53,3,50.352453960511326,0.07355626424153645,,20260729_102453.jpg,4000,5bbbd10dc05025db,True,scene-0027,0590f3ee32f8c247eaf2c623f732f9ad81877c032db96bef619c060782f4b80a,unlabeled_pool,3000
0,UNLABELED,0.75,512.6035753146655,0.0091094970703125,64.78285090128581,2099567,2026-07-29T10:24:54,3,49.70034934568995,0.06341298421223958,,20260729_102454.jpg,4000,12abb7098d102fdb,True,scene-0027,ceea7d347c06ec79a31e4cb207546f64dd63324ffc54cb40f393b17c7a48ee0f,unlabeled_pool,3000
0,UNLABELED,0.75,540.8063514524049,0.009286244710286459,63.82085164388021,2080803,2026-07-29T10:24:55,3,48.23683912220609,0.052326202392578125,,20260729_102455.jpg,4000,1eeae71989004bbb,True,scene-0027,2cffb3daa4dd2c7ed982af7b929833c5bc6c9095fae84af653e66b5b95f5f554,unlabeled_pool,3000
0,UNLABELED,0.75,540.107488573193,0.007662455240885417,65.94287745157878,2197247,2026-07-29T10:24:56,3,50.12630885068273,0.0638427734375,,20260729_102456.jpg,4000,1aabb54984502fdb,True,scene-0027,554aa1b53455dde445855b66466d5592dd8daeeb157686d411301bc8065e9115,unlabeled_pool,3000
0,UNLABELED,0.75,514.6254439860932,0.007666269938151042,67.09803263346355,2204215,2026-07-29T10:24:57,3,51.2833380724189,0.06505330403645833,,20260729_102457.jpg,4000,1bab950984502fdf,True,scene-0027,8ed54db245081ba4fa3eb21c239af30f8052f0659636f06f96992db69950fbe6,unlabeled_pool,3000
0,UNLABELED,0.75,451.1321835222382,0.003996531168619792,69.18820063273112,2551161,2026-07-29T10:25:02,3,51.68580252549883,0.0866228739420573,,20260729_102502.jpg,4000,414cb4d99b1b4b95,True,scene-0028,bb42516fed3211bc63c985dff972efc735008526b9deac94db056c9aef7594f0,unlabeled_pool,3000
0,UNLABELED,0.75,435.2491896508716,0.004727681477864583,68.71870549519856,2317118,2026-07-29T10:25:03,3,51.62649712918306,0.08568827311197917,,20260729_102503.jpg,4000,4148a49bb3335ba7,True,scene-0028,793aee6a648f28149978c8c60d85d51760bd4a19a87065c095ce67081097ab77,unlabeled_pool,3000
0,UNLABELED,0.75,429.49919993030556,0.005157470703125,64.88070551554362,2370920,2026-07-29T10:25:04,3,49.062700873277265,0.09304300944010417,,20260729_102504.jpg,4000,05024893e3671fef,True,scene-0028,1633613e78e4018cf726294d4205d63960b72c67c30f0937804466fda9684b65,unlabeled_pool,3000
0,UNLABELED,0.75,300.0106013010566,0.004252115885416667,77.54663213094075,2100423,2026-07-29T10:25:05,3,56.988185861314264,0.09096145629882812,,20260729_102505.jpg,4000,1b27d6a5a46125d3,True,scene-0028,9e0fd19f6d60a9df85215465af9c0553ecc84dbc7b3abfb42a16f9a34d159a80,unlabeled_pool,3000
0,UNLABELED,0.75,335.9294762667007,0.016291300455729168,86.53013229370117,2258908,2026-07-29T10:25:06,3,59.94747011272826,0.0954742431640625,,20260729_102506.jpg,4000,46161118da497dfd,True,scene-0028,b1cb7b212e47859b44406b715a180755cc7ac06b2098e69d7701115349ee34c9,unlabeled_pool,3000
0,UNLABELED,0.75,736.1735633875554,0.020870208740234375,89.04925282796223,2247422,2026-07-29T10:25:07,3,61.43895133472277,0.08509572347005208,,20260729_102507.jpg,4000,0a220bacac3f75e5,True,scene-0028,76f7648b49cf7efbcfc65b5fed900bcc36c50df362188360744ee1cc333fb19d,unlabeled_pool,3000
0,UNLABELED,0.75,796.3346556557545,0.0203094482421875,87.1344985961914,2301144,2026-07-29T10:25:08,3,60.86811907267758,0.08592859903971355,,20260729_102508.jpg,4000,2a2a2b2ca83e75e5,True,scene-0028,e8e0d1b71632ccab0b6181a7d499b69ba407567f8175b22704d155034bcd7ffb,unlabeled_pool,3000
7,OWNER_ACCEPTED,0.75,633.0211766385995,0.016648610432942707,88.69078826904297,2168267,2026-07-29T10:25:09,3,58.513606755004425,0.07569376627604167,,20260729_102509.jpg,4000,58db4965bc0f14c5,True,scene-0028,6e0fcb280b84fb3d2d20816aaef684526e00df584486dd4aecabd170311c0019,validation,3000
0,UNLABELED,0.75,828.7416970206327,0.015238444010416666,88.16501235961914,2155757,2026-07-29T10:25:10,3,57.023466814049655,0.07304890950520833,,20260729_102510.jpg,4000,4caf2d35de674090,True,scene-0028,a7e1e9846ceaea6d8a9a5f59d1a90ef01aed774460a858ebe02e096cdda24cb2,unlabeled_pool,3000
0,UNLABELED,0.75,718.6913497617401,0.01343536376953125,87.49001185099284,2165491,2026-07-29T10:25:11,3,54.44491083532002,0.0542755126953125,,20260729_102511(0).jpg,4000,52d34628b67b3aa8,True,scene-0028,540d517e56014c522fe1d1a9cd0141096ff4b3b6bfeff420b62a394bcf23f7c2,unlabeled_pool,3000
0,UNLABELED,0.75,837.483881706629,0.013029734293619791,86.81863276163737,2251085,2026-07-29T10:25:11,3,55.31052208127859,0.0585479736328125,,20260729_102511.jpg,4000,76d70551f6733088,True,scene-0028,123a172385aca7f6f97cb30ce51c74f994faa52b4075ae84c5809a3eef9d7ac8,unlabeled_pool,3000
0,UNLABELED,0.75,204.00222997273588,0.0011431376139322917,105.57269032796223,1898491,2026-07-29T10:25:39,3,42.5407813376018,0.0,,20260729_102539.jpg,4000,7721a973b03031bd,True,scene-0029,a5231408d95143fbe879e9a173bd1c97e71df5e1203870b8dcece9dab9b889ad,unlabeled_pool,3000
0,UNLABELED,0.75,306.8659952425448,0.0009676615397135416,99.63354237874348,2108804,2026-07-29T10:25:40,3,46.21786225269713,0.0,,20260729_102540.jpg,4000,78b93850cdad26a6,True,scene-0029,87a8a3067f92fe0a1cfb295bba96f030dc835622e20a8f4594581775ef60773b,unlabeled_pool,3000
0,UNLABELED,0.75,376.2825352925172,0.001617431640625,104.4518559773763,1992780,2026-07-29T10:25:41,3,45.22627078947455,3.814697265625e-06,,20260729_102541.jpg,4000,7959f134260a39b9,True,scene-0029,ef79bd0a289de8a29beca8c1d17ec4d54e6edfc96451c580f981f098868c69db,unlabeled_pool,3000
0,UNLABELED,0.75,394.3812015215905,0.006251017252604167,103.99663670857747,1914352,2026-07-29T10:25:43,3,41.80817948070207,0.0,,20260729_102543.jpg,4000,719e96313d6d0296,True,scene-0029,aef67f1529d5e6d892ee27810a5a63c28ed4a6f892974d41b730bc8a7b9e1b62,unlabeled_pool,3000
0,UNLABELED,0.75,149.88086280622372,0.010799407958984375,88.34711456298828,2221109,2026-07-29T10:26:12,3,42.43657127824651,0.0,,20260729_102612.jpg,4000,13d181e5ce0e0bdb,True,scene-0030,c7b3c897345edbaf39e996034edd1324073614dd9a5e5158fa1b15af3c7ce5b5,unlabeled_pool,3000
0,UNLABELED,0.75,68.86408802159228,0.0156097412109375,94.88483174641927,1389345,2026-07-29T10:26:15,3,45.653906637995426,0.0,,20260729_102615.jpg,4000,308d5930a4acfc9f,True,scene-0030,493597e9b52d8036572c15c4376d3a1ea15c0d64741e6a74bc7a5bb7dcef6c6c,unlabeled_pool,3000
0,UNLABELED,0.75,352.08099393021257,0.008747100830078125,91.47211201985677,2030337,2026-07-29T10:26:20,3,47.329114291975806,0.000736236572265625,,20260729_102620.jpg,4000,1e60a252c8b437ef,True,scene-0031,d232bbd70bf4ca070fb94740449feb97453ba46aa5ebead8bc6aebfc54a38500,unlabeled_pool,3000
0,UNLABELED,0.75,426.5229326323024,0.014148712158203125,101.8520139058431,2159685,2026-07-29T10:26:21,3,45.89152696523062,0.0,,20260729_102621.jpg,4000,639f5ee25290a0c7,True,scene-0031,b9b3c2f36ef5a74d6116042dc38141c818ace4f10ff648a25ac27c78f368750d,unlabeled_pool,3000
0,UNLABELED,0.75,249.5733197057319,0.02605438232421875,92.98744837443034,1666708,2026-07-29T10:27:58,3,53.14464900566005,0.017266591389973957,,20260729_102758.jpg,4000,6ce8f64ba55061f0,True,scene-0032,048e745d5ebb9d4ee1f3529dee883905410a39906f52461e5c5a7854b1650dcd,unlabeled_pool,3000
0,UNLABELED,0.75,269.1618969526462,0.029008229573567707,92.5934232076009,1585910,2026-07-29T10:27:59,3,54.23437622039262,0.019468943277994793,,20260729_102759(0).jpg,4000,68d2ecf6fb2501c0,True,scene-0032,a9c1267c97c2e6bd28a8bd4a668203ab64f9535395d0bfaf005ac142e56a46df,unlabeled_pool,3000
0,UNLABELED,0.75,295.57046477795245,0.033953348795572914,95.21416982014973,1617718,2026-07-29T10:28:01,3,54.75877144487512,0.027243296305338543,,20260729_102801(0).jpg,4000,4c92def6f3a90181,True,scene-0032,8fd932688228d2a2390948c037ba55f20e98d101c933e34a5aea3e485756e785,unlabeled_pool,3000
0,UNLABELED,0.75,272.1100756525975,0.028406778971354168,93.64379755655925,1608809,2026-07-29T10:28:01,3,53.84921854274147,0.028451283772786457,,20260729_102801.jpg,4000,0892fef6f3a911c0,True,scene-0032,cc1cdd97f4ad5db146df8fdcd95a28fd0506f1cabb4163c0034c0fd8833b1dfc,unlabeled_pool,3000
0,UNLABELED,0.75,308.0276942215326,0.039189656575520836,94.47251383463542,1619131,2026-07-29T10:28:02,3,55.30501736371853,0.03208160400390625,,20260729_102802.jpg,4000,58eed4dae7d90180,True,scene-0032,57c23aec88ab72e2cf863ef3f1585cf45d14527baa5b309b3ecc298e843f3da2,unlabeled_pool,3000
0,UNLABELED,0.75,322.0291022770476,0.038035074869791664,94.24644343058269,1634814,2026-07-29T10:28:03,3,54.81408707148048,0.023862202962239582,,20260729_102803.jpg,4000,70cef4d2eff10180,True,scene-0032,d899a70436a0dcf4ff8bc840352189eb992052a9aeeab904bd0d26373b7d33b2,unlabeled_pool,3000
0,UNLABELED,0.75,343.52352615158514,0.046735127766927086,98.5760726928711,1688560,2026-07-29T10:28:04,3,56.58193525526395,0.006603240966796875,,20260729_102804(0).jpg,4000,51dcd4d6d4d311c1,True,scene-0032,27d2f44e54421fa1bf5033ef5f42337012ce27ca5f1be258dbaeaeffaec781ea,unlabeled_pool,3000
0,UNLABELED,0.75,315.6562869237823,0.04157384236653646,95.19343185424805,1623763,2026-07-29T10:28:04,3,55.49661455285465,0.021167755126953125,,20260729_102804.jpg,4000,70ded4d6efd10180,True,scene-0032,2eef22a8ab661df06392e7421efc8d1c475fe9f94721b5e91985faa979f91e83,unlabeled_pool,3000
0,UNLABELED,0.75,331.0929300927849,0.0472869873046875,97.94680277506511,1660615,2026-07-29T10:28:05,3,56.75046408533126,0.0037778218587239585,,20260729_102805.jpg,4000,45d4d4d4d4d711c5,True,scene-0032,345ed1881184e51c646ae6d557042161cbc0e750db6ee1ed16546a6ee135daef,unlabeled_pool,3000
0,UNLABELED,0.75,167.40651053593643,0.026948293050130207,95.08220926920573,1528556,2026-07-29T10:28:06,3,51.97173317440472,0.0017878214518229167,,20260729_102806(0).jpg,4000,1f14d496a7534785,True,scene-0032,ab4cdd741414b3306cb8b169e0c67a0fc37c8c1423c0741e8a2b90fe63ffb30b,unlabeled_pool,3000
0,UNLABELED,0.75,314.0330000917117,0.04070409138997396,96.60489654541016,1638037,2026-07-29T10:28:06,3,54.96825106007793,0.0008761088053385416,,20260729_102806.jpg,4000,07d49494f4d37585,True,scene-0032,184daf3d27c2f3f58d7561fe3fe4f3ba61f22c76cf82f73cd8f98d0a9eac61f8,unlabeled_pool,3000
0,UNLABELED,0.75,336.7983489142868,0.05651982625325521,95.0660883585612,1580583,2026-07-29T10:28:07,3,59.448174044639806,0.007971445719401041,,20260729_102807(0).jpg,4000,41f7d4d6d6d30181,True,scene-0032,def7d7a0203d78b9dc8cb2b6e409cffdfb3785a7186ece90fbf6e4b0921f9f48,unlabeled_pool,3000
0,UNLABELED,0.75,154.18245925722633,0.050778706868489586,99.32215245564778,1389245,2026-07-29T10:28:07,3,57.155841444011685,0.000396728515625,,20260729_102807.jpg,4000,55d7d496d4d34181,True,scene-0032,093020dfe5d453607030c060015de9b64566334f6ca3659fdbf807b582f266c6,unlabeled_pool,3000
0,UNLABELED,0.75,372.3349238044015,0.05731964111328125,97.01475143432617,1566003,2026-07-29T10:28:08,3,59.09985933097325,0.01251220703125,,20260729_102808(0).jpg,4000,752f78dec6c90181,True,scene-0032,42033be05a943281be16f9a26b9beb5a7871f7632f77acdc57d171ae6df421c3,unlabeled_pool,3000
0,UNLABELED,0.75,364.995410591752,0.05899810791015625,96.90119934082031,1589258,2026-07-29T10:28:08,3,60.039054824620465,0.017927805582682293,,20260729_102808.jpg,4000,43ffd4d4c6d30181,True,scene-0032,24a278fc9a969b05d7a815e118cc3293267d8821f026aa9431cd4250ebc7aefc,unlabeled_pool,3000
0,UNLABELED,0.75,333.57194747437984,0.051605224609375,88.3718032836914,1555151,2026-07-29T10:28:09,3,59.41448877306846,0.029946645100911457,,20260729_102809(0).jpg,4000,7f2f7c86f4830181,True,scene-0032,ba6fefc6ccf1a8194f763f73df4520173eace9cd22e16832231c0b3183ae7ba8,unlabeled_pool,3000
0,UNLABELED,0.75,388.33983165438985,0.0565948486328125,92.74608993530273,1460748,2026-07-29T10:28:09,3,59.765859517902456,0.0242156982421875,,20260729_102809.jpg,4000,7d3f3c5cf6810181,True,scene-0032,a6b404a2f4ec38af52f5159aa93bcc826c15d70dc5684e79131c4da939004cbe,unlabeled_pool,3000
0,UNLABELED,0.75,257.3910524707947,0.053737640380859375,93.22170130411784,1469787,2026-07-29T10:28:24,3,62.02689312282068,0.004856109619140625,,20260729_102824.jpg,4000,1581a8a8a5b72daf,True,scene-0033,be17702e626fb533bf6f798d19bfe225e00add7a4415692d25f7e8f594c756e7,unlabeled_pool,3000
0,UNLABELED,0.75,220.59745660303759,0.03443145751953125,90.13452784220378,1458830,2026-07-29T10:28:25,3,57.911831745254304,0.0030186971028645835,,20260729_102825(0).jpg,4000,24a0a8a8e6772fab,True,scene-0033,1440798428700060a36f78d508c303dcdd85f0ac6e3b5c168fddc7f197014c3d,unlabeled_pool,3000
0,UNLABELED,0.75,212.4236392162644,0.04255803426106771,90.15391031901042,1496706,2026-07-29T10:28:25,3,59.68832741682795,0.009342193603515625,,20260729_102825.jpg,4000,35a0a8aca4b707af,True,scene-0033,df8c9d736dfadcf63fcced62798f0f95ad9b89644d1486aa0cdc8d8c5eb9054a,unlabeled_pool,3000
0,UNLABELED,0.75,217.63356833221337,0.030813852945963543,88.22025934855144,1443701,2026-07-29T10:28:26,3,57.14828274829773,0.005404154459635417,,20260729_102826(0).jpg,4000,66a0a8a8d6172fab,True,scene-0033,2d88c42e2531197d33fda85dded6856782406d2bab1a34972f7b828c8e749b33,unlabeled_pool,3000
0,UNLABELED,0.75,239.128990084806,0.038738250732421875,91.16487121582031,1469420,2026-07-29T10:28:26,3,59.039130783072196,0.0035769144694010415,,20260729_102826.jpg,4000,6ca0a8a8e4672fab,True,scene-0033,00db17c3b5b96fe8b57de4a3f4ea1dc3e5e3fba96371a236c27d050233cd077a,unlabeled_pool,3000
0,UNLABELED,0.75,355.0331894905914,0.029300689697265625,86.48630777994792,1532940,2026-07-29T10:28:27,3,57.12842510661632,0.004094441731770833,,20260729_102827(0).jpg,4000,4c48c8c8cc6f6fca,True,scene-0033,27dff1ca069e8fd79a581e19e94c27cfd675c5a370c6d8b227b85853f1ee17a7,unlabeled_pool,3000
0,UNLABELED,0.75,248.00210540295234,0.032254536946614586,87.94318771362305,1495966,2026-07-29T10:28:27,3,57.52467713041019,0.007382710774739583,,20260729_102827.jpg,4000,24a0a8a8f6372fab,True,scene-0033,2edb1e3fcc3e96cd8aa199862729696044548b2d0ef00505d4510f9e5b6fb646,unlabeled_pool,3000
0,UNLABELED,0.75,354.84728476588845,0.028752644856770832,88.61959584554036,1508026,2026-07-29T10:28:28,3,57.01541684930124,0.0021947224934895835,,20260729_102828(0).jpg,4000,6464a8a8e4672fab,True,scene-0033,07c2cecb883120ba6018f883a7b2e758ef8b390dc7c072d27c112d5802c3c019,unlabeled_pool,3000
0,UNLABELED,0.75,507.17475762011117,0.028179168701171875,86.00158818562825,1618537,2026-07-29T10:28:28,3,56.919488687213125,0.004802703857421875,,20260729_102828.jpg,4000,4c48c8c8cc6f6fca,True,scene-0033,fe63e78774784610a26ced9e80d0cfd3fb7c09cf9f44809c42f5f78437433a32,unlabeled_pool,3000
0,UNLABELED,0.75,294.5947892264357,0.03923670450846354,92.16185633341472,1483430,2026-07-29T10:28:29,3,58.53999954839186,0.003927866617838542,,20260729_102829(0).jpg,4000,26a4acaca43727ab,True,scene-0033,152edf7de022778615cb95d4cfd3126e22e8c903fa6fff8dda9a3c00953462ac,unlabeled_pool,3000
0,UNLABELED,0.75,334.8319414143509,0.034581502278645836,90.69671630859375,1484989,2026-07-29T10:28:29,3,57.97245041325721,0.002979278564453125,,20260729_102829.jpg,4000,64a4a8a8b4372fab,True,scene-0033,fa56d9d090e36d5a3ad6b664fe53429a0daf892ceb3ddd3caad3e42e26b3d984,unlabeled_pool,3000
0,UNLABELED,0.75,246.28298264608506,0.04273859659830729,93.41316604614258,1470251,2026-07-29T10:28:30,3,59.100547634327675,0.004770914713541667,,20260729_102830.jpg,4000,26a4acaca5a725ab,True,scene-0033,19b6fb4141c15788ac89a0a3670195a888aa91cc4e3c7a2e2f78c2472bbe8a84,unlabeled_pool,3000
0,UNLABELED,0.75,243.08069194498725,0.027119954427083332,95.54454549153645,1580240,2026-07-29T10:28:31,3,56.28125717874542,0.0006395975748697916,,20260729_102831.jpg,4000,4468a8aaf4572bab,True,scene-0033,25422d25658b6e05452bf6ddd0560aa4c4fd3a33683759dd3167a3b5a84b0b53,unlabeled_pool,3000
0,UNLABELED,0.75,256.29279819668346,0.025431315104166668,91.98999659220378,1605612,2026-07-29T10:28:32,3,55.632873278596435,0.0018361409505208333,,20260729_102832.jpg,4000,4468a8aaf4572bab,True,scene-0033,4b04c52b82557523884c03de4e0f2b24808e5e5debf7a92194fb9c579a0dbdc2,unlabeled_pool,3000
0,UNLABELED,0.75,292.6382579026571,0.026388804117838543,92.30648295084636,1563139,2026-07-29T10:28:33,3,54.94748813101945,0.003681182861328125,,20260729_102833.jpg,4000,36a8acaeb61705a3,True,scene-0033,4b8e84dd6e545110ebfaae89595b2a21cce2219767784f2e849e8d102192e821,unlabeled_pool,3000
0,UNLABELED,0.75,211.14803204561272,0.016024271647135418,88.60231908162434,1461744,2026-07-29T10:28:34,3,53.494776588908515,0.0004030863444010417,,20260729_102834.jpg,4000,2028a6d757170fab,True,scene-0033,1068d1e16b8414c50d0ab5b6d749a687684c23f8137ca6eaf36ca9750a2ab81f,unlabeled_pool,3000
4,OWNER_ACCEPTED,0.75,368.3897789518801,0.045954386393229164,95.8025271097819,1596760,2026-07-29T10:28:35,3,59.249070469102406,0.004067738850911458,,20260729_102835(0).jpg,4000,35a8acacb72701e5,True,scene-0033,2d4d023f5ba45b635847cd05b5feeafda0c1a364f4f4cd221e080cdaea7e017d,train,3000
0,UNLABELED,0.75,260.2834835885442,0.030785878499348957,95.00614674886067,1575520,2026-07-29T10:28:35,3,55.70795437258017,0.00201416015625,,20260729_102835.jpg,4000,34a8bcbc972701e5,True,scene-0033,ce91fd7cefd5a889f9de9fa63cc462ed8e31b360657c63d9851029d67088c8d4,unlabeled_pool,3000
0,UNLABELED,0.75,409.20295381375155,0.05207951863606771,96.41895802815755,1583716,2026-07-29T10:28:36,3,60.95268410241377,0.005044301350911458,,20260729_102836(0).jpg,4000,25a0acacb78727c5,True,scene-0033,35e9fc3d58cb34e9ea1318ce3afd0da6e4cfe8d7b36855396558d808868889f7,unlabeled_pool,3000
0,UNLABELED,0.75,363.9986592822759,0.045290629069010414,94.39698028564453,1567533,2026-07-29T10:28:36,3,59.581496725329195,0.004689534505208333,,20260729_102836.jpg,4000,35a8acacb72705a5,True,scene-0033,9b13351582d9821671e1b1ce570f9b3b109a2fd2d7e2b9e5b48ee5b9720b3af6,unlabeled_pool,3000
4,OWNER_ACCEPTED,0.75,391.6946066758683,0.055124918619791664,96.65756734212239,1575572,2026-07-29T10:28:37,3,60.99186546916193,0.00667572021484375,,20260729_102837.jpg,4000,45a0acaca78f27c5,True,scene-0033,92d1c475c9f1e54f19b60870b0541f8baaf9843b390e489c97d4a1937206c428,train,3000
0,UNLABELED,0.75,242.47887293198735,0.044879913330078125,93.62126795450847,1493041,2026-07-29T10:28:38,3,59.51367856036539,0.0025800069173177085,,20260729_102838(0).jpg,4000,15e0a8a8ed572f89,True,scene-0033,7a9b1302325eeb08890941f8f75433fa7846b1e3f91534750495a0c98b8b6226,unlabeled_pool,3000
0,UNLABELED,0.75,329.4136483543795,0.05375035603841146,93.29262415568034,1496974,2026-07-29T10:28:38,3,61.157955838608366,0.022961934407552082,,20260729_102838.jpg,4000,07a0acacaf972785,True,scene-0033,301f2f983ab5a292c1d01df20e3aa8493dd24c33dbdc1980adb4b76511becb66,unlabeled_pool,3000
0,UNLABELED,0.75,145.6740641612495,0.03174718221028646,90.3758544921875,1370846,2026-07-29T10:28:49,3,52.23733108255596,0.03777949015299479,,20260729_102849(0).jpg,4000,0be0f6fab38151e0,True,scene-0034,7c9c66dc252ac0e4ce7dd753b3a176011d3d32f36232b62a11cf12af311c838c,unlabeled_pool,3000
0,UNLABELED,0.75,149.319632200639,0.049397786458333336,96.73168563842773,1400824,2026-07-29T10:28:49,3,55.28956728863189,0.012905120849609375,,20260729_102849.jpg,4000,70e0ecf2b7c160f0,True,scene-0034,5dacb20df60e12387d9ae7f33424b9c6136af6b73b267f6503609163dac19174,unlabeled_pool,3000
0,UNLABELED,0.75,181.51168538754186,0.03548431396484375,98.32709248860677,1445691,2026-07-29T10:28:50,3,52.92117541915628,0.010720570882161459,,20260729_102850.jpg,4000,73e8f4c2f7a90181,True,scene-0034,d86d57c4faaba564eab08ce517a863f25ca0634821402764fe18978a0e2128da,unlabeled_pool,3000
0,UNLABELED,0.75,132.47938111082962,0.045934041341145836,96.41687774658203,1398942,2026-07-29T10:28:51,3,54.771889342386864,0.025925954182942707,,20260729_102851(0).jpg,4000,73a886faf7a901c0,True,scene-0034,7132c73ad46b97b4f0a5efa53fd1ae1464e44e54104818a9c6f30e65db47534d,unlabeled_pool,3000
0,UNLABELED,0.75,152.22264020361604,0.04487482706705729,97.07595316569011,1277073,2026-07-29T10:28:51,3,54.56313720850166,0.023039499918619793,,20260729_102851.jpg,4000,73a8a6faf78901c0,True,scene-0034,ae5b9225befbc48c97eb1373b35f3913b593b5b7946b9142c59f59384ca80199,unlabeled_pool,3000
0,UNLABELED,0.75,153.29771546906784,0.037829081217447914,93.59142684936523,1381911,2026-07-29T10:28:52,3,53.205180931672665,0.036168416341145836,,20260729_102852(0).jpg,4000,738cf2fcf3890181,True,scene-0034,b13e9e04017172f1c9668043ff244a0d0c54eb2b5a23cdadc8d1d1270d0ca3ea,unlabeled_pool,3000
0,UNLABELED,0.75,155.44057990333627,0.045427958170572914,95.87463124593098,1380216,2026-07-29T10:28:52,3,54.83182596293038,0.028731028238932293,,20260729_102852.jpg,4000,63b8d6e8f3a901c1,True,scene-0034,0b4ae0dec0b9b5b56e2cd0da8805223eeb1dcc42f474ad26f10b65c3040664be,unlabeled_pool,3000
0,UNLABELED,0.75,162.1279431364173,0.03226470947265625,96.15178680419922,1447941,2026-07-29T10:28:53,3,52.40842464573744,0.020476023356119793,,20260729_102853.jpg,4000,6aacf6ecf3890181,True,scene-0034,7747dd111b6f6ba726f6a19d6a345f766616b9a5aae0619198faaebf441f07a1,unlabeled_pool,3000
0,UNLABELED,0.75,160.54436594990298,0.014954884847005209,92.97798156738281,1442983,2026-07-29T10:28:54,3,49.030750185119985,0.009419759114583334,,20260729_102854.jpg,4000,777abe86014078f8,True,scene-0034,8b2cb4523292a7582eeef2dbede6a2c3954fb4fb32448ca691a1c81063833670,unlabeled_pool,3000
0,UNLABELED,0.75,162.43054622284973,0.020701090494791668,98.1157824198405,1653848,2026-07-29T10:28:55,3,50.46062652347817,0.014484405517578125,,20260729_102855(0).jpg,4000,77247af6a98141f0,True,scene-0034,f95ac1c6d773a876c813ec9d31575d7c243176ff683641165d54e37bc9062353,unlabeled_pool,3000
0,UNLABELED,0.75,180.25713520780175,0.020375569661458332,98.24542617797852,1494866,2026-07-29T10:28:55,3,50.597290204833385,0.005942026774088542,,20260729_102855.jpg,4000,77247af6a98141f0,True,scene-0034,e1e142f321bbde6f56e0a54ce5bc66d488a9afa590fb6359a639a40c3a82f990,unlabeled_pool,3000
0,UNLABELED,0.75,267.73056316807754,0.025155385335286457,97.32070541381836,1568407,2026-07-29T10:28:56,3,50.54357735790598,0.013402303059895834,,20260729_102856.jpg,4000,6b865af6ad9141e0,True,scene-0034,d0c09eeb74818ed6dc2fa2af5320b597c08c9a8ebd0b67e3def88f222e259a3c,unlabeled_pool,3000
0,UNLABELED,0.75,210.80995305307928,0.02791595458984375,96.65877787272136,1500485,2026-07-29T10:28:57,3,50.75245998445807,0.021410624186197918,,20260729_102857(0).jpg,4000,69867afeab9140e0,True,scene-0034,76a973b07ed6c6f2c120ed5d69a4dc1490097adb84acbf9e712e97960440af4b,unlabeled_pool,3000
0,UNLABELED,0.75,295.2479432427984,0.02802276611328125,97.7293332417806,1522967,2026-07-29T10:28:57,3,51.17348829810138,0.018870035807291668,,20260729_102857.jpg,4000,69a678f6eb9141c0,True,scene-0034,52aa5110124768c5df1252a8e34c33df5c74f2c808a00d69dd9ed11b7d7ecfed,unlabeled_pool,3000
0,UNLABELED,0.75,175.15548311080624,0.01480865478515625,91.79692967732747,1533311,2026-07-29T10:28:58,3,47.42210536397015,0.018840789794921875,,20260729_102858(0).jpg,4000,27c62eb2a5c178f0,True,scene-0034,9d849271a33b2133630f8d4a98146a7d125ef1e2072451a70fce7d03d78751d1,unlabeled_pool,3000
0,UNLABELED,0.75,172.99460313280335,0.014080047607421875,90.22977828979492,1514022,2026-07-29T10:28:58,3,46.71257687497281,0.023447672526041668,,20260729_102858.jpg,4000,2e067ef6059178f0,True,scene-0034,5dc7f0a243335fc3567724020c3414349eea52bedac42be1b6d342f662e68e9f,unlabeled_pool,3000
0,UNLABELED,0.75,294.67068807384766,0.014963785807291666,96.76846313476562,1611006,2026-07-29T10:28:59,3,47.31940598156775,0.0034205118815104165,,20260729_102859(0).jpg,4000,3c8e7e7ebd8101c0,True,scene-0034,00e26440bbec64e8a09b7188405deda394e694fea56669e4f6fff317dbe4f931,unlabeled_pool,3000
0,UNLABELED,0.75,149.01060128561065,0.017061869303385418,99.0692990620931,1460340,2026-07-29T10:28:59,3,47.77013405826659,0.002452850341796875,,20260729_102859.jpg,4000,3c8e7e7ebd8101c0,True,scene-0034,ef939bfa57ae3f240399baf9feb0e3ba248d531a064fa08b8c76341a3d66991b,unlabeled_pool,3000
0,UNLABELED,0.75,113.8726702448896,0.018781026204427082,96.2959213256836,1454061,2026-07-29T10:29:00,3,48.28918711250634,0.015472412109375,,20260729_102900(0).jpg,4000,758e72fe758141c0,True,scene-0034,f871e3eb617b475b665320c7d1b19fa0633c234eb8c8fb1b8b445ff2b6450375,unlabeled_pool,3000
0,UNLABELED,0.75,157.68732764494138,0.014987945556640625,95.32220840454102,1569683,2026-07-29T10:29:00,3,47.4812543186211,0.010163625081380209,,20260729_102900.jpg,4000,3c8e7efead8101c0,True,scene-0034,50fd640825ea49a4fa83ee32c3ae8411b2044095f74ce0bb10685198db9613c9,unlabeled_pool,3000
0,UNLABELED,0.75,92.94388809789807,0.015200297037760416,88.871763865153,1402050,2026-07-29T10:29:01,3,47.30558320488689,0.017252604166666668,,20260729_102901.jpg,4000,77760e8301e978b8,True,scene-0034,116b3aefa18531f88990e7052db0157cec5d291f0518ae31fef9e166ae25bb41,unlabeled_pool,3000
0,UNLABELED,0.75,186.3667424220798,0.014794667561848959,90.7604866027832,1495081,2026-07-29T10:29:02,3,50.01021921651218,0.005353291829427083,,20260729_102902(0).jpg,4000,677c820761d178f8,True,scene-0034,7bff2d42da0c14acdaf538d64ceb8434a9f6193f4bb1e72e53c37a828547d06d,unlabeled_pool,3000
0,UNLABELED,0.75,189.37155185868644,0.014672597249348959,90.89698028564453,1493234,2026-07-29T10:29:02,3,50.0573259877749,0.005435943603515625,,20260729_102902(1).jpg,4000,4f7c8a0fc15170f8,True,scene-0034,47870b72a014aebb24b0526bfefe7de4a98354202b43b22b1c65c73ac50e709e,unlabeled_pool,3000
0,UNLABELED,0.75,153.6471182587541,0.014486948649088541,91.02145004272461,1465233,2026-07-29T10:29:02,3,49.293241996357516,0.003986358642578125,,20260729_102902.jpg,4000,77768203c1f938b8,True,scene-0034,de32bbe63cbe5799158cc03c68b8536db44a2e55e5324094571596ac8a231f3c,unlabeled_pool,3000
0,UNLABELED,0.75,173.94563927101592,0.0147705078125,92.0504633585612,1459842,2026-07-29T10:29:03,3,49.8796989160075,0.005260467529296875,,20260729_102903(0).jpg,4000,0e7cba3f41c170f0,True,scene-0034,fc7a2ebfc25bd45eff5ed1af709fa49f05ae896c3cf2c12398a351d6c1007fc6,unlabeled_pool,3000
0,UNLABELED,0.75,170.4108648601284,0.014957427978515625,93.18810526529948,1476725,2026-07-29T10:29:03,3,49.8740173754464,0.004816691080729167,,20260729_102903(1).jpg,4000,0e7cbabf418170f0,True,scene-0034,ac7e75e20cb45d47a86577cf93554a602737b5928ea642bee391311fb5726b7d,unlabeled_pool,3000
0,UNLABELED,0.75,189.58345030703458,0.014751434326171875,90.93601989746094,1493033,2026-07-29T10:29:03,3,50.06449538538065,0.005283355712890625,,20260729_102903.jpg,4000,4f7c8a0fc15170f8,True,scene-0034,91cbf434201b0ba2f5e40af9eb46992fff730d15b221ec33f8c82c4cae0f1bd3,unlabeled_pool,3000
0,UNLABELED,0.75,170.4697373637464,0.015289306640625,94.90434265136719,1537915,2026-07-29T10:29:04,3,49.78248708498441,0.005254109700520833,,20260729_102904(0).jpg,4000,0e7cfaff418140f0,True,scene-0034,02df321a3f1312d093565929daa036c3c89c4d1b85fa34136976774b83cf08ba,unlabeled_pool,3000
0,UNLABELED,0.75,167.68328687994742,0.015850067138671875,95.56433741251628,1545033,2026-07-29T10:29:04,3,50.12932162432703,0.004917144775390625,,20260729_102904(1).jpg,4000,0e7c7aff418141f0,True,scene-0034,929646aa39565b9dc2cddc01f8e6413ccfbd56525c5d6b8ce2c7e91550c7c675,unlabeled_pool,3000
0,UNLABELED,0.75,168.40704781313738,0.016145070393880207,96.00117492675781,1566113,2026-07-29T10:29:04,3,50.63271660303836,0.00469207763671875,,20260729_102904(2).jpg,4000,0e7c7aff418141f0,True,scene-0034,94d1af8c3f615a8b714cd87fb5016a3466b72393f738cf6c6f04139828fa8ad4,unlabeled_pool,3000
0,UNLABELED,0.75,167.358469379702,0.015045166015625,94.00981903076172,1508007,2026-07-29T10:29:04,3,49.77625784502005,0.005029042561848958,,20260729_102904.jpg,4000,0e7cbaff418150f0,True,scene-0034,fcf4433893cbbcd873012f492baa1363f659581c115ba71d8e15d557197a9584,unlabeled_pool,3000
0,UNLABELED,0.75,163.08917032329524,0.015755971272786457,96.96057764689128,1574835,2026-07-29T10:29:05,3,50.58279946715876,0.004927317301432292,,20260729_102905(0).jpg,4000,0ebe7adf058141f0,True,scene-0034,1073a8d155a26cb4996ef0b188ab0b142ecdd722020da703fd1543116c21fc13,unlabeled_pool,3000
0,UNLABELED,0.75,177.3792435701455,0.015697479248046875,98.03969065348308,1598989,2026-07-29T10:29:05,3,50.39777826801231,0.004713694254557292,,20260729_102905(1).jpg,4000,0eae7adf858141f0,True,scene-0034,c3db123a056f0d993a237657a2e02efdbfb0d630614ccbc643e50047a5242543,unlabeled_pool,3000
0,UNLABELED,0.75,155.62079989036854,0.015577952067057291,95.22281646728516,1576146,2026-07-29T10:29:05,3,50.5357512507531,0.005513509114583333,,20260729_102905.jpg,4000,0f7e7adf418140f0,True,scene-0034,b93410fabc4a550b41f2ad71ce2657895ecd36db2ffb2b96487b4451738c2e36,unlabeled_pool,3000
0,UNLABELED,0.75,146.94314758450977,0.014615376790364584,94.91638692220052,1588618,2026-07-29T10:29:06,3,48.899901072844216,0.006603240966796875,,20260729_102906(0).jpg,4000,46ae3ac7859170f8,True,scene-0034,b50a483b6082c351ebcc3105a5c0951efeddf45a0bb928a3c6de0e1b7e3a5309,unlabeled_pool,3000
0,UNLABELED,0.75,140.82769591655565,0.014308929443359375,92.67068481445312,1588874,2026-07-29T10:29:06,3,48.4940747267635,0.009098052978515625,,20260729_102906(1).jpg,4000,66c60aa3c5d178f8,True,scene-0034,9a8327ab72c4b7daf77771923324d4466c5b902f4e35db1e5e1ae58da2a1701c,unlabeled_pool,3000
0,UNLABELED,0.75,147.03942107449984,0.014186859130859375,90.48748143513997,1598758,2026-07-29T10:29:06,3,48.23493979108703,0.009951273600260416,,20260729_102906(2).jpg,4000,77560e8341f938b8,True,scene-0034,17c5759928975e395db359910c0b930c3c364fcf5ca757ae41504315d07b059f,unlabeled_pool,3000
0,UNLABELED,0.75,156.77817811789618,0.01490020751953125,96.43497848510742,1564875,2026-07-29T10:29:06,3,49.26977086873822,0.00595855712890625,,20260729_102906.jpg,4000,4eae78cf8d8141f0,True,scene-0034,90cc6b72dea060840ceabdfdae50763a9b08e7914947293e2068ce1fa9b72f86,unlabeled_pool,3000
0,UNLABELED,0.75,138.50471963199865,0.014626820882161459,91.85697555541992,1576450,2026-07-29T10:29:07,3,48.78919544150416,0.009197235107421875,,20260729_102907(0).jpg,4000,7776068161f938b8,True,scene-0034,0317150669838a2e198b174c89bd180b821b955eb2cc10b810783c21cb2ae3b7,unlabeled_pool,3000
0,UNLABELED,0.75,154.50938894535003,0.014769236246744791,92.27302932739258,1647483,2026-07-29T10:29:07,3,48.58507978004864,0.007106781005859375,,20260729_102907(1).jpg,4000,7f660e0161f938b8,True,scene-0034,49653fde3f69590fee49bd4805f467b8513f30f689079365ab527cf1fa04f143,unlabeled_pool,3000
0,UNLABELED,0.75,155.40870022493706,0.01389312744140625,89.45865631103516,1577233,2026-07-29T10:29:07,3,48.05891646184222,0.010613759358723959,,20260729_102907.jpg,4000,77760e8141f938b8,True,scene-0034,4f605462fd7f154c793b873ad267af5fb26a0d67546a0abab859a58e760192e9,unlabeled_pool,3000
0,UNLABELED,0.75,166.56301343005748,0.01416015625,91.1330337524414,1664956,2026-07-29T10:29:08,3,48.282000900967404,0.004933675130208333,,20260729_102908(0).jpg,4000,7f66ca0161f838b8,True,scene-0034,93b58e179e8da119410853a022ebb836145a8248efca5ac8f8d1de4b7c2632c4,unlabeled_pool,3000
0,UNLABELED,0.75,173.2641560602675,0.013805389404296875,89.76303100585938,1651937,2026-07-29T10:29:08,3,48.00228312755744,0.004571278889973958,,20260729_102908(1).jpg,4000,7f66c84161f81c9c,True,scene-0034,5a814fd04e050074c52763aae74e5f1deca68eff91b9a1b129600851ca13c663,unlabeled_pool,3000
0,UNLABELED,0.75,163.66233308252257,0.014631907145182291,92.08345540364583,1670093,2026-07-29T10:29:08,3,48.50144212623655,0.005933125813802083,,20260729_102908.jpg,4000,77768a0161f938b8,True,scene-0034,0fc2b87cf0a8b64b3e3865a035430af3ae1a8f488a6f3739f7d1222ecffbf911,unlabeled_pool,3000
0,UNLABELED,0.75,244.07084730678858,0.014836629231770834,94.38671112060547,1609364,2026-07-29T10:29:11,3,49.738911511408915,0.0016632080078125,,20260729_102911.jpg,4000,6e369a8361d178f0,True,scene-0034,902e81b0fd3ab0cf5351042764490bfa3647f273837acb5ca5cc742e8a70a4ef,unlabeled_pool,3000
0,UNLABELED,0.75,264.7324713035858,0.014530181884765625,95.11057790120442,1625247,2026-07-29T10:29:12,3,49.21827706148538,0.0023295084635416665,,20260729_102912(0).jpg,4000,6f260e8b23d178f0,True,scene-0034,0c47c0e52247ea50725a52ee453dedaad2204ab667ff0a93d0e36422270e15af,unlabeled_pool,3000
0,UNLABELED,0.75,251.24553152793976,0.014753977457682291,92.43667348225911,1597106,2026-07-29T10:29:12,3,50.00283604796549,0.0037829081217447915,,20260729_102912.jpg,4000,6e369a83e15178f0,True,scene-0034,3c745529e37d17a57b40eac2721d97f3459cf8d807d655a858c803854bcdc433,unlabeled_pool,3000
0,UNLABELED,0.75,234.927797650839,0.014453887939453125,94.55502065022786,1581964,2026-07-29T10:29:13,3,48.6587587828253,0.008242289225260416,,20260729_102913(0).jpg,4000,7f263e8a03c178f0,True,scene-0034,9dc137513977bd403845b856ffbd147561b02544b987d6374c080a66e17b1b7f,unlabeled_pool,3000
0,UNLABELED,0.75,230.73644670346718,0.014303843180338541,94.27274831136067,1574235,2026-07-29T10:29:13,3,48.60499868801398,0.008022308349609375,,20260729_102913.jpg,4000,7f262e8b03c178f0,True,scene-0034,adc825eccba94b434ca284e7daee873b400ef9842c7e081dc8761623ee8fb023,unlabeled_pool,3000
0,UNLABELED,0.75,226.1499671598801,0.017791748046875,96.55513509114583,1650279,2026-07-29T10:29:14,3,49.28058462512515,0.007642110188802083,,20260729_102914(0).jpg,4000,6fe63e8203c178f0,True,scene-0034,ed4df15d4a7fa5dad3986af0eb199b9492937e04c26e2ad15a91003c30ba7de5,unlabeled_pool,3000
0,UNLABELED,0.75,237.91778457845137,0.015743255615234375,95.39992014567058,1569545,2026-07-29T10:29:14,3,48.86520307215234,0.006177266438802083,,20260729_102914.jpg,4000,6fa63e8a03c178f0,True,scene-0034,91d5ee40022d475b854b8674a018c0edcbb829b76e848313fe35736b0aed553a,unlabeled_pool,3000
0,UNLABELED,0.75,136.90711766440023,0.013654073079427084,92.04465103149414,1372163,2026-07-29T10:29:19,3,48.499192130567366,0.010044097900390625,,20260729_102919(0).jpg,4000,2f7ec36101f8389c,True,scene-0035,eb5cfb79cb4176e186607efff6127770221dad4a6e55f3bc05363cbe0cd8ac65,unlabeled_pool,3000
0,UNLABELED,0.75,213.55456036003136,0.016256968180338543,90.32077916463216,1500951,2026-07-29T10:29:19,3,51.61969771993386,0.021962483723958332,,20260729_102919.jpg,4000,7e608b41e1f870f8,True,scene-0035,719ce28ab02d940c881698dc0709acd66482088dfeda3e88490ec2bf857b027c,unlabeled_pool,3000
0,UNLABELED,0.75,193.19427078090496,0.0120849609375,95.75553894042969,1484937,2026-07-29T10:29:20,3,46.47299996327346,0.0035235087076822915,,20260729_102920.jpg,4000,730f38f1789c4cc4,True,scene-0035,845b59a5bc5d743af0925362d76e3d7c7943f648ae655399d476de6e143fb73e,unlabeled_pool,3000
0,UNLABELED,0.75,375.4010125876652,0.015387217203776041,97.66129557291667,2828193,2026-07-29T10:35:21,3,57.65056955783678,0.08148829142252605,,20260729_103521.jpg,4000,2dc1aa1e3e1e09d9,True,scene-0036,969443007562f1d3e7bd6ca4feed5df97fb3fa2408e7239d7052fdec45b9a818,unlabeled_pool,3000
0,UNLABELED,0.75,430.88042490639623,0.006777445475260417,97.51678848266602,2767294,2026-07-29T10:35:22,3,53.13367019023621,0.052548726399739586,,20260729_103522.jpg,4000,0d65803e7e3e0d99,True,scene-0036,b3fbee0fc9fb8a410eb55303630ff89bae92341e5da272731b29fdd41f30c045,unlabeled_pool,3000
0,UNLABELED,0.75,54.92955731827533,0.004482269287109375,102.94898351033528,2757732,2026-07-29T10:35:24,3,52.13107201216804,0.045583089192708336,,20260729_103524.jpg,4000,49fd920dd62529d2,True,scene-0036,528a735ff908095b62cb07cda6bedaf159352911e1440759ab6512b1306bd733,unlabeled_pool,3000
0,UNLABELED,0.75,389.94264893186573,0.013284047444661459,107.08303324381511,2386674,2026-07-29T10:35:27,3,56.84249313309018,0.04332733154296875,,20260729_103527.jpg,4000,1962e22a1fd8c9d9,True,scene-0036,15329a8b7a59a79a9175ca992d3cd22f544434216437f4134e7ef2972a03c58b,unlabeled_pool,3000
0,UNLABELED,0.75,429.3299558932327,0.013688405354817709,108.45981216430664,2426234,2026-07-29T10:35:28,3,56.68086496979799,0.03986231486002604,,20260729_103528.jpg,4000,1d18e22a1fd8c9d9,True,scene-0036,bd56fba0759b648f44bc91bb1566ae77331f9f44d62fc2ba6cd8771daeee1932,unlabeled_pool,3000
0,UNLABELED,0.75,226.85544331827077,0.012200673421223959,107.24371719360352,2245751,2026-07-29T10:35:30,3,56.58112596961992,0.042163848876953125,,20260729_103530.jpg,4000,1d02e62a1fd95999,True,scene-0036,4ecfb60355ffd779401ecc7e638fe9cddf3eac25e16dde6baf4e8028671e59af,unlabeled_pool,3000
3,OWNER_ACCEPTED,0.75,223.75436017371075,0.011122385660807291,102.07858657836914,2223267,2026-07-29T10:35:31,3,60.514748366316226,0.05906804402669271,,20260729_103531(0).jpg,4000,0c8ff2061af57195,True,scene-0036,8cb0d758cb625b415a8bc48a0a042cbbcff773dabbe4ebcfcd9f3d8471a917d0,train,3000
0,UNLABELED,0.75,187.79396027268206,0.017185211181640625,107.00174967447917,2292898,2026-07-29T10:35:31,3,62.71495777436431,0.051212310791015625,,20260729_103531.jpg,4000,0caff20612f57195,True,scene-0036,52b9e4260604faf1dfa3dd8f43bd218253a0568f98bf4847e917934e3e6edd33,unlabeled_pool,3000
0,UNLABELED,0.75,200.81189710388162,0.011145273844401041,103.77649815877278,2213408,2026-07-29T10:35:32,3,60.34159096578301,0.06110382080078125,,20260729_103532.jpg,4000,1ccff0184be53195,True,scene-0036,10caf254e0eeb81528c50813e20cf9814815ba9101b0e624341b5f8af0e43ffd,unlabeled_pool,3000
0,UNLABELED,0.75,228.47394206797694,0.011183420817057291,104.05464680989583,2128050,2026-07-29T10:35:33,3,60.30619417473157,0.05879974365234375,,20260729_103533.jpg,4000,1ccff0185ae53195,True,scene-0036,59fd1ce4aa1a10a3a44c7a8ac29faa536b6653568f13f6242b9e6c3f48228834,unlabeled_pool,3000
0,UNLABELED,0.75,154.28731491240129,0.018765767415364582,102.70259348551433,1911914,2026-07-29T10:35:35,3,65.9289987838707,0.07077789306640625,,20260729_103535(0).jpg,4000,6fa530481f71a5d8,True,scene-0036,6b4f5c053b1c1e6d2cfb2782ca63b93c5106561172786987cd1ac664fbf7adb4,unlabeled_pool,3000
0,UNLABELED,0.75,211.36144245430785,0.02197265625,106.46126556396484,2307453,2026-07-29T10:35:35,3,65.80195456456688,0.044888814290364586,,20260729_103535.jpg,4000,6fa530481f718dd8,True,scene-0036,a774d8c64914765384b89fb9758e36938c702df39f219ece488119a80db79cac,unlabeled_pool,3000
0,UNLABELED,0.75,231.08618131268122,0.011861165364583334,98.47983169555664,2161910,2026-07-29T10:35:36,3,62.62208754528388,0.06495157877604167,,20260729_103536(0).jpg,4000,5fad20181b63ddd0,True,scene-0036,b079860e28812181e31993afd661258be5cca9963fcdfbaa36ca1b82262050b3,unlabeled_pool,3000
0,UNLABELED,0.75,245.08626773828595,0.011887868245442709,97.94036483764648,2102385,2026-07-29T10:35:36,3,62.52535836240776,0.0684814453125,,20260729_103536.jpg,4000,5fad30181b62ddd0,True,scene-0036,4b7d86f1aa5c8b0b37828181e92e7b058d7c7b921c082a2abc71cc39e1c126f6,unlabeled_pool,3000
0,UNLABELED,0.75,182.2387251592639,0.013852437337239584,101.78783289591472,2147358,2026-07-29T10:35:37,3,62.65800957225041,0.061801910400390625,,20260729_103537(0).jpg,4000,59ef24101b63ddd0,True,scene-0036,ca83276a3315faaddaf25178232944fe92139caefa0a49b5b499435df878a8a9,unlabeled_pool,3000
0,UNLABELED,0.75,193.1824389498925,0.012868245442708334,100.03271611531575,2125827,2026-07-29T10:35:37,3,62.94474582825207,0.06679407755533855,,20260729_103537.jpg,4000,5fad20181b63ddd0,True,scene-0036,d7419bb3e4cf95b62a035b466b607c62e412f8371b9cf7af0db4c36f83571cc5,unlabeled_pool,3000
2,OWNER_ACCEPTED,0.75,78.34711675500463,0.029980977376302082,108.00184504191081,2033684,2026-07-29T10:35:40,3,60.016101841663406,0.001861572265625,,20260729_103540(0).jpg,4000,14d2aeb1c2adb4e2,True,scene-0036,f1dfb5dcc131ea74eb3213294015046477ef96ab6e80054d1c20eade96ad0af9,train,3000
0,UNLABELED,0.75,48.94003381237983,0.00213623046875,99.7660649617513,1404097,2026-07-29T10:35:40,3,54.9988145184378,0.012658437093098959,,20260729_103540.jpg,4000,1dc715b9a5475898,True,scene-0036,b7c9c196c5fe046f0e9a700b5d99db1b243af7dcfdf62ab71ba5df0d19ad84be,unlabeled_pool,3000
0,UNLABELED,0.75,316.1834344606597,0.019364674886067707,102.73462168375652,2049765,2026-07-29T10:35:42,3,59.73983400458057,0.04711151123046875,,20260729_103542.jpg,4000,55c57a7a403d3985,True,scene-0036,2658e456ad99e325a6bf14c54634cac2d4ad11af0b732df52b1f7528cc0fa4b4,unlabeled_pool,3000
0,UNLABELED,0.75,399.4822997910023,0.019326527913411457,101.8069216410319,2150367,2026-07-29T10:35:43,3,59.14212264995895,0.046117146809895836,,20260729_103543.jpg,4000,75857a6a003f398d,True,scene-0036,603ef047ee84d42be42cea939eee7191da66506bb6535bdf4c3def7a8e08d06f,unlabeled_pool,3000
0,UNLABELED,0.75,323.7662908265661,0.019318898518880207,101.92800903320312,1998693,2026-07-29T10:35:44,3,58.43964191567519,0.04194768269856771,,20260729_103544.jpg,4000,75857a6a003f398d,True,scene-0036,c5b2044b79595ba11535ed7af884593a3c19aed4a3bc154f7042126909dae171,unlabeled_pool,3000
0,UNLABELED,0.75,356.92223608365595,0.0072479248046875,102.7735824584961,2134941,2026-07-29T10:35:48,3,54.36673944087228,0.04476038614908854,,20260729_103548(0).jpg,4000,11ad6e12f84f9d90,True,scene-0037,c35b7034243311d58021ce7b0d00741c788e1158dc1afed95fb6184820c955bf,unlabeled_pool,3000
0,UNLABELED,0.75,312.38412959004444,0.007284800211588542,100.53476460774739,2088712,2026-07-29T10:35:48,3,54.134849463087306,0.04553858439127604,,20260729_103548.jpg,4000,11ad4612f84f9db1,True,scene-0037,2862abefd886245b78e65bbb3db95eeba19dbccb7524352a6bf1b2e1b1cacb3d,unlabeled_pool,3000
0,UNLABELED,0.75,384.88150196832294,0.007633209228515625,104.25781377156575,2149891,2026-07-29T10:35:49,3,53.33822339787447,0.03627141316731771,,20260729_103549.jpg,4000,10a9ee12f84f9db0,True,scene-0037,9053b5bc90d072ec4140c3f44ba9708c431aa08846cc15a89057020a34345860,unlabeled_pool,3000
0,UNLABELED,0.75,214.13028805762417,0.008266448974609375,105.17429733276367,1951255,2026-07-29T10:35:50,3,52.16399214442478,0.023520151774088543,,20260729_103550.jpg,4000,36f98c36a2193da4,True,scene-0037,73dc9fb4ab0b8a2adbaef1537131eb077ebcea710643a6110345a1428571fe73,unlabeled_pool,3000
0,UNLABELED,0.75,342.33090333993545,0.005334218343098958,105.36691157023112,2172541,2026-07-29T10:35:51,3,51.032850647092296,0.024262746175130207,,20260729_103551(0).jpg,4000,64a3b964863979c5,True,scene-0037,8014ca38752c922b0d110dab1f58e09394047ced4f5722c70a974f902f16d95b,unlabeled_pool,3000
0,UNLABELED,0.75,346.6289853784238,0.005494435628255208,105.22734451293945,2162429,2026-07-29T10:35:51,3,51.25686993768836,0.024768829345703125,,20260729_103551.jpg,4000,64a3b96c823979c5,True,scene-0037,f60d4cd3895a8f6c2a5e09a9c1b6757359e716d92fb1bab199a63111b4de613a,unlabeled_pool,3000
0,UNLABELED,0.75,340.0748784988082,0.00534820556640625,105.54717508951823,2144839,2026-07-29T10:35:52,3,50.492506117106394,0.022733052571614582,,20260729_103552.jpg,4000,64a3b96ca23969c5,True,scene-0037,5b8e6de42e31b59fc33c71be54134352991101ef6a25234528ffc542153b9194,unlabeled_pool,3000
0,UNLABELED,0.75,495.18115067543494,0.027660369873046875,94.07245635986328,2154594,2026-07-29T10:35:54,3,62.654946942096785,0.0794385274251302,,20260729_103554.jpg,4000,148fe6cec88fc48c,True,scene-0037,6b8fbf2236eccdf0a88a8768720337cf80e2f4e0f952b18072f6b6599bd28d58,unlabeled_pool,3000
0,UNLABELED,0.75,487.5833672017846,0.006032307942708333,80.88014094034831,2713662,2026-07-29T10:35:56,3,54.97869001254646,0.11686960856119792,,20260729_103556.jpg,4000,68b6c8f8b1b32cc8,True,scene-0037,a1d3b1de4ed34543de1eaac8f744ae9948fc5f5852de9812b023f4c2376900fd,unlabeled_pool,3000
0,UNLABELED,0.75,78.39695451219767,0.004297892252604167,92.44650522867839,1832003,2026-07-29T10:35:58,3,59.3910570722565,0.07977676391601562,,20260729_103558.jpg,4000,6e481a14d4e59af9,True,scene-0037,7eb9bce5ee0702af36f47b96e0a7241cab7117bcd2c67f31e2786e95a9d51da7,unlabeled_pool,3000
0,UNLABELED,0.75,440.2168795264103,0.004278818766276042,96.70002746582031,2108100,2026-07-29T10:36:01,3,59.49007183429712,0.07446924845377605,,20260729_103601.jpg,4000,3e651b0a14c5bad9,True,scene-0037,3107d7bbeeec8a459d3b6d9f098091ff6f6debc8fd88b5246acb61998dd786cf,unlabeled_pool,3000
0,UNLABELED,0.75,424.4866259415076,0.005123138427734375,97.32074737548828,2084109,2026-07-29T10:36:02,3,59.602014007051814,0.07389450073242188,,20260729_103602(0).jpg,4000,37651b0a14c5bad9,True,scene-0037,3cbba4e6a042ab72d95fb788b009c3bdfdfb73df49a3cefabe923417de279679,unlabeled_pool,3000
0,UNLABELED,0.75,440.8403741134861,0.004899342854817708,97.9097506205241,2095364,2026-07-29T10:36:02,3,59.790803174777096,0.0727068583170573,,20260729_103602.jpg,4000,37651b0a14c5bad9,True,scene-0037,cf15b7ce07345538ddc12ee394729f3203f979035f4267a02036a8b8714527c3,unlabeled_pool,3000
0,UNLABELED,0.75,2007.9529440165434,0.017403920491536457,101.67276382446289,2987852,2026-07-29T10:37:35,3,53.505251939784294,0.0,,20260729_103735.jpg,4000,5900b5b680bec9eb,True,scene-0038,a75226984f0d26179bf9cc2bc5822dfa607258db3c7ee0249b512e98b419a7d5,unlabeled_pool,3000
24,OWNER_ACCEPTED,0.75,2201.6070901360304,0.016981760660807293,101.66888046264648,3085829,2026-07-29T10:37:36,3,53.392155750957876,0.0,,20260729_103736.jpg,4000,5900b5b680bec9eb,True,scene-0038,d1dd863e9fb1186d2e3224921aacf4de99c3144f67829b68752ebc63dbae3fb1,train,3000
0,UNLABELED,0.75,1059.2220199110645,0.017072041829427082,100.37154642740886,2543108,2026-07-29T10:37:38,3,53.48392620184155,0.0,,20260729_103738.jpg,4000,1178a5e4a4da91db,True,scene-0038,84a9a4f3b16a53235510ccb99e0eea585ce0e9c379a72064e724317ce9e2f750,unlabeled_pool,3000
0,UNLABELED,0.75,1141.9965714447437,0.015252431233723959,88.61673355102539,2710702,2026-07-29T10:37:39,3,51.667864273012164,0.0,,20260729_103739.jpg,4000,686dcd4c41d63173,True,scene-0038,b2769d96d1ff3a88d0efac0d2476ecd0829ea673dabb84bcdd1c280c9c4d17da,unlabeled_pool,3000
0,UNLABELED,0.75,1128.202977915758,0.013326009114583334,105.1992785135905,2540939,2026-07-29T10:37:41,3,50.99607891730169,0.0,,20260729_103741(0).jpg,4000,44f14fb10e6403f7,True,scene-0038,6be0b99a5042aafec86c0e65e9392a548fe6031cc2c14449cbbdb4c3d83adb1b,unlabeled_pool,3000
0,UNLABELED,0.75,771.9755100983876,0.0132904052734375,105.02675501505534,2421238,2026-07-29T10:37:41,3,52.23339097971143,0.0,,20260729_103741.jpg,4000,614b0fb1467003ff,True,scene-0038,49659a5a9a76a84c45032af536d407b7b6adda2d37e3425e30a5baf8b43ded84,unlabeled_pool,3000
0,UNLABELED,0.75,1039.2080073395362,0.031918843587239586,106.73978169759114,2691032,2026-07-29T10:37:43,3,53.81726088467893,0.0,,20260729_103743(0).jpg,4000,3f7e429c9188d887,True,scene-0038,bc2e5e43bbf752cac3ff828ebe7b300ea31ab06ec3ffd8969aa18891cc866f48,unlabeled_pool,3000
0,UNLABELED,0.75,363.69242780678724,0.04033025105794271,117.55225372314453,2487320,2026-07-29T10:37:43,3,55.55227571279322,0.0,,20260729_103743.jpg,4000,776ac29c8188e1d7,True,scene-0038,ff11dfd4ba2dac3fe791b905d7d0f0a81f1f62b74426f1be3b3bd4ef76f0ff37,unlabeled_pool,3000
0,UNLABELED,0.75,698.1404548513223,0.031214396158854168,105.63139979044597,2683585,2026-07-29T10:37:44,3,53.58030961344209,0.0,,20260729_103744.jpg,4000,3f3042b4a5d8d8a7,True,scene-0038,a8f85bd2ada0b62d98fe2a2861f1a731bc3555c487ead74bc46463fa4e2ac0d9,unlabeled_pool,3000
0,UNLABELED,0.75,746.7044958686456,0.041325887044270836,100.91196695963542,2494580,2026-07-29T10:37:45,3,56.73982113085979,0.0,,20260729_103745(0).jpg,4000,131f6d291ba4c0db,True,scene-0038,eaf3cbbd2f79241d0e2516857345d403a4c905e3b49965938fd215808f827823,unlabeled_pool,3000
0,UNLABELED,0.75,740.0294945533242,0.039798736572265625,102.08875020345052,2407758,2026-07-29T10:37:45,3,55.86684761159329,0.0,,20260729_103745.jpg,4000,5b45355949a0a2df,True,scene-0038,9c14a83364f68a3bee3dfed0c595dde00ff778e1622344a442d83f87ae3a4b48,unlabeled_pool,3000
0,UNLABELED,0.75,651.8264159913849,0.03860346476236979,97.80175018310547,2536772,2026-07-29T10:37:46,3,58.68696845733514,5.086263020833333e-06,,20260729_103746(0).jpg,4000,465719554798a8e7,True,scene-0038,bae587b5f84501ea13102255acca78b6ffbec8a3e1e04187b82d8efda8071696,unlabeled_pool,3000
0,UNLABELED,0.75,827.319507935238,0.043223063151041664,99.9748306274414,2509565,2026-07-29T10:37:46,3,57.72245719442102,0.0,,20260729_103746.jpg,4000,37775951738880a7,True,scene-0038,d0e2ddeaf137ae2d036d4c9ad4ac3a3cebc3cd557c228828c7588ed39ae07a6d,unlabeled_pool,3000
0,UNLABELED,0.75,389.5079830105727,0.021424611409505207,96.81761678059895,2777912,2026-07-29T10:37:47,3,54.03966057604309,6.230672200520833e-05,,20260729_103747(0).jpg,4000,761c9866b298b8e5,True,scene-0038,fb19f27ee0871c559755475ec7031df5790c628f7f14064dc94a3067ba77ab2c,unlabeled_pool,3000
0,UNLABELED,0.75,814.2466434597335,0.040386199951171875,102.44172541300456,2710846,2026-07-29T10:37:47,3,59.8263975141893,1.2715657552083333e-06,,20260729_103747.jpg,4000,66361916c698b8e7,True,scene-0038,e8172ecba6f22f0c77ecac1dc5876358efa68245c316ee95776419356eb43a5b,unlabeled_pool,3000
0,UNLABELED,0.75,1520.17303939619,0.018431345621744793,99.8462397257487,2986450,2026-07-29T10:37:48,3,53.24457582120866,0.0,,20260729_103748(0).jpg,4000,3bc08eccf0f880cf,True,scene-0038,9c82cffb13c7162ef71ede6792c1157c5ccd6d59a98784836653df324b383060,unlabeled_pool,3000
0,UNLABELED,0.75,692.9203062127722,0.006966908772786458,97.67309824625652,2684886,2026-07-29T10:37:48,3,50.50188770021442,0.0,,20260729_103748.jpg,4000,39c0c7ccb0f881cf,True,scene-0038,088834f0297574aa8c2774b84f2c2442d78d8edb36ab51d0c1aa4fcd33db493a,unlabeled_pool,3000
0,UNLABELED,0.75,1143.5207201928522,0.02057647705078125,96.87625885009766,2759282,2026-07-29T10:37:49,3,54.66224626471621,0.0,,20260729_103749.jpg,4000,738c8e98e0f8c49d,True,scene-0038,dec4401e19f86e8bd961e26e6789a80ffc55319d3bd24162bffd58208ea2f946,unlabeled_pool,3000
0,UNLABELED,0.75,1831.026875616614,0.023286183675130207,97.83991114298503,2981219,2026-07-29T10:37:50,3,54.963681129938095,0.0,,20260729_103750(0).jpg,4000,73989eb0e190c59d,True,scene-0038,2132e56f89917ada3b1b8fb9c0912af52fa7f3cb2cc46b31b9e49acbadc16d6c,unlabeled_pool,3000
0,UNLABELED,0.75,1656.0481796076056,0.024472554524739582,98.35813395182292,2948029,2026-07-29T10:37:50,3,55.39901952195782,0.0,,20260729_103750(1).jpg,4000,63b8beb8c18085bd,True,scene-0038,b8436fa617941a789414e0257597e8b4087329d833e7b2e6121b6b2c19ec0014,unlabeled_pool,3000
0,UNLABELED,0.75,1793.5626806593318,0.022206624348958332,96.30214182535808,3035050,2026-07-29T10:37:50,3,55.058194034281186,0.0,,20260729_103750.jpg,4000,73988e90e1f0c59d,True,scene-0038,b975522f3c26c81be016911f750a47b4efc18dc3e80b2300d97699e05a405fc9,unlabeled_pool,3000
0,UNLABELED,0.75,952.0539487408611,0.021642049153645832,98.61457443237305,2874318,2026-07-29T10:37:51,3,55.50860036788432,1.2715657552083333e-06,,20260729_103751(0).jpg,4000,07c4f8c09787a9f1,True,scene-0038,7d2a16943d897b53b6082e3f3f48be50f1fb1f5b968b8a0364db6fd0add18095,unlabeled_pool,3000
0,UNLABELED,0.75,1044.4442471626664,0.022921244303385418,98.11711502075195,2781970,2026-07-29T10:37:51,3,55.30437455899283,0.0,,20260729_103751.jpg,4000,03e4f8f48382a9f9,True,scene-0038,9999142c0d4b73f4247021076f226a6bec4328acc52d10cb2ddf2aa2858bf19a,unlabeled_pool,3000
0,UNLABELED,0.75,785.7063480961224,0.010550181070963541,93.17039489746094,2756037,2026-07-29T10:37:52,3,54.04911252594651,0.0,,20260729_103752(0).jpg,4000,7f08c0ad77aed081,True,scene-0038,5ec48ebc53b3e1cc4c2321b75aa00ad5f8a91001bc1fc2d5c0de3aadd9b8960d,unlabeled_pool,3000
0,UNLABELED,0.75,948.7319878543349,0.013032277425130209,94.20025634765625,2937409,2026-07-29T10:37:52,3,54.219586591800486,2.5431315104166665e-06,,20260729_103752.jpg,4000,7e80a084feeef881,True,scene-0038,dec2edf66529eceeb059c9ffe78b0f397489587c510a5b7102219dd90a652996,unlabeled_pool,3000
0,UNLABELED,0.75,548.9493461243097,0.015494028727213541,98.40625,2607444,2026-07-29T10:37:53,3,55.80755987513809,0.0,,20260729_103753(0).jpg,4000,7f00a0057fc7fa81,True,scene-0038,68eb971b4932f7da55575d747cac1d743534bc11dc3c4ebae88ab3706298a51c,unlabeled_pool,3000
0,UNLABELED,0.75,541.6564483037156,0.013139088948567709,90.7712516784668,2662216,2026-07-29T10:37:53,3,56.50731519667658,1.2715657552083333e-06,,20260729_103753.jpg,4000,1c00b07d7fc7f881,True,scene-0038,ed8d01f04d1737c6407f717c7adab41981f7d6f5be39762ee5549b96c6912c7a,unlabeled_pool,3000
39,OWNER_ACCEPTED,0.75,789.6771236226826,0.046375274658203125,103.23278935750325,2760178,2026-07-29T10:37:54,3,60.04365470488161,0.0,,20260729_103754(0).jpg,4000,678f8080feeeca81,True,scene-0038,e53c1882b5ac57b85d4694afdfa5cffaf3f7cd8db8f4ccc50b7b56fbe4ad7ff9,train,3000
0,UNLABELED,0.75,609.2702816053969,0.038509368896484375,106.13098526000977,2649760,2026-07-29T10:37:54,3,60.136323811026514,0.0,,20260729_103754.jpg,4000,6f8e8081ffc6ca81,True,scene-0038,4f5b76f5dbc4fefba7a5fc22885ba90241c08c46cbea900f8f61c171eba5a19b,unlabeled_pool,3000
0,UNLABELED,0.75,953.0740533880827,0.05680084228515625,103.96042378743489,2812242,2026-07-29T10:37:55,3,62.34580562435976,2.5431315104166665e-06,,20260729_103755(0).jpg,4000,22efaa80d4d6d2d4,True,scene-0038,c76dac668aa270b19ac39c5492139afe4d5d1e4cb0f004c1551ad6f02b0323e1,unlabeled_pool,3000
0,UNLABELED,0.75,934.7156786576573,0.058832804361979164,104.88466898600261,2862487,2026-07-29T10:37:55,3,62.66995085379416,6.357828776041667e-06,,20260729_103755(1).jpg,4000,226ffa82d4d494d4,True,scene-0038,24d80b7b5f93ec02092a0a778052e932c1a257a3dea522042a731cd85210df6b,unlabeled_pool,3000
0,UNLABELED,0.75,635.6900514196592,0.04934565226236979,103.44386291503906,2788038,2026-07-29T10:37:55,3,60.804173658195104,1.2715657552083333e-06,,20260729_103755.jpg,4000,63fd8080fcf6c2c4,True,scene-0038,d9a88aa07746f551b40f29671639b443ea188e0d98b003a2d3f1fc50bb6d0f20,unlabeled_pool,3000
0,UNLABELED,0.75,743.8443232897343,0.04843266805013021,97.00387318929036,2652832,2026-07-29T10:37:56,3,61.811131643325496,0.000179290771484375,,20260729_103756(0).jpg,4000,62cd8af2d4c4d4d4,True,scene-0038,3a3f95bc591299c99ea1c11ca45bbe8d930a0d7ec1f484245d742a5f856ebce1,unlabeled_pool,3000
0,UNLABELED,0.75,790.152246915192,0.05464299519856771,100.78107198079427,2671001,2026-07-29T10:37:56,3,63.12892287475501,7.2479248046875e-05,,20260729_103756.jpg,4000,226f7a82d4d4d4d4,True,scene-0038,84ebce24dcf54ea365db2fab3fffab13ae7bd02f368ac4b3c4088501ad4f5d20,unlabeled_pool,3000
0,UNLABELED,0.75,549.6278809468823,0.014856974283854166,91.44686381022136,2698313,2026-07-29T10:37:57,3,55.5672483590913,0.0002619425455729167,,20260729_103757(0).jpg,4000,55f1c0c08ddcd595,True,scene-0038,d0bba024888421bab8ce362bda981dcc595b9e3942c962de475f465d2f9e5b63,unlabeled_pool,3000
0,UNLABELED,0.75,858.7643050783663,0.04134241739908854,96.46582158406575,2797353,2026-07-29T10:37:57,3,60.1139227199576,0.00021616617838541666,,20260729_103757.jpg,4000,059de2f0d494d4d5,True,scene-0038,e2f0439869d332222882f52cbdee63b6b3769ee13aa094d30a5f4d13980f0192,unlabeled_pool,3000
0,UNLABELED,0.75,457.7906796882292,0.011839548746744791,91.88555272420247,2651555,2026-07-29T10:37:58,3,55.365974628483386,2.7974446614583332e-05,,20260729_103758(0).jpg,4000,188816aa3ddcd5d5,True,scene-0038,87873caf6cccb5f2430899d67dba91cc7f4a4d61351a981c6b35a4411c34fa9a,unlabeled_pool,3000
0,UNLABELED,0.75,311.93205002244525,0.0135650634765625,92.25206120808919,2502940,2026-07-29T10:37:58,3,56.737798481599285,2.7974446614583332e-05,,20260729_103758(1).jpg,4000,698a7c8a6992e5c5,True,scene-0038,5eebb83d6c841d70b5092d220fdf99c0a98ef0ad7c9fc64ae54185b788c7976e,unlabeled_pool,3000
0,UNLABELED,0.75,514.4418404116232,0.0038960774739583335,86.83203506469727,2678949,2026-07-29T10:37:58,3,52.67888745041657,0.00022633870442708334,,20260729_103758.jpg,4000,1980528a3ddcb5f5,True,scene-0038,de88281d12f7a36bd3180899b110ab21fc5b87c19509e1fa812f6827d2b8fdca,unlabeled_pool,3000
0,UNLABELED,0.75,540.8190950662816,0.020904541015625,95.82134119669597,2858980,2026-07-29T10:37:59,3,59.99305223825231,0.00011444091796875,,20260729_103759(0).jpg,4000,14a5c92389b68db7,True,scene-0038,e229a426489d5c711e4dcd94c4ae6c42a2695915c551fdfaf0d28ddd93d6ef71,unlabeled_pool,3000
0,UNLABELED,0.75,329.846103072475,0.016658782958984375,94.62866719563802,2557463,2026-07-29T10:37:59,3,58.75493671885304,4.7047932942708336e-05,,20260729_103759.jpg,4000,0e37c93301b68d3b,True,scene-0038,089a149ae04329b05429c5b104f6dbacbc341ddc454980729da304bc806fb163,unlabeled_pool,3000
0,UNLABELED,0.75,367.92025883083016,0.020030975341796875,95.42124684651692,2664202,2026-07-29T10:38:00,3,59.22526038627437,5.340576171875e-05,,20260729_103800(0).jpg,4000,2485915789e68df5,True,scene-0038,1d0e26b4e7a99702e25c558796135703777fb67a05e7c37964a15ff5ea22d87e,unlabeled_pool,3000
0,UNLABELED,0.75,285.2271864394019,0.019509633382161457,90.59188715616862,2569638,2026-07-29T10:38:00,3,57.45743524450377,0.0001068115234375,,20260729_103800(1).jpg,4000,4695229d48e4f976,True,scene-0038,f11ee95fef6edd9c9de3c59fecebf2409b20c4484a094a0842e0e14c4be7fd73,unlabeled_pool,3000
0,UNLABELED,0.75,895.0108337795294,0.022226969401041668,95.82460149129231,2712558,2026-07-29T10:38:00,3,59.83991594194249,1.52587890625e-05,,20260729_103800.jpg,4000,3c85c90781b68db7,True,scene-0038,2225a7f67c626276fc7ba582347f312d8ebbc5151077d1506827d0308eb42b38,unlabeled_pool,3000
0,UNLABELED,0.75,510.65114651335654,0.0214385986328125,87.89534505208333,2625782,2026-07-29T10:38:01,3,57.33381488301181,0.001194000244140625,,20260729_103801(0).jpg,4000,1ce35ee91a9c3305,True,scene-0038,347bb59f870703add858077569a98230f5acab4111378b1e3748ccbc4689d5a4,unlabeled_pool,3000
0,UNLABELED,0.75,318.6017719941768,0.01952362060546875,86.97096761067708,2442127,2026-07-29T10:38:01,3,56.16990152507694,0.0016415913899739583,,20260729_103801(1).jpg,4000,1ce71ee91a9c130d,True,scene-0038,b49825ff6efc92972eccad39b0375a1cbfa1f5b29aa4502cc1f8a278cdc81bba,unlabeled_pool,3000
0,UNLABELED,0.75,155.2494567907012,0.019231160481770832,88.40891774495442,1601170,2026-07-29T10:38:01,3,55.969737297457016,0.0004475911458333333,,20260729_103801(2).jpg,4000,788b3c8952f9037c,True,scene-0038,a5ed98a9b92eac469328142b2f0246a5700807b8131ca1a6a2ebcd8116018395,unlabeled_pool,3000
0,UNLABELED,0.75,501.32546329556357,0.020974477132161457,87.63325373331706,2710768,2026-07-29T10:38:01,3,57.693631797077025,0.0017153422037760417,,20260729_103801.jpg,4000,0eb746b90acc7b44,True,scene-0038,714582764bc561d8173243408be08e420a4aadd069d882035c1a6ad4392236a7,unlabeled_pool,3000
0,UNLABELED,0.75,218.9306181866882,0.015476226806640625,82.17404683430989,1732069,2026-07-29T10:38:02,3,55.4418214826355,0.005738576253255208,,20260729_103802(0).jpg,4000,15fa04fb26816e35,True,scene-0038,72d22264a76070658fb9de93e2779da5f9597a063f0784b60a1a6f4d8c7ebde5,unlabeled_pool,3000
0,UNLABELED,0.75,100.70742159419588,0.014614105224609375,83.48835754394531,1553639,2026-07-29T10:38:02,3,56.3286818749209,0.012137095133463541,,20260729_103802(2).jpg,4000,25d30dcf6e895e01,True,scene-0038,9f9757a8b16cf21150edb747c7619b26e16da228f0c9765935650f19404d02ac,unlabeled_pool,3000
0,UNLABELED,0.75,115.37633169321958,0.017759958902994793,84.17139561971028,1580131,2026-07-29T10:38:02,3,55.53587490537821,0.0036379496256510415,,20260729_103802.jpg,4000,50bb54ab26e12e55,True,scene-0038,f0081f67513ab591bd34f58c4f68b9fbc24a0c4144100534d96c283443a7ab78,unlabeled_pool,3000
22,OWNER_ACCEPTED,0.75,188.86378940830605,0.005023956298828125,84.36345926920573,1946554,2026-07-29T10:38:03,3,54.63295585205937,0.008959452311197916,,20260729_103803(0).jpg,4000,282f222b9ec9b669,True,scene-0038,97a64c1e44793717e94d433a68c5f32f8ed8ea4daf55b2d366df345a65674b59,train,3000
0,UNLABELED,0.75,115.3104578659598,0.009385426839192709,81.28712336222331,1572663,2026-07-29T10:38:03,3,56.11172880894592,0.020056406656901043,,20260729_103803.jpg,4000,6d821d8f4cd91669,True,scene-0038,b3bba87cf1a901020575329d0861e5fbb0567826f54a457b00f3d34307fd9abc,unlabeled_pool,3000
0,UNLABELED,0.75,736.6202359885598,0.012269337972005209,83.06896845499675,2642810,2026-07-29T10:38:04,3,56.34497572493869,0.012682596842447916,,20260729_103804(0).jpg,4000,24a720294efdd669,True,scene-0038,2f5f4c0baefdb592ea8a08825ad72cee700f28afd75a34edbe56f74a82467f68,unlabeled_pool,3000
0,UNLABELED,0.75,371.7826928841726,0.011239369710286459,82.34367116292317,2672911,2026-07-29T10:38:04,3,55.442466156390836,0.0191192626953125,,20260729_103804.jpg,4000,282f402b1ed9d679,True,scene-0038,81ca44d27fa5d9d8d582cc6e0be1a448e7a589ebd68ca19c42a8e7ad23191d28,unlabeled_pool,3000
0,UNLABELED,0.75,987.9741544007169,0.010340372721354166,87.88054021199544,2763389,2026-07-29T10:38:05,3,55.785726280216565,0.0037905375162760415,,20260729_103805(0).jpg,4000,1827a221c6edd66d,True,scene-0038,c87d9a9d330afa241c739543b700f5616870a49653d16b59a7cc1f7a6b4d9bfb,unlabeled_pool,3000
0,UNLABELED,0.75,345.38048875424846,0.007021586100260417,87.5093485514323,2425274,2026-07-29T10:38:05,3,55.56033904877154,0.003192901611328125,,20260729_103805.jpg,4000,1827a229c6edd26d,True,scene-0038,dc8c81b973c6e7d82fd0b38d7c513d5af597271879d09be8c331e724079da8e4,unlabeled_pool,3000
19,OWNER_ACCEPTED,0.75,852.2296714908686,0.01059722900390625,87.83867009480794,2708417,2026-07-29T10:38:06,3,55.60710451978861,0.0025850931803385415,,20260729_103806.jpg,4000,183da62106ed9e6d,True,scene-0038,6582de375106ceac066108ff441d2cc08a77e0d76874f084979d8c72e1fee128,train,3000
0,UNLABELED,0.75,338.28660074724274,0.022631327311197918,89.82992299397786,3341016,2026-07-29T10:38:09,3,58.31068158104738,0.0022252400716145835,,20260729_103809.jpg,4080,049b557b26c1ef05,True,scene-0038,f6dc15efb951b47e52e8a8f759303cbe25d0104fe035cdf7c3729330fb07fe54,unlabeled_pool,3060
0,UNLABELED,0.75,1702.1960346057638,0.019002278645833332,86.59424718221028,4251947,2026-07-29T10:38:10,3,56.7363267521972,0.004903157552083333,,20260729_103810.jpg,4080,7348d7a97225870d,True,scene-0038,41ba99e0ae96de532fa634ec694b665c842129ce20b0378b540a83d53531164e,unlabeled_pool,3060
0,UNLABELED,0.75,1407.8861653268493,0.021626790364583332,97.47799555460612,4120151,2026-07-29T10:38:12,3,58.266917043388084,0.0009663899739583334,,20260729_103812.jpg,4080,0631d0d5d8658f9d,True,scene-0038,e7f905665412029a5b1e924b670ea540cd5b819b3116bbbe30219f2a26b629cb,unlabeled_pool,3060
0,UNLABELED,0.75,1051.714467210991,0.014316558837890625,94.39516830444336,3963842,2026-07-29T10:38:14,3,55.164335065519204,0.0013987223307291667,,20260729_103814.jpg,4080,5c478094c24adffc,True,scene-0038,7efced5e9c58d1ba1509f16162216da6cf0af550ccd138a08335496b53e788ef,unlabeled_pool,3060
27,OWNER_ACCEPTED,0.75,1369.8926294075256,0.020549774169921875,96.99419275919597,4127540,2026-07-29T10:38:16,3,58.467409847887005,0.0010528564453125,,20260729_103816.jpg,4080,401dc4e8d7dad5c4,True,scene-0038,e4ec20af8556547bca19538ed85a5b3fd027bbcd6ff4e2b919259afdac3b3dc6,train,3060
37,OWNER_ACCEPTED,0.75,813.5636118774987,0.017321268717447918,95.82055918375652,3804671,2026-07-29T10:38:17,3,57.26837553692262,0.0010821024576822917,,20260729_103817.jpg,4080,523dc8c28f50d5d5,True,scene-0038,62bccf86c6a07e0560a43a29eb5124e6d43a3f6e71d2537f897451e8eab348c8,train,3060
0,UNLABELED,0.75,2194.5311506876,0.015291849772135416,90.30685424804688,4560684,2026-07-29T10:38:19,3,56.06118671868304,0.001667022705078125,,20260729_103819.jpg,4080,50e5cac2ac70cdd5,True,scene-0038,f920b56e6f587202eab38afa3b1bac02d9010dc51f8286fc5ee5c1c16a4bc799,unlabeled_pool,3060
0,UNLABELED,0.75,2008.2730382274215,0.015612284342447916,81.5690066019694,4277265,2026-07-29T10:38:23,3,56.29243700714859,0.029942830403645832,,20260729_103823.jpg,4080,1271ad7700d79857,True,scene-0039,7803c57708ede65a8de55c7ada9ccd93a6aad2bb7ed46c30e193c4c302a93208,unlabeled_pool,3060
0,UNLABELED,0.75,1526.392314216003,0.017991383870442707,89.1597162882487,4187277,2026-07-29T10:38:26,3,58.26529525183025,0.005980173746744792,,20260729_103826.jpg,4080,4c8f70b38ac3b945,True,scene-0039,2f16fd1ae6f4ffa3fdd76363dbfb74b5f8392c1ceeb28352b8b4ca00f30645cc,unlabeled_pool,3060
0,UNLABELED,0.75,749.40719787462,0.016749064127604168,87.23436101277669,3831136,2026-07-29T10:38:27,3,57.72458661063245,0.009601593017578125,,20260729_103827.jpg,4080,4cbf30f34ac7a144,True,scene-0039,d8dfed0e4f8a9e712054911d27c33e7c1dc77e892c9090a438a15d7a7d015288,unlabeled_pool,3060
0,UNLABELED,0.75,1854.611851429249,0.02256011962890625,92.0901247660319,4343528,2026-07-29T10:38:28,3,59.07572329044583,0.0039011637369791665,,20260729_103828.jpg,4080,2c9fb0b38a86b1e4,True,scene-0039,485522b01cc047bd5874de769748cc5b6575a88e552e71e8e844388e1deb0df0,unlabeled_pool,3060
0,UNLABELED,0.75,1663.3207624532497,0.014560699462890625,88.07791646321614,4211503,2026-07-29T10:38:29,3,57.225676916395955,0.006268819173177083,,20260729_103829.jpg,4080,4dbf30b308c6b1c5,True,scene-0039,d0d332ad20200c48dde979f8f006c13ba31282a82aacf7e10217a117307086bd,unlabeled_pool,3060
0,UNLABELED,0.75,1588.5997247767161,0.013596852620442709,88.791077931722,4218899,2026-07-29T10:38:30,3,56.859216985730974,0.004107157389322917,,20260729_103830.jpg,4080,459f10938ac6f1d5,True,scene-0039,45420f87366fdd87c321591ad4b22c4c0fc00bdd1a50f4600108f936a9bcd991,unlabeled_pool,3060
0,UNLABELED,0.75,1218.712876333697,0.01277923583984375,88.09567260742188,3960399,2026-07-29T10:38:31,3,56.62281993397595,0.004444122314453125,,20260729_103831.jpg,4080,4e9e509348c2f5d5,True,scene-0039,73efbd8dcac1cd29f152b78ff71be2ea8a2ea2bfb6ea8bb47222b0e3b421665a,unlabeled_pool,3060
0,UNLABELED,0.75,889.1328094734085,0.00998687744140625,82.16689046223958,3740345,2026-07-29T10:38:34,3,55.28160585854949,0.012662251790364584,,20260729_103834.jpg,4080,30e012fc39a6f665,True,scene-0039,858f71270b54e711a4f304ac95739b9219904e8ce63063258bd1e3659a812def,unlabeled_pool,3060
0,UNLABELED,0.75,1973.5002841601508,0.020219167073567707,91.40281804402669,4453357,2026-07-29T10:38:35,3,58.5266721590018,0.005118052164713542,,20260729_103835.jpg,4080,1ba58091b937b4e5,True,scene-0039,29ed21b045ebc0bb6747ee049078f18c7ddc9ec3b5ca1ed1f523394f43550490,unlabeled_pool,3060
0,UNLABELED,0.75,1824.3933691930306,0.021246592203776043,94.95862579345703,4357702,2026-07-29T10:38:36,3,60.070975008569725,0.00827789306640625,,20260729_103836.jpg,4080,163cac97a92aa4ad,True,scene-0039,4a5ddda545796526ff9e79a9512a719b25fc446f62d422f6597a7678df8375fe,unlabeled_pool,3060
0,UNLABELED,0.75,1016.4943722539201,0.021699269612630207,95.69014358520508,3976323,2026-07-29T10:38:37,3,60.5295324717438,0.008436838785807291,,20260729_103837.jpg,4080,063fac83a92ba4ad,True,scene-0039,5c47af402ae4f38c95829630fbf9821144315c231d4b8929c74e64e3605d9b17,unlabeled_pool,3060
0,UNLABELED,0.75,1483.7353592247944,0.022656758626302082,96.20818837483723,4253619,2026-07-29T10:38:38,3,60.267027860203434,0.005315144856770833,,20260729_103838.jpg,4080,2627ac07a9aba4cd,True,scene-0039,e311f76a580e994de5d7177f02141bde2def830cef11d07e4e903f19b5193edb,unlabeled_pool,3060
0,UNLABELED,0.75,1260.9476993164405,0.0385284423828125,97.33723322550456,4078409,2026-07-29T10:38:39,3,63.49706849306605,0.0116729736328125,,20260729_103839(0).jpg,4080,0613e817ede984cd,True,scene-0039,6b1b35282c7a56f37bba0114378692c8ad703a42600771127ce12e3a8102d689,unlabeled_pool,3060
0,UNLABELED,0.75,1325.907684089148,0.03575261433919271,98.92168680826823,4143230,2026-07-29T10:38:39,3,62.31373057625267,0.004830678304036458,,20260729_103839.jpg,4080,2e03e813e9aba4cd,True,scene-0039,9c63bf116c1d40d87e3481a7d70c8fef9d1bc675132aa5b1cefa192d69c6c820,unlabeled_pool,3060
0,UNLABELED,0.75,1680.3877102458434,0.014476776123046875,98.49754587809245,3639413,2026-07-29T10:38:48,3,63.7986294963283,0.030606587727864582,,20260729_103848.jpg,4000,233ca82a5b6bc9c9,True,scene-0040,cc3579db9bc38de740ac778a014fe3dcc3222598792296d0b2432ce03503c2e6,unlabeled_pool,3000
0,UNLABELED,0.75,1577.0982621097876,0.014584859212239584,94.0386225382487,3491686,2026-07-29T10:38:49,3,62.090963995205456,0.035135904947916664,,20260729_103849.jpg,4000,2526b92a1b6bc9c9,True,scene-0040,89ae99c8730e42db821171e0ddd32c8f2b2a1f8c98d167f869ac8fb7fb5e2b51,unlabeled_pool,3000
0,UNLABELED,0.75,1494.9394050820001,0.0134735107421875,92.68456268310547,3363720,2026-07-29T10:38:50,3,61.44458525219755,0.03906377156575521,,20260729_103850.jpg,4000,252eb92a1b4b89d9,True,scene-0040,2f87c6a9d3fa19dcbfe9f591c9d47289930bd1e09c47c20485b7e934d502cb97,unlabeled_pool,3000
0,UNLABELED,0.75,1452.1133349511692,0.011842091878255209,92.69130198160808,3365245,2026-07-29T10:38:51,3,61.9803856349591,0.03912226359049479,,20260729_103851.jpg,4000,6b28f92a1b4a89d9,True,scene-0040,3376fa26839c1378f0c5a97a6af96f10a96b18e7d6e7ad748d009b1a76af9d7a,unlabeled_pool,3000
0,UNLABELED,0.75,1532.6039230392005,0.008417765299479166,92.24493408203125,3525108,2026-07-29T10:38:52,3,60.65154953243112,0.024489084879557293,,20260729_103852(0).jpg,4000,456ad15a531bd991,True,scene-0040,1f7a69cdffb0fa92f29e29cad06b4e13904103c145c851942ed991ec30a31766,unlabeled_pool,3000
0,UNLABELED,0.75,1476.7655040677373,0.007320404052734375,88.44873809814453,3403776,2026-07-29T10:38:52,3,59.54098340315584,0.03597259521484375,,20260729_103852.jpg,4000,492af14a539bd991,True,scene-0040,9aba0fcededfedec9e89de679a61e9197fe893023f76f53d5995a8f1b669a9ae,unlabeled_pool,3000
0,UNLABELED,0.75,1832.197972545607,0.00982666015625,92.08131408691406,3658771,2026-07-29T10:38:53,3,60.7327913431811,0.03069305419921875,,20260729_103853.jpg,4000,442af02a7b9bd991,True,scene-0040,515397867051892903889b54248c732bef249b1b01d0f86ab3d67de66390bd21,unlabeled_pool,3000
0,UNLABELED,0.75,1825.5247306806075,0.009493509928385416,91.2781130472819,3674362,2026-07-29T10:38:54,3,60.61787116697076,0.032170613606770836,,20260729_103854.jpg,4000,542af06a5b9bc991,True,scene-0040,3de0eb3acc84ccf003db3094f80005f140f5e9a34659efb2001f097e1d50e016,unlabeled_pool,3000
0,UNLABELED,0.75,1855.2550221878703,0.009722391764322916,90.75160090128581,3707293,2026-07-29T10:38:55,3,60.567912743827165,0.03314336140950521,,20260729_103855.jpg,4000,562a702a599bc9d9,True,scene-0040,83082bd70637d22b65bf056ced971914690666c29a4212b99ac9e0c5f26a4b39,unlabeled_pool,3000
0,UNLABELED,0.75,1660.1570445859695,0.009342193603515625,89.15795516967773,3491461,2026-07-29T10:38:56,3,60.81173756440264,0.037137349446614586,,20260729_103856(0).jpg,4000,3d2a316a2dcbc9c1,True,scene-0040,b654d0019494e1b49382bfca0d65e7ffe8011b5f6b02a1441b9a6246719a87ea,unlabeled_pool,3000
0,UNLABELED,0.75,1853.0808079889393,0.010091145833333334,90.88688278198242,3654975,2026-07-29T10:38:56,3,60.80504926291752,0.03209686279296875,,20260729_103856.jpg,4000,342a312a69dbc9d9,True,scene-0040,f5f212cbc59e62e016ef8233a2e43881d6918ba15f75393eb2f200b1e12e960f,unlabeled_pool,3000
0,UNLABELED,0.75,1555.5739312750845,0.010527292887369791,91.9282341003418,3574555,2026-07-29T10:38:57,3,62.11082926883883,0.02451324462890625,,20260729_103857.jpg,4000,310aa95aedcac9c5,True,scene-0040,66ec21b36a17ea17dd7f82788786b2c4f866a31f16d8d9a93770593873a681f9,unlabeled_pool,3000
0,UNLABELED,0.75,1567.7763900620241,0.010073343912760416,86.2861099243164,3497643,2026-07-29T10:38:58,3,60.61749766017181,0.03495152791341146,,20260729_103858(0).jpg,4000,251aa93249cbd9cd,True,scene-0040,d4137fb08ad11dea1d9e5456a6359aac7bfefe9a09bb95d74209cb7e629d2a5d,unlabeled_pool,3000
0,UNLABELED,0.75,1578.8895287873845,0.011067708333333334,88.63495254516602,3579187,2026-07-29T10:38:58,3,61.02566640132848,0.024145762125651043,,20260729_103858.jpg,4000,310aa91a6dcbd9c5,True,scene-0040,bf6420d7602815edb22eb7a9fc0fcd04e73f94276ba1a990fd5b2dd64f0ee586,unlabeled_pool,3000
0,UNLABELED,0.75,1402.537348611084,0.009091695149739584,85.17319361368816,3437274,2026-07-29T10:38:59,3,60.0816240477277,0.03514226277669271,,20260729_103859.jpg,4000,211ae912c9cbd9cd,True,scene-0040,52fc6687a7f704b24cc4983ed454d2d609959b829b6e18d416280807def8ba6d,unlabeled_pool,3000
0,UNLABELED,0.75,1443.849978059504,0.010740915934244791,87.57122421264648,3592569,2026-07-29T10:39:00,3,61.331860460876925,0.027899424235026043,,20260729_103900.jpg,4000,253ac902c9cbd9cd,True,scene-0040,7b3824ae17b79ddb1c320b951ffc29ff376ab7363f511ad81c4985938ef8e3af,unlabeled_pool,3000
0,UNLABELED,0.75,1317.735384132621,0.008547465006510416,84.64479192097981,3506222,2026-07-29T10:39:01,3,60.959057817536575,0.033571879069010414,,20260729_103901(0).jpg,4000,6d32896689cee18d,True,scene-0040,d11cc47a33943db212fd1fa526738dcb5919ba3cb32c5e5d2e05daebc7d9a24f,unlabeled_pool,3000
0,UNLABELED,0.75,1307.0854703771502,0.009142557779947916,85.93173726399739,3308050,2026-07-29T10:39:01,3,61.064840004564175,0.033170064290364586,,20260729_103901.jpg,4000,6d3ac922c9cac1cd,True,scene-0040,54a989c0e2b8ee761b1a2fc5886394421c4fcbc156e76f4e764e76b10320406d,unlabeled_pool,3000
0,UNLABELED,0.75,1427.6467764117187,0.015018463134765625,89.93729909261067,3255728,2026-07-29T10:39:02,3,61.413103241478964,0.006094614664713542,,20260729_103902.jpg,4000,49b29966d9cec189,True,scene-0040,60954000b3229d1ee15ec0ade7505774af0870bbc99586ba0a51c3ab650b9351,unlabeled_pool,3000
0,UNLABELED,0.75,742.3091280052116,0.017061869303385418,89.45687993367513,2765015,2026-07-29T10:39:05,3,61.56789221221532,0.007686614990234375,,20260729_103905.jpg,4000,19c6e318c3959dd1,True,scene-0040,d78365ac0d119c343b61556c965567e8f45c7d2a1099f8c8207470714a678a06,unlabeled_pool,3000
0,UNLABELED,0.75,969.3850096239602,0.0190277099609375,91.18628819783528,3067441,2026-07-29T10:39:06,3,60.40320931407412,0.0031064351399739585,,20260729_103906.jpg,4000,43bd837093e1b193,True,scene-0040,0c21bb477337746108f76f51fa751750a421a0bdf2d250452d7cc979bdcb54d4,unlabeled_pool,3000
0,UNLABELED,0.75,1041.3097300858283,0.027740478515625,94.40872319539388,3031891,2026-07-29T10:39:07,3,63.09238109141774,0.0038515726725260415,,20260729_103907(0).jpg,4000,1309db11b399b1b3,True,scene-0040,1d6f8d5f192ceb9b91698282b37eb9b12cabfd8c0bae539fdeb4b3d1e04883d1,unlabeled_pool,3000
0,UNLABELED,0.75,899.9100530940659,0.030984242757161457,96.06956990559895,3163711,2026-07-29T10:39:07,3,64.19722373968149,0.00240325927734375,,20260729_103907.jpg,4000,4b449f509be1b193,True,scene-0040,4c5dd7a13fbecd5655651df80ca7fe0b6d35641a526cdc827723543c97cc05f7,unlabeled_pool,3000
0,UNLABELED,0.75,1251.1011455455834,0.028781890869140625,93.4149881998698,3197998,2026-07-29T10:39:08,3,63.083467367822735,0.004319508870442708,,20260729_103908.jpg,4000,0349db11f199b1d3,True,scene-0040,95ab6aa829c6a5b1c31737a4aa812d7e231d3773f14cc388feae9d2595a9cfcf,unlabeled_pool,3000
0,UNLABELED,0.75,959.4067980494564,0.028378804524739582,96.48227818806966,2986839,2026-07-29T10:39:09,3,63.265362820233314,0.0021998087565104165,,20260729_103909(0).jpg,4000,4349db11d39991d3,True,scene-0040,92df65fd1957f18d392e647021d8f69cd7909837b507c7d5271aff34ace82b82,unlabeled_pool,3000
0,UNLABELED,0.75,1176.2260165897437,0.02811431884765625,92.88434219360352,3051001,2026-07-29T10:39:09,3,62.80912752084627,0.005139668782552083,,20260729_103909.jpg,4000,0249db53d199b1d3,True,scene-0040,c23696f57d3915364a7c77f03bef30656c6932b410629960e059071d87e9dc3c,unlabeled_pool,3000
0,UNLABELED,0.75,764.0398355318833,0.030520121256510418,95.70665995279948,2846212,2026-07-29T10:39:10,3,63.96790791402214,0.0032755533854166665,,20260729_103910.jpg,4000,5359db119399a193,True,scene-0040,f5924137571e4a94567d446f9d15e66df36115684a997d218a221c549c2a63e9,unlabeled_pool,3000
0,UNLABELED,0.75,764.5730821031854,0.0283050537109375,91.9643046061198,2824788,2026-07-29T10:39:11,3,62.96353369585107,0.0029818216959635415,,20260729_103911.jpg,4000,565bb20595b39195,True,scene-0040,a9eb93bfdf8b31c3db904b9f52360a24ea7f7a259d65cc05810f8e116812f361,unlabeled_pool,3000
0,UNLABELED,0.75,1283.5863048391545,0.026607513427734375,91.94730122884114,3418928,2026-07-29T10:39:17,3,65.19995856363863,0.020411173502604168,,20260729_103917.jpg,4000,46563b3245b39995,True,scene-0041,c715679729627fed47fe87e017e51ac9c360a41e0ebb94c938999e088ad507fc,unlabeled_pool,3000
0,UNLABELED,0.75,1260.0626523829726,0.01952362060546875,86.73470052083333,3134685,2026-07-29T10:39:18,3,63.61636447739779,0.04195276896158854,,20260729_103918(0).jpg,4000,194e5b3245b39995,True,scene-0041,7f53c6dd4a7a74c1864b997c00de6548c0ebeaab181b1c7638ded869dc05ef63,unlabeled_pool,3000
0,UNLABELED,0.75,1275.8617883318657,0.020960489908854168,88.02056503295898,3135734,2026-07-29T10:39:18,3,64.00750720580288,0.0419158935546875,,20260729_103918.jpg,4000,19c65b3245b39995,True,scene-0041,4e99c03cc9ea5643ed6175c3df7e1a3dfd1b3d3def9ace8d105519658a0a9d2f,unlabeled_pool,3000
0,UNLABELED,0.75,787.662999011472,0.017894744873046875,90.89751561482747,2778030,2026-07-29T10:39:19,3,61.58139570230268,0.0029131571451822915,,20260729_103919(0).jpg,4000,6639b22595bb8195,True,scene-0041,03418507c2f9cfc138ad1410f815eaaead4b407a437c828026b7aaea5fdba14f,unlabeled_pool,3000
0,UNLABELED,0.75,677.0828606753677,0.012805938720703125,85.86695607503255,2964492,2026-07-29T10:39:19,3,61.997832000052775,0.02332305908203125,,20260729_103919.jpg,4000,465f9a3605b39195,True,scene-0041,fd4f8c182fdf9048003a325c5a691ddfa93daa0fa9b15957f2102874f62cc93d,unlabeled_pool,3000
0,UNLABELED,0.75,1031.2941642912647,0.022342681884765625,90.62196095784505,2975019,2026-07-29T10:39:22,3,63.41065001620439,0.011759440104166666,,20260729_103922.jpg,4000,16e3a609b7a3b1a1,True,scene-0041,b7298e2338f326a8946c6cda9a672d6ac5d99bf05c5d775d5ae5d1db1561de79,unlabeled_pool,3000
0,UNLABELED,0.75,709.1951482595506,0.015413920084635416,89.79654693603516,2894134,2026-07-29T10:39:23,3,61.42940502425766,0.010547637939453125,,20260729_103923(0).jpg,4000,4683ea1db593b1a8,True,scene-0041,6c3f4e911ee6d3812b3a667671ff4d495e6321c8f5d3303b960a771ea57fc8a9,unlabeled_pool,3000
0,UNLABELED,0.75,1048.1742040713605,0.020417531331380207,89.3359375,3069644,2026-07-29T10:39:23,3,62.57115115050088,0.01407623291015625,,20260729_103923.jpg,4000,46c1ae1d959391b5,True,scene-0041,ff695f51e00108fa8595d49d62f4b6596e346c481ef702084590aa46d67c9f4b,unlabeled_pool,3000
0,UNLABELED,0.75,982.9814990981491,0.016770680745442707,90.34694417317708,2977140,2026-07-29T10:39:24,3,61.635234475299676,0.012671152750651041,,20260729_103924.jpg,4000,54a39a29aba7a3e0,True,scene-0041,7e04b86c20f20ec6db7f629fffe545001013494bd374f04bc4771657740d3e40,unlabeled_pool,3000
0,UNLABELED,0.75,1057.3711543778509,0.020371754964192707,91.03291575113933,3087781,2026-07-29T10:39:25,3,62.02625270484989,0.015043894449869791,,20260729_103925(0).jpg,4000,152bba21aba5e389,True,scene-0041,5e866c41ba1ad1c7ef18df5c168772ee9a5b581afd2eb5b17b0840a77a752c9a,unlabeled_pool,3000
0,UNLABELED,0.75,911.1698650214562,0.016554514567057293,90.5818583170573,2959017,2026-07-29T10:39:25,3,61.59155536138654,0.012472788492838541,,20260729_103925.jpg,4000,55a39a31aba7a3a0,True,scene-0041,82d51a92ae646e257d86ef0fb3b1c00bde7c262c9f122412273214f77feae0b5,unlabeled_pool,3000
0,UNLABELED,0.75,902.5669959652909,0.024439493815104168,91.66539764404297,2951649,2026-07-29T10:39:26,3,62.353150664012524,0.00920867919921875,,20260729_103926(0).jpg,4000,542f9a31a995b1c9,True,scene-0041,c1bd5d383c1ab39cd8e6e5205b53eb814c7ccb92829bc263abadd6d69fbe9a37,unlabeled_pool,3000
0,UNLABELED,0.75,962.0432359480765,0.023380279541015625,91.29242579142253,3029843,2026-07-29T10:39:26,3,62.32950048134056,0.011979420979817709,,20260729_103926.jpg,4000,15abba21abb5a381,True,scene-0041,fc953cef0f5240e066815576505bbae6c6379d5834f0b21f84e169fb2955ced6,unlabeled_pool,3000
0,UNLABELED,0.75,842.904098762469,0.017542521158854168,95.23696772257487,2911443,2026-07-29T10:39:27,3,61.002933722778295,0.0034612019856770835,,20260729_103927(0).jpg,4000,152bbe21aba5e191,True,scene-0041,012527931755dd15fe61e69adc1e64cd95eff74e427b7bd6fdd907a4bc3d316d,unlabeled_pool,3000
0,UNLABELED,0.75,896.3795187687434,0.027131398518880207,92.82829920450847,2982425,2026-07-29T10:39:27,3,63.16313102513031,0.00853729248046875,,20260729_103927.jpg,4000,542f9a31a995b1c9,True,scene-0041,5d0cc66baf3a5b33f41296a7dd40ece1c60a98a72948d931ebf38458f3b829a8,unlabeled_pool,3000
0,UNLABELED,0.75,539.2954435211917,0.023408253987630207,96.13373438517253,2777678,2026-07-29T10:39:28,3,62.86333871375106,0.005388895670572917,,20260729_103928(0).jpg,4000,1067ba318bb5f191,True,scene-0041,3b2e981d164d360999d37ac4b4f722b478f361092371bc0336e7987c362212bb,unlabeled_pool,3000
0,UNLABELED,0.75,887.1184882530875,0.018769582112630207,95.72449111938477,2931824,2026-07-29T10:39:28,3,61.298995233760735,0.0034650166829427085,,20260729_103928.jpg,4000,152bbe21aba5e191,True,scene-0041,b28483eaf5e31fd61c384e8e209099eae487542f8be29198314b665fb1289bed,unlabeled_pool,3000
0,UNLABELED,0.75,1046.3046039614758,0.025689442952473957,93.62349192301433,3493071,2026-07-29T10:39:29,3,64.63730009638769,0.016591389973958332,,20260729_103929(0).jpg,4000,32553e310b9d9599,True,scene-0041,3204144b989e5a5a38191883442ba011b1a0f3c78ffdc489fc61e34d0493b954,unlabeled_pool,3000
0,UNLABELED,0.75,1025.8967852162439,0.021870930989583332,92.14638010660808,3378181,2026-07-29T10:39:29,3,63.368868629811665,0.014801025390625,,20260729_103929.jpg,4000,32553e310bb5b591,True,scene-0041,8f13227163bdf3a4dc3649b8a65cce69ed123d3b2346517e6c488e7bb12d1696,unlabeled_pool,3000
0,UNLABELED,0.75,1092.8232115589324,0.027174631754557293,94.3955815633138,3429494,2026-07-29T10:39:30,3,65.21805447594241,0.017595926920572918,,20260729_103930(0).jpg,4000,02157a354b9dd599,True,scene-0041,7e6cf643b6222409259155dd3917bec7593660361ac0f1972cb032ad0d4edf8a,unlabeled_pool,3000
0,UNLABELED,0.75,1028.7565057237307,0.027895609537760418,95.10727437337239,3426479,2026-07-29T10:39:30,3,65.3262345022777,0.015543619791666666,,20260729_103930.jpg,4000,12553e350b9db591,True,scene-0041,29ca6ac154e3b075e28db595147ece054dbef92bbf67cf59b6a2d091d2ffb071,unlabeled_pool,3000
0,UNLABELED,0.75,1176.109317186402,0.022308349609375,92.44693374633789,3237508,2026-07-29T10:39:31,3,64.26583342031167,0.021807352701822918,,20260729_103931(0).jpg,4000,02555a314b9dd5d9,True,scene-0041,ba5f422ea80ab8d3573d3f877ce8374ed0d7a90b94c84b8b9e132df751e1287a,unlabeled_pool,3000
0,UNLABELED,0.75,1256.6359512503766,0.027083079020182293,95.15315628051758,3355790,2026-07-29T10:39:31,3,65.08583551614464,0.016019185384114582,,20260729_103931.jpg,4000,42555a314b9cd5d9,True,scene-0041,0bfc4d4f905a0dc2056ac14de23685589f95124530e6e888c7e97543ea54e444,unlabeled_pool,3000
0,UNLABELED,0.75,1032.754139547959,0.019552866617838543,91.1009750366211,3591125,2026-07-29T10:39:32,3,63.048369126675404,0.016663869222005207,,20260729_103932(0).jpg,4000,62b952e313b98d91,True,scene-0041,427f6552c600c05368bca4ed2311371f37490d8497fa1bee739106241805cc63,unlabeled_pool,3000
0,UNLABELED,0.75,1147.025022885088,0.019770304361979168,91.1357650756836,3259033,2026-07-29T10:39:32,3,63.16105139436941,0.01868438720703125,,20260729_103932.jpg,4000,123d7a211bbda591,True,scene-0041,05b70264aad978f8903e229672f15384da43d6c6b36f2d37c6a3ce9d73143b18,unlabeled_pool,3000
0,UNLABELED,0.75,1015.8172612568719,0.023579915364583332,94.26579284667969,2889810,2026-07-29T10:39:33,3,62.95913505105521,0.0083770751953125,,20260729_103933(0).jpg,4000,691b52cb92cd9991,True,scene-0041,17d6e78ce3d054e3fb8387ec41581e0dd5a7c254a8ba9c7533a41102b589a62a,unlabeled_pool,3000
0,UNLABELED,0.75,1076.9246112039666,0.023125966389973957,94.3143704732259,2930094,2026-07-29T10:39:33,3,62.67053292103364,0.009625752766927084,,20260729_103933.jpg,4000,6a9b52cb92899d91,True,scene-0041,0bd33ded8d3700668a5c0c7e2cf1f5a707a499a55069ac03238677405f1b8d76,unlabeled_pool,3000
0,UNLABELED,0.75,1183.9878803855172,0.022984822591145832,97.46434783935547,3148607,2026-07-29T10:39:34,3,67.43870018132094,0.011587778727213541,,20260729_103934(0).jpg,4000,6916e913b04d9db1,True,scene-0041,ccf52d277721ab7c38c257789d34f890a890fd8d22682efdbe6cf661b9325703,unlabeled_pool,3000
0,UNLABELED,0.75,1056.0396686063807,0.021902720133463543,94.05683263142903,2962877,2026-07-29T10:39:34,3,63.568761015106865,0.008589426676432291,,20260729_103934.jpg,4000,6912e24b92ed9d91,True,scene-0041,b6f27e2164e556e4b634be48e4c394a33c1b9cc04bcbfdf17bb5a855795994de,unlabeled_pool,3000
0,UNLABELED,0.75,974.5452775126565,0.02640533447265625,98.38158162434895,2834813,2026-07-29T10:39:35,3,63.62160912025784,0.0018895467122395833,,20260729_103935.jpg,4000,193214bb6691b1eb,True,scene-0041,d869b480739532d3f09738353965a70725c934aaba9cbda25f55483829ffd75a,unlabeled_pool,3000
0,UNLABELED,0.75,1035.5063462010562,0.026645660400390625,98.64653650919597,2999105,2026-07-29T10:39:36,3,63.97836477429371,0.0019734700520833335,,20260729_103936.jpg,4000,5833369f2681b1ab,True,scene-0041,e6540fd3cd1651ea257ef9e4f82901230545bba676c1fafb97757cd753488e9b,unlabeled_pool,3000
0,UNLABELED,0.75,625.412530817687,0.0251007080078125,101.09256108601888,3011447,2026-07-29T10:39:37,3,64.44709229580803,0.003803253173828125,,20260729_103937(0).jpg,4000,149304bb6693b1eb,True,scene-0041,8d95a96e4f22e47965fb11efbba307211fae3f2722dd513a072f5a142eebe528,unlabeled_pool,3000
0,UNLABELED,0.75,976.911810043537,0.026791890462239582,98.62611389160156,2982413,2026-07-29T10:39:37,3,64.00191878407,0.0019378662109375,,20260729_103937.jpg,4000,1833369f2681b1eb,True,scene-0041,7993f8d2d708a52c2fa4de2e52a7913b10acfeda6f93363a12175d2fc0b8d896,unlabeled_pool,3000
0,UNLABELED,0.75,817.4798969291782,0.021699269612630207,100.74507904052734,3178552,2026-07-29T10:39:38,3,64.70090613731372,0.022118886311848957,,20260729_103938(0).jpg,4000,60873cc25cc7cbe2,True,scene-0041,0323d0cd0f48a98f8212a9b2105826d29cfab872ae5bc9523a5c6791ee12c2b0,unlabeled_pool,3000
0,UNLABELED,0.75,818.0398520893635,0.019711812337239582,99.59542973836263,3197099,2026-07-29T10:39:38,3,64.737673300147,0.02227783203125,,20260729_103938.jpg,4000,20e71cc31ee7c3a2,True,scene-0041,fbc655ca87a0dc72d39fe011845a3e3aaef52b7f5a0f241c01bc2b7f9f820b34,unlabeled_pool,3000
0,UNLABELED,0.75,927.1461111377358,0.021574656168619793,101.68166478474934,3242959,2026-07-29T10:39:39,3,64.50837188028194,0.031197865804036457,,20260729_103939.jpg,4000,40ae689a748f9fc2,True,scene-0041,4a3f8008e43ed4cc440b27fadc7c30a3ec5a49054916d0bd1e2e3487f1696568,unlabeled_pool,3000
0,UNLABELED,0.75,884.097862301368,0.016733805338541668,99.3933334350586,3130326,2026-07-29T10:39:40,3,63.46803929325059,0.034665425618489586,,20260729_103940.jpg,4000,41ae689a548f9f8a,True,scene-0041,d221188f274368e748bfc44ce9357d4641629b7707e55d7b4b07393e4452bc83,unlabeled_pool,3000
0,UNLABELED,0.75,994.0401039123127,0.011433919270833334,98.80338923136394,3166372,2026-07-29T10:39:41,3,62.16318361255704,0.034200032552083336,,20260729_103941(0).jpg,4000,11dc087604bbf79a,True,scene-0041,ce3e574a89f40429c79eb5faa275121752e55a28aaed41b64d2b39a038911dc7,unlabeled_pool,3000
0,UNLABELED,0.75,501.3530993255103,0.006905873616536458,96.65077082316081,2746502,2026-07-29T10:39:42,3,61.17067015521795,0.04060999552408854,,20260729_103942.jpg,4000,11de08b204bff78a,True,scene-0041,55e0ab1d4f9fdffd651301eb2e07b7a8b778fbb137b590a918859d4e8154694d,unlabeled_pool,3000
0,UNLABELED,0.75,500.9162838089833,0.0119781494140625,97.05055618286133,2947734,2026-07-29T10:39:43,3,63.136961847281114,0.029397328694661457,,20260729_103943(0).jpg,4000,0e7609d6e19793c2,True,scene-0041,6cb747317ed6280dc52694d2275820b9db6c95d0e80b2ea5a83f42c6fbd75afc,unlabeled_pool,3000
0,UNLABELED,0.75,625.3004925152816,0.012416839599609375,95.1083272298177,2973898,2026-07-29T10:39:43,3,62.532716609784565,0.03739802042643229,,20260729_103943.jpg,4000,40ae788a74cf9bc2,True,scene-0041,5a4f1464b7bf3489128ba215c5aed9eaad3501460d415faf897848639a98dd60,unlabeled_pool,3000
46,OWNER_ACCEPTED,0.75,729.8059321306246,0.014069875081380209,94.84106953938802,2980333,2026-07-29T10:39:44,3,62.02836171021227,0.030138651529947918,,20260729_103944(0).jpg,4000,00d6419a60dff3e9,True,scene-0041,901185ed793b2039b15b8111c6c02892e97744eb231dcd4badb7dc3cba49d226,test,3000
0,UNLABELED,0.75,673.8967108791293,0.011732737223307291,95.24705505371094,2954511,2026-07-29T10:39:44,3,62.546139211039126,0.031019846598307293,,20260729_103944.jpg,4000,0ed609926597dbc2,True,scene-0041,f19f08402faaeea8de893037b4c5a15c830cd9a2063495cd22e04d7b7bcd73eb,unlabeled_pool,3000
0,UNLABELED,0.75,776.2166965913688,0.015158335367838541,94.79369990030925,2994758,2026-07-29T10:39:45,3,60.993611680439834,0.026159922281901043,,20260729_103945(0).jpg,4000,01de483b4499fba9,True,scene-0041,109b115a6171a311ed70062adae3bbb1a70064e846cd0ffbe9d0d80ea49b6887,unlabeled_pool,3000
0,UNLABELED,0.75,797.5365549717859,0.015369415283203125,92.85112635294597,3025450,2026-07-29T10:39:45,3,60.692014118637886,0.028973897298177082,,20260729_103945.jpg,4000,01d6493b44b9f3a9,True,scene-0041,2126e50b6658e7bc268ee36296bb64fee115c0fb06aa4593ee623330c4698f6f,unlabeled_pool,3000
0,UNLABELED,0.75,610.7012333643555,0.008561452229817709,90.92414855957031,2811544,2026-07-29T10:39:46,3,60.59521074779261,0.04552586873372396,,20260729_103946(0).jpg,4000,219621e241f3f3ab,True,scene-0041,d50ac7150c039a7cafe1833772aff6c3bb559d4d9db133e6d6a272f43034155a,unlabeled_pool,3000
0,UNLABELED,0.75,709.7294720340665,0.011280059814453125,93.01543807983398,2922652,2026-07-29T10:39:46,3,60.22247138849225,0.029591878255208332,,20260729_103946.jpg,4000,01d609fa40bbf3c9,True,scene-0041,72ec4e0a0a62e52c81b22e1b99b8f952df1ed60928c0aea9c08abba27f93e948,unlabeled_pool,3000
42,OWNER_ACCEPTED,0.75,738.6423370833883,0.007661183675130208,93.52707290649414,2859125,2026-07-29T10:39:47,3,62.78204592894529,0.045749664306640625,,20260729_103947.jpg,4000,1e16e32a89f1b1aa,True,scene-0041,94fce9b882a9fd767caa03ac7a1c898f11b4291ca4808e7dfa8bc2a8085c8222,test,3000
0,UNLABELED,0.75,874.0551739437436,0.009141286214192709,95.12954203287761,3044848,2026-07-29T10:39:48,3,61.825272521658505,0.03480656941731771,,20260729_103948(0).jpg,4000,047e436a3991f5aa,True,scene-0041,4a87f42b03dea5c9540a0db3f2cf06e86224b1b021c2341ae1dda40000cc54a1,unlabeled_pool,3000
0,UNLABELED,0.75,894.5880053139191,0.008672078450520834,94.21348826090495,2992703,2026-07-29T10:39:48,3,63.09516422829379,0.046539306640625,,20260729_103948.jpg,4000,0c16e32a89f9b1ab,True,scene-0041,377c22674f3d59ff519cae9c3ae0f23598b2399395318afab957522b4371a392,unlabeled_pool,3000
0,UNLABELED,0.75,852.6143327080571,0.011130015055338541,96.77928161621094,3070068,2026-07-29T10:39:49,3,62.041235877169164,0.03323237101236979,,20260729_103949(0).jpg,4000,3164271a79d599aa,True,scene-0041,8e8232fce343e940a7ada9cb0150cc7687480db58128639ffc1425b4efc6e03b,unlabeled_pool,3000
0,UNLABELED,0.75,890.5381644558316,0.0109710693359375,96.51371383666992,3112095,2026-07-29T10:39:49,3,61.76510890461697,0.03213628133138021,,20260729_103949.jpg,4000,3974070a79d1d5aa,True,scene-0041,583a2126f77e9327a2d0228790d0a2c927922a826b89ae7c776bd61515f07b96,unlabeled_pool,3000
0,UNLABELED,0.75,998.7223798419168,0.011140187581380209,96.57850138346355,3106485,2026-07-29T10:39:50,3,61.75691795608002,0.03177007039388021,,20260729_103950.jpg,4000,6708677a09d199ab,True,scene-0041,ae75b5f45fbc6be5e088a06b77c9d722ce7e0a65a3624ba0f74e801ebd3e4920,unlabeled_pool,3000
0,UNLABELED,0.75,800.9930375280413,0.013111114501953125,101.64119338989258,3013852,2026-07-29T10:39:51,3,62.293753265446824,0.023852030436197918,,20260729_103951(0).jpg,4000,0750af72a995f18a,True,scene-0041,f55481963e019da24219e25e15533b706c584a87ed0bdc4ddd84b5b31717e5a6,unlabeled_pool,3000
0,UNLABELED,0.75,899.8738639571997,0.011168162027994791,97.80066553751628,3054803,2026-07-29T10:39:51,3,61.8256228805373,0.02768707275390625,,20260729_103951.jpg,4000,67086f7209d1b9aa,True,scene-0041,56cd2a11ca5234a800354c538d9c433868fc121aa13b1cbcf5f4aecc15440afa,unlabeled_pool,3000
0,UNLABELED,0.75,1270.4601935081737,0.01210784912109375,98.22171401977539,3073206,2026-07-29T10:39:52,3,61.16916222755718,0.01233673095703125,,20260729_103952(0).jpg,4000,2652ea2661d5e19b,True,scene-0041,d0dbe05dbc52e26e832d4dc8a2c65d99e84efba2638e62dd6104bdcdc444f006,unlabeled_pool,3000
0,UNLABELED,0.75,1176.7688100845478,0.0150146484375,101.54696782430013,3104194,2026-07-29T10:39:52,3,62.08257239453045,0.009372711181640625,,20260729_103952.jpg,4000,2650ee366995f18a,True,scene-0041,47e074952e287c25b5331505c7e35393c8efe2e2f500f1b8eac141eb2e91212d,unlabeled_pool,3000
21,OWNER_ACCEPTED,0.75,1257.618880998341,0.015366872151692709,98.37418365478516,3032629,2026-07-29T10:39:53,3,61.221978338943714,0.008747100830078125,,20260729_103953(0).jpg,4000,2416f83660ddf18b,True,scene-0041,77245ade03eb2088948e4059ea85ed57ddfb658934ade9a9baa0a325f06fdd1d,test,3000
0,UNLABELED,0.75,1273.017693702505,0.015795389811197918,100.59775670369466,3099169,2026-07-29T10:39:53,3,61.835212328302795,0.009258270263671875,,20260729_103953.jpg,4000,2656e83660d5f18b,True,scene-0041,7e4ae72b702294dbda172b7332c9aa564249ebab17a5befb3375cc570feabbc7,unlabeled_pool,3000
